fips,level,growth,H,cr4,entrant_share,sbir_share,underuse,pop,RICH,GROW,OPP,PRI,PRI_pca
47037,10747393458.275358,0.22114255381928416,3.1640369455530544,0.45146004017163455,0.14874538497298762,0.003214249178747119,-0.32035112325233317,675931.4117647059,0.9464341326689505,0.7319888533285477,0.6968753244056888,0.791766103467729,0.9626865671641791
41051,13460232463.508373,-0.604457137161706,3.4336633651534005,0.3610357234175664,0.04705798851300436,0.007171940099019795,-0.32831053767704055,780194.2941176471,0.9539084397383992,0.5185047843312134,0.7348697186753866,0.7357609809149998,0.973202170963365
51650,17745701229.589603,-0.4126970204512972,3.2358865746122647,0.1567943958340244,0.01824918807274146,0.011508399003646407,-3.2395253845508716,136824.11764705883,0.9607598878853939,0.46918157889727896,0.6501609052216341,0.693367457334769,0.9976255088195387
12009,97741973313.67896,0.39851538542465903,3.1804786143321784,0.4990617974213703,0.009125990296903138,0.005148589219818379,-2.7509575339870813,583353.7647058824,0.9922142634693242,0.5587172762530942,0.5755216443475553,0.7088177280233245,0.9511533242876526
02240,2096342720.117281,0.6731577658880852,2.558648320424486,0.33956268004694623,0.2622314355830513,2.2240873029252242e-4,-5.6044192595819124,6993.235294117647,0.8726253503581439,0.81637256874672,0.5515415758330738,0.7468464983126459,0.9704884667571235
06111,25234777075.977066,-0.01924324365457153,3.389791264177954,0.17838287112612075,0.008861252214479295,0.0165538210138196,-0.8519872851037672,836134.8235294118,0.9682341949548428,0.49157654975260334,0.747430706944877,0.7357471505507743,0.9806648575305291
04027,10608350439.063608,0.13344004118280495,2.4003586055859154,0.4981053635619085,0.038471060203068765,0.003641251279978998,-2.1066387240121234,205875.0588235294,0.9454998442852693,0.6249546809584796,0.5890169210007267,0.7198238154148252,0.9168928086838535
22087,1187034374.1001296,-3.454142156508601,0.8714599721869482,0.8545974253803087,0,0,-2.3078471608573072,42404.41176470588,0.8358766739333541,0.022388059701492536,0.1670300010380982,0.34176491155764827,0.3341248303934871
21019,126759496.56081705,-1.2832625354293192,2.758065374542176,0.3555154044385904,0.015946441747809955,0,0.1286508639636273,48381.35294117647,0.5988788539395827,0.36417407406400315,0.4743070694487699,0.47911999915078524,0.7198100407055631
46009,1601669.1063581102,-0.480308041218505,1.896603154441096,0.7560788142472483,0,0,1.5742144309846005,7001.235294117647,0.10028028651510433,0.19182496607869742,0.43641648499948094,0.2428405791977609,0.16723202170963364
36107,21009784409.703106,-0.0221317879430174,1.6058051171907344,0.9926798005336394,1.590974628641452e-5,8.44864213310566e-5,-4.954284337272333,49269,0.9657427592650265,0.39837193609290045,0.2737464964185612,0.5459537305921628,0.5790366350067843
26145,786813722.8213083,-0.6979930554677907,3.241436224864133,0.3280454493671716,0.027287954069008608,1.9614745174096452e-5,0.4031921781024022,193788.11764705883,0.7957022734350669,0.46188917862862766,0.7378802034672479,0.6651572185103142,0.9009497964721845
46065,284586037.09555906,-0.2930946257483207,3.031885876856009,0.2616553544988982,0.11785742386957752,0.017504697205115723,-2.2228468039364184,17458.058823529413,0.6960448458424167,0.6314406288832753,0.6701962005605729,0.6658938917620882,0.9752374491180461
54039,1500764304.832282,-0.35192748388918105,3.010560579987255,0.4066237469025858,0.03263391165243469,0,-0.3133227749106561,184934.64705882352,0.8533167237620679,0.5244377266518564,0.43236790200352954,0.6033741174724846,0.8202170963364993
21093,10472569112.758392,-0.47723748738269833,2.8832958851203974,0.23262719890474512,0.03589928861664389,6.624593341691582e-6,-3.063920271881884,108448.17647058824,0.9442541264403612,0.5146554982420743,0.5788435586006436,0.6792510610943597,0.9772727272727273
16059,207082449.16834486,1.0266713299179813,2.0519038290577294,0.1773481985942437,0.08381075048491507,0,-3.092723831991006,7964.64705882353,0.6574275926502647,0.7912121166802171,0.34932004567632097,0.5993199183356009,0.7883310719131614
39173,410173968.6234007,1.964599393772259,1.8700717195969752,0.8562677061067686,0.004350155248238192,0.0036773090614760488,0.4445756150265066,129504.35294117648,0.73871068203052,0.6447540037107231,0.6030312467559431,0.6621653108323954,0.5905698778833107
19113,29268566349.892143,0.1271509022315449,2.3233201242452037,0.8471071446259373,0.005665767995921885,0.0021608023360169663,-3.011349666220067,221418.4705882353,0.9719713484895671,0.4961815308590949,0.42105263157894735,0.6297351703092031,0.7974898236092266
08069,7227106205.984474,0.7657525119772828,2.8222903022729753,0.3799617139006962,0.035896223200931394,0.02402605751494864,-0.9830729730443845,335639.76470588235,0.932108377452507,0.6944410077504625,0.708605834111907,0.7783850731049587,0.9535278154681139
16043,46936782.57356537,1.8255503018681356,1.610014107400051,0.7114049030174664,0.007173373193105786,0,-0.8324881052629347,13298.764705882353,0.4521955777016506,0.6630406901546195,0.30177514792899407,0.4723371385950881,0.40637720488466755
47157,27478840165.99292,-0.9251036600725264,2.613148868377384,0.6468111069204578,0.02252635254231521,0.001320425913857566,-0.7773348786211309,929272,0.970725630644659,0.4231298417730984,0.5924426450742241,0.6620993724973272,0.8710990502035278
26099,63684555564.2931,-0.233889914401324,1.4555150167514486,0.870544545452973,0.0018758637337525318,5.279897372185668e-4,-1.728562799361514,863729.3529411765,0.9866085331672376,0.3936210276727131,0.43434028859130075,0.6048566164770839,0.6509497964721845
42089,12002328627.77093,-2.0442700088581063,1.452232765935949,0.7892633606422573,0.008225889126819493,0.0012963952381678445,-2.536369967935438,168159.41176470587,0.9507941451261289,0.2833544746662026,0.45406415446901277,0.5627375914204481,0.7137042062415196
56021,3279134314.7068014,0.12092804409952507,3.1251101409269344,0.20406038662949377,0.05012304721665913,0.00257532488345847,-2.0728261477273864,96920.88235294117,0.8959825599501713,0.645300098161044,0.6489151873767258,0.7300659484959803,0.9894843962008141
48375,52702194763.10591,-1.2115394578683194,1.1101213259984588,0.9754039070105792,0.00665628225906007,0,-4.53502206485386,119335.70588235294,0.9825599501712862,0.32253595839349436,0.05294300840859545,0.45267963899112534,0.4206241519674355
42003,104144687332.16086,0.5103712366107835,1.7171970441275521,0.7937410366714108,0.00567926360915785,0.0033832573432102235,-1.6866064594138246,1228984.5882352942,0.9934599813142323,0.5455318144203377,0.49756046922038827,0.6788507549849861,0.7472862957937585
29037,156302844.0236926,-0.7293603944649565,2.5960314609595705,0.5298153458918266,0.17608809520082178,0.005403772915369958,1.0795275861055864,104145.58823529411,0.6272189349112426,0.5909129430276202,0.7809612789369874,0.6663643856252834,0.8344640434192673
20209,8540747082.529877,2.970428453522338,1.4980404271499963,0.9310727362706405,0.0014782421127273687,2.0172224591041144e-4,-2.242582413579222,163075.41176470587,0.9380255372158206,0.6387701907659734,0.3702896293989411,0.6490284524602451,0.601763907734057
25017,177200311302.63858,-0.18953360941904052,3.055509130544849,0.35410745602036386,0.08832596983858378,0.01928043632201006,-1.8368152461555634,1581084.5882352942,0.9975085643101838,0.630545237920436,0.669054292536074,0.7657026982555646,0.9986431478968792
34007,10979777710.560852,-1.0213290224823623,3.155155100273115,0.4293541437559291,0.007526968451114207,3.417649277113666e-4,-0.7536249051333928,514891.9411764706,0.9473684210526315,0.3448276018341523,0.6470466106093636,0.6464142111653824,0.9209633649932157
05033,131645704.2717151,-2.4965455354762405,2.1193189980013245,0.7564243232237765,0.2999050937176783,0,0.4619785249542159,61826.82352941176,0.6057303020865774,0.5016873412134083,0.3684210526315789,0.4919462319771882,0.5776797829036635
09003,100575747986.8612,0.36610617358579134,1.4543763100280946,0.9276317562433934,1.8494217642781624e-4,0.001404087528163341,-2.132796286434108,894354.6666666666,0.9928371223917782,0.46477951379919497,0.3974878023461019,0.618368146179025,0.6166892808683854
53045,73129843.49926974,0.8454062502701021,2.247367199750355,0.6768759972460983,0,0.002843915041751062,1.0943499290362098,63671.35294117647,0.5169729056368733,0.3819538670284939,0.7189868161528081,0.5393045296060585,0.5522388059701493
42077,2119657966.6223817,0.5921880683215157,2.701205527038201,0.7037697056512696,0.011471893145409388,0.006698343190980055,0.3649447238904769,363678.76470588235,0.873871068203052,0.5922891690209908,0.6763209799647046,0.7141604057295825,0.8144504748982361
25009,83758321077.48796,-0.09114033239060149,2.271830666511957,0.8880774114898744,0.0014605587083349777,0.00666472917208619,-2.158297052527408,779271.8235294118,0.9906571161631891,0.4133709526696994,0.44586317865670094,0.6166304158298631,0.7700135685210312
39041,796011924.7004874,1.0037925021161556,3.254711228440042,0.4931578684015592,0.008669159182481864,0.08042533631776506,0.43341615938728745,199220.82352941178,0.7966365618187481,0.6196424962090622,0.7839717637288488,0.7334169405855531,0.8853459972862958
22015,3087602344.49637,0.48320856528579625,3.020364773758978,0.15833244466383845,0.05834765223917629,0.010260309074250858,-1.630917821205902,124724.05882352941,0.893802553721582,0.7053097601806961,0.6974981833281428,0.7655368324101404,0.9935549525101763
48347,11064192.819461612,0.22892936426251076,2.7950179802106336,0.40406538747292164,0.020802954417605574,0,3.015652861189676,65065.41176470588,0.2631578947368421,0.5870661494857649,0.5976331360946746,0.4826190601057605,0.5474898236092266
39087,74697052.84674527,-0.29512338986395115,2.6133206213691618,0.5637049765000216,0.022925247552021185,0,0.9842987396759164,60041.294117647056,0.5228900654001869,0.5048489108474752,0.47586421675490503,0.501201064334189,0.6037991858887382
25005,24009567954.40371,-1.5914519137654004,1.716582616232216,0.9240269380301497,0.016629113617443205,0.0022104562886506077,-1.4014032594016548,562786.9411764706,0.9672999065711616,0.3436178100207652,0.43548219661579984,0.5821333044025755,0.6879240162822252
21211,394366694.05045164,-1.558500313196678,1.05673249027966,0.9179639742949057,0.001581448851283373,8.858129601334528e-5,-1.080856600016788,46057,0.7334163811896606,0.24645469138185916,0.427592650264715,0.4691545742787449,0.45861601085481685
42063,213278517.5475163,0.6407199150523581,2.1700489314386178,0.8196118382012929,0.04698260341665491,4.7989697570965955e-4,0.47614784653148373,85839.70588235294,0.660541887262535,0.7066036188161036,0.5948302709436313,0.6539919256740899,0.6753731343283582
28043,73223658.11169495,-0.7441363068441831,2.4563280448891467,0.5218541429509833,0.23398231546575243,0,-0.5566266185129464,21408,0.5179071940205543,0.6027465378518231,0.38264299802761337,0.5010989099666635,0.7099728629579376
48427,1645218756.7405927,2.79211442439237,0.586047039017826,0.8083296264879366,0.037640031503566096,0,-2.0210696424660965,63586.117647058825,0.8595453129866085,0.8001999022921464,0.19827675698121042,0.6193406574199884,0.4626865671641791
42021,10865219578.462866,-0.8792235127141943,2.727408006338453,0.8257428398230896,3.773038887716389e-4,0.0011753931910961548,-2.755799937467897,136206.17647058822,0.9467455621301775,0.28491582894418416,0.42998027613412226,0.5538805557361614,0.8134328358208955
08101,4633195074.470795,1.7894630808211787,1.4646588924758492,0.7939499017260702,0.005061590717847655,0,-1.61918781251479,164351,0.9134226097788851,0.6433059470365425,0.2213225371120108,0.5926836979758129,0.5176390773405699
12113,1245097770.9996526,0.3087914237218037,2.8544293839022967,0.34525150532198,0.03313922672847309,0.005644893465414519,-0.22079747322803733,173771.35294117648,0.8399252569293055,0.6353421451677665,0.7417211668223814,0.7389961896398178,0.9260515603799185
29021,349677928.63425076,0.1856803117768706,2.2903085113057235,0.6803549394055655,0.007411513524547061,0,0.009045093063722526,87402.70588235294,0.7194020554344441,0.5173304546678159,0.36810962317035195,0.5349473777575373,0.5868385345997287
18057,2394367594.618938,1.1261398918370773,1.917596539786632,0.8537100119462069,0.02201155387590454,0.0058022588506094885,0.04426061148959442,318909.9411764706,0.8813453752725008,0.6909697957652075,0.5849683380047752,0.7190945030141611,0.7011533242876526
37095,43290743.81718374,-1.0218412901636285,2.3415798217921444,0.4577308824642723,0.19561441605717686,0,-2.1607176084484245,5241.823529411765,0.4375583930239801,0.5684388904448426,0.31807328973320875,0.4413568577340105,0.7208276797829036
36117,843223762.3612125,-1.2357208269433002,2.1492533480793523,0.7778797042188902,2.227937499304045e-4,0.05439249446586475,-0.7986295543283175,91694.05882352941,0.8028651510432887,0.24884957613100467,0.5978407557354926,0.5498518276365952,0.7327001356852103
13237,17958307.133971024,0.07389411151784309,2.6266123484520554,0.4392588892043695,0.02139140101297077,0,0.8778046099574698,21821.647058823528,0.31641233260666457,0.563963181904288,0.5038928682653379,0.4614227942587634,0.5793758480325645
37047,77490684.66161364,0.17300779744279815,2.4697694528214607,0.6090874846576834,0,0,0.8114450866728162,54876.529411764706,0.5297415135471816,0.3007123473541384,0.4506384303955154,0.4270307637656117,0.4555630936227951
37127,380636264.6532813,0.6488926039310208,2.62729672363492,0.6941956186170418,5.227663322198142e-4,3.34479201907273e-4,0.052029986248274734,95104.4705882353,0.7274992214263469,0.5057122385884387,0.6161112841274785,0.616440914714088,0.7418588873812755
27171,30164066.59104429,0.9997773003482102,2.6071907678737043,0.6054165163562856,0.04659884331084944,0,3.117394878106452,134998.82352941178,0.38118966054188724,0.7407101629763371,0.5414720232533997,0.554457282257208,0.5237449118046132
55039,281206348.23293,1.0739310854885602,1.6651445326870031,0.7833082581670678,0.0064285258994088885,0,0.47038852086811195,102653.17647058824,0.6932419806913734,0.611568908962203,0.3580400705906779,0.5542836534147514,0.41350067842605154
18091,147788035.27918005,0.5009474772865588,2.3900441500420264,0.5626125659280692,0.014655142130740852,0,1.2346778677851242,111195.35294117648,0.6194331983805668,0.5969497792509488,0.4903975916121665,0.5689268564145608,0.5871777476255088
21123,17382726.924230754,-1.6384647803978378,2.064715766969999,0.5804137445055751,0.10757548001050513,0,0.2846261063645628,14432.176470588236,0.3114294612270321,0.48871533206621287,0.4240631163708087,0.4080693032213512,0.5234056987788331
39089,3742735414.59453,-0.08836909271294857,1.8636371858080893,0.8344786123503266,3.333789320110312e-4,4.1131913021481224e-5,-1.3253256983153732,173321.23529411765,0.9037682964808471,0.39568451693074075,0.4554136821343299,0.5849554985153059,0.6719810040705563
26139,1414229466.2188418,-1.4731206004150863,2.341727853795746,0.727124753700828,0.007495581929337443,0.014470258570234103,0.39211469407805233,283398.17647058825,0.8492681407661165,0.3068409546365458,0.6816152808055641,0.6125747920694088,0.7717096336499322
27041,20829082.840065643,-1.0778975541511855,2.748114685074844,0.6096225389496681,0,0,1.5525744889047355,37589,0.3338523824353784,0.12330393487109904,0.49444617460811796,0.31720083063819843,0.405359565807327
29187,235435159.68796617,1.5940857580435601,1.6497432246948807,0.799805183135244,6.018348460320894e-4,0,-0.014879394164745941,66244.82352941176,0.6717533478667082,0.5828415084352332,0.31786567009239075,0.5241535087981107,0.3894165535956581
32023,180192541.4550261,0.15300494322058356,2.6449897502428117,0.46275202467208365,0.01448760154083186,0.01190946795171507,-0.2658935155114709,47032.05882352941,0.6443475552787293,0.5503340466550468,0.7202325339977161,0.6383047119771641,0.8398914518317503
22103,2794236007.510669,0.1644906596735538,2.6019630469366506,0.7841458541281185,0.002961837197940718,7.35825513959154e-4,-0.46234987313562903,252705.76470588235,0.8875739644970414,0.477879209345874,0.5501920481677567,0.6385484073368907,0.7754409769335142
39149,14822719.071151283,-1.4097955770681345,2.5913472741012855,0.7251464982055823,0.039333234161504846,0.00358678955160346,2.2855394054083207,48726.470588235294,0.2949236997819994,0.4249651496570708,0.7569812104225059,0.4922900199538587,0.6200814111261872
47031,9750705041.067585,-0.08152077117645362,1.5097642490762662,0.814426220916452,0.009294389092498374,0.0017281324467838316,-4.003146827286288,55619.17647058824,0.9426969791342261,0.4825509227410044,0.42105263157894735,0.6154335111513927,0.7218453188602443
50001,1801456904.8196943,-1.055431520410302,1.8873047338844702,0.9411762717250263,0.00336741835003532,7.342662504392241e-4,-2.926431799729268,37119.94117647059,0.8623481781376519,0.3083823685362584,0.3562753036437247,0.5090019501058783,0.6563772048846676
48025,34111812.46765471,-1.2872457803858364,2.2919854218573827,0.6207615078508396,0.3122597152460565,0,0.8169117529402551,32026.882352941175,0.4011211460604173,0.5632362644783008,0.44596698847710997,0.47010813300527604,0.582089552238806
36017,74867114.37261014,0.4820451050724994,2.034962724154762,0.8527279490737181,0.0030388812239468144,0,0.6550234189462129,48374.82352941176,0.5232014948614139,0.5204374148568507,0.3377971556109208,0.4604786884430618,0.3619402985074627
37097,527246884.07620186,0.9597205814000667,2.2678100807038106,0.8130176107655002,0.0051117750453967045,0.32891268898361126,0.6565589625786867,175856.82352941178,0.7623793210837745,0.5878315880970444,0.6881552994913319,0.6794554028907168,0.7014925373134329
22023,161403936.34355897,-0.6545875307685911,1.639665180190758,0.4184296529956389,0.0031949510354155088,0,-3.1891960028594575,6338.35294117647,0.630956088445967,0.3458888604889562,0.30146371846776704,0.42610288913423006,0.6109226594301221
48381,174504499.0614923,3.142356481313028,0.9949398362377785,0.9247238677865738,3.177247678224396e-4,0,1.3396156607796894,133008.5294117647,0.6393646838990968,0.6217726044581248,0.34111906986400914,0.5340854527404103,0.20149253731343283
45069,105142011.97462437,-1.8911873661852034,1.8884441550836133,0.673366213904861,0.009296440696554793,0,-0.5515389014873622,27280.352941176472,0.5736530675801931,0.295133120152562,0.3317761860271982,0.40018745791998445,0.5061058344640434
55027,54966567.627925724,-0.15423247189617584,2.7571269561826086,0.5375918976127713,0.05252863996023353,0,1.875166431448937,88321.88235294117,0.47804422298349425,0.5973980978691893,0.5291186546247274,0.5348536584924704,0.621438263229308
27033,4748085.207224217,0.2634511542846223,1.7657180498853486,0.7909543681087737,0,0,1.2361491029565363,11481.235294117647,0.1778262223606353,0.3137720488466757,0.40350877192982454,0.29836901437904517,0.16587516960651288
38081,7737848.884128728,0.23218775581656814,1.9034300094052694,0.5847224493595816,0.027173915660106924,0,-0.9035669324951848,3856.1176470588234,0.22173777639364683,0.6097886637136779,0.34236478770891726,0.39129707593874735,0.46506105834464045
46011,81967249.43639466,-1.1779118789678336,2.7530288658377358,0.8175111482441196,0.08530742920675227,0.02213028479265691,0.025569930828359424,33884.470588235294,0.5353472438492681,0.5082902122653267,0.6238970206581542,0.5558448255909164,0.7662822252374492
28071,1389371265.8434958,0.2394945580211818,1.4846125293298862,0.8444689171105192,0.002280142498814692,0,-2.126207644414213,53051.05882352941,0.8483338523824354,0.4825602131445161,0.1778262223606353,0.5029067626291955,0.4762550881953867
39135,5143595.880099628,-1.2452101815337642,2.1106383512278732,0.6725413388522192,0,0,3.096755873216996,41384.23529411765,0.1862348178137652,0.10905698778833108,0.51520813868992,0.27016664809733876,0.23134328358208955
55119,17664119.98004676,-3.139261620082065,0.8742961265710778,0.9199332424387523,0.1547706948913502,0.002748476393324898,0.786894439515342,20326.470588235294,0.31298660853316723,0.45482314697237075,0.5840340496210942,0.4506146017088774,0.36702849389416553
38079,416014392.1612425,1.6358665222601125,2.815834474012452,0.3761620164242865,0.49263372167612324,0,-2.9770267903444623,13631.29411764706,0.7402678293366552,0.9118719120738084,0.3165161424270736,0.6562186279458458,0.8697421981004071
21089,76896286.30985163,-1.3874307807151887,2.319943946672013,0.5274877089316942,0,0,0.18266880297503788,36037.470588235294,0.5281843662410464,0.09684531886024424,0.4325755216443476,0.35253506891521275,0.4871099050203528
39011,80826352.87152918,0.013210975381479528,1.5014267392226261,0.918563781285126,0,0,0.4991046571528971,45904.58823529412,0.533167237620679,0.27255766621438265,0.29149797570850206,0.36574095984785454,0.20081411126187246
39159,659640510.0502524,0.05431032223706467,0.9037252615302342,0.9717214543111152,0.9715412570471473,2.0065003696633413e-4,-1.242663364673112,58139.82352941176,0.7798193709124883,0.7728341123676571,0.3837849060521125,0.6454794631107527,0.5647896879240163
17153,2532244712.9797273,-2.463942103798942,0.6190446060637522,0.953833175331571,0.04376518074197217,0,-6.136771855765068,5573.529411764706,0.883213952039863,0.3863107263826613,0.06591923595972178,0.4451479714607487,0.4158751696065129
18051,21440421.253526982,3.2001855690371634,1.238697254763311,0.9087901900408989,0.984657622161545,0,1.3447009798631773,33397.470588235294,0.33852382435378386,0.9746580451722078,0.35118862244368315,0.5547901639898916,0.2706919945725916
48329,249383372.98018742,-1.3143626965608668,2.044189605693111,0.6278448209942463,0.02979550278033511,0,1.2606480544634635,159834.5294117647,0.6804733727810651,0.41022456491454184,0.4706737257344545,0.5204572211433538,0.5586838534599728
06039,180786457.5616455,1.6091511117155992,2.4071376813137713,0.4449994237738881,0.0751612654823287,0,1.5378295547943537,155204.23529411765,0.6452818436624105,0.8203346992492447,0.5409529741513547,0.66885650568767,0.676729986431479
48397,4228702706.4427695,1.0415885216562728,1.8167607185416101,0.9708117951309662,0.003633152479166742,0.006682048977049414,-2.3077031388551172,98173.70588235294,0.9075054500155715,0.5858195359511424,0.38534205335824767,0.6262223464416539,0.6448439620081411
20041,228543942.48953697,-1.8483578479634026,1.4060558476620684,0.7378480679178027,0.02103868656767637,0,-1.8714189405732993,19050.529411764706,0.6680161943319838,0.35028242826675515,0.23533686286722721,0.41787849515532205,0.49525101763907736
27031,36570814.73788986,1.0363645890431687,2.3944754573790306,0.38743066446024993,0.45816014381819853,0,-1.9520368559208463,5382.176470588235,0.4132668950482716,0.8727162602001832,0.34506384303955157,0.5436823327626689,0.7476255088195387
49013,90484491.37604304,-1.5726777977115187,2.3546343596309818,0.5684181731229342,0.02954830552654095,0,-0.8976591468808279,19654.117647058825,0.5512301463718468,0.39005441910505767,0.34693241980691375,0.4294056617612727,0.6516282225237449
53025,1020674851.692508,0.03799297864609841,2.549455689033516,0.4238071278833649,0.02468055227520682,0.0012191724861965875,-0.9361594705907832,94990.5294117647,0.8212394892556836,0.5697117890235468,0.6495380462991799,0.6801631081928035,0.885685210312076
13225,1143637065.393992,0.3361121470203301,1.393427648421124,0.9173437045634512,0.0032649254104681214,0,-2.914984881535596,27701.941176470587,0.8315166614761756,0.504802345532313,0.11470985155195683,0.48367628618681513,0.4270691994572592
19177,70880.57927749146,NA,1.0185369046970763,0.9999999999999999,NA,0,4.761910617324251,7332.117647058823,0.011211460604173155,NA,0.3407038305823731,NA,NA
54077,504193419.30166173,-2.650944330083675,1.9348224529464064,0.6285908114519388,0.02786170036859308,0,-1.7955752043754898,33783.76470588235,0.7586421675490501,0.3428019539757942,0.28039032492473787,0.46061148214986075,0.6635006784260515
29027,125798512.14485273,-0.40800705328938136,2.3989617185850847,0.6149045055661742,0.0012990550115638746,0.0015763099792663199,0.01313341751121361,44601.294117647056,0.5979445655559016,0.3599839887826308,0.6605418872625352,0.5394901472003558,0.7154002713704206
48189,57329491.646866016,-2.5391410200561833,1.4849086815348194,0.9767443684705386,0,0,0.39451848785969,34141.64705882353,0.4845842416692619,0.04375848032564451,0.24052735388767776,0.2562900252941947,0.14450474898236093
05019,36635213.717952214,-1.2460425968412032,1.274367638891636,0.7271398920050149,0,0,0.19197116925002708,22216.235294117647,0.41388975397072564,0.10888738127544098,0.3630229419703104,0.29526669240549236,0.23066485753052918
53055,61337308.21518434,0.3472043515668819,2.9019607442298447,0.5445434908669889,3.7293627728819217e-4,0.05977046276108868,-0.7388039959003944,16884,0.49268140766116475,0.46690882896503094,0.689920066438285,0.5498367676881603,0.7981682496607869
48349,34882997.790688224,-1.8000892435242832,2.3686634736748724,0.37022496555423084,0.09360920983165787,0,1.47510482735139,50210.35294117647,0.40548115851759575,0.4703819670095506,0.5572511159555694,0.4777047471609053,0.6224559023066486
05137,18289381.929865785,-0.9898671816708582,2.4043683794810398,0.36555089557858084,0.14576875016049537,0,0.013832165980510099,12480.117647058823,0.31859233883525384,0.5562999585783961,0.4642375168690958,0.44637660476091523,0.6604477611940298
05077,53659321.608071744,1.4565551414105684,1.511613872834846,0.8026711149428583,8.761553401275929e-4,0,-1.4921862605095377,9395.588235294117,0.4746184989099969,0.5788858358961251,0.22267206477732793,0.42539213319448327,0.3541383989145183
47117,19625596.12929132,-1.709576630495544,1.855390513326621,0.9661375885326705,0.0653650850581534,0,1.4137171666025985,32971.529411764706,0.3263780753659296,0.4505688219496433,0.31277898889234923,0.3632419620693074,0.2591587516960651
49037,91959147.19439626,0.024969506990819568,2.9600409063071367,0.34275492471206037,0.0017488561881570806,0,-1.3370210093324224,14860.058823529413,0.5543444409841171,0.4377473853178995,0.3828506176684314,0.4583141479901493,0.7388059701492538
18083,196854810.63770682,-0.3407235329445335,1.565888415467021,0.864905997508505,0,0,-0.7073491233729959,37247.64705882353,0.6518218623481782,0.21166892808683854,0.23907401640195167,0.3675216022789895,0.3103799185888738
19149,58371065.26599695,-0.1958952701609249,2.3259224049199236,0.6361990916914111,9.229184476683209e-4,0,-0.08330550091391738,25196.647058823528,0.4867642478978511,0.3858658066925348,0.37921727395411614,0.41728244284816735,0.5047489823609227
50025,38323233.494339265,-0.10223871327277045,2.875512440018003,0.24680515429719185,0.05028890513183951,0.003945276259302463,1.191013215811205,44285.76470588235,0.4216754905014014,0.6023818328651876,0.8483338523824354,0.6241303919163416,0.8314111261872456
72139,19319902.64600285,2.147997693699244,1.6299307077969425,0.8982001519920542,0.00408402926249257,0,2.561116749959862,69642.2,0.32482092805979446,0.6480104034391714,0.40288591300737053,0.4585724148354455,0.18962008141112618
55029,112162244.82992186,-0.21162370775852146,2.2762301046481186,0.5854487432669544,0.003984894448952366,0,-0.5526117120194719,28450.41176470588,0.582684521955777,0.4205758871882163,0.3643724696356276,0.45587762625987366,0.587516960651289
55069,96554733.48089013,-3.8683030437528974,0.2529541138697587,0.9875967442967718,0,0,-0.4112009707411449,28292.470588235294,0.5618187480535659,0.016451831750339214,0.17419287864631994,0.2508211528167417,0.08582089552238806
51197,2039479.3392234952,-2.2281085311309976,2.6014679284996935,0.489696414910086,0,0,3.4731831911544555,28801.117647058825,0.11398318280909374,0.054613297150610585,0.5811273746496418,0.2499079515364487,0.33514246947082765
51117,1594961297.1463866,-2.810046475056751,0.8031722540386897,0.9071767086541511,0.006513405757574682,0,-3.065218554964819,31249.941176470587,0.8573653067580194,0.24384895979203997,0.1182393854458632,0.4064845506653075,0.3924694708276798
45047,18042130.562865134,-0.26231493836572284,2.9598592633412135,0.4682589521123503,0.24768210137322055,0,2.6335117632461413,69825.05882352941,0.31703519152911863,0.6747928240016895,0.5712654417107857,0.5210311524138646,0.6370420624151968
36033,54861621.49473791,-0.5044790673289299,2.5415456512684966,0.5438965769093489,0.23378164806660523,0.024309691830734115,1.0101702870451854,49809.882352941175,0.4777327935222672,0.6353135941716087,0.7986089484065193,0.6372184453667984,0.8073270013568521
48053,28032000.800838646,-1.1182839491489407,2.357593418689938,0.6229655470929641,0.16431051254949203,0,1.591643875392198,46934.529411764706,0.3737153534724385,0.5519477444259845,0.49091664071421154,0.47219324620421155,0.5430800542740841
27001,11801058.770336652,0.1590440486741933,1.6862116836587224,0.7253036682028258,0.0393931819747752,0,0.8289969461058417,16010.529411764706,0.2706322018062909,0.6298393938487559,0.40610401744004987,0.43552520436503217,0.34905020352781546
47109,16476312.895872021,0.11683659391800205,2.08291316414288,0.9372268196423427,0,0,1.2261083974058165,25948.764705882353,0.3055123014637185,0.29223202170963364,0.3245094985985674,0.30741794059063987,0.17299864314789687
17029,74111113.35235928,-0.4106557434064406,1.5353532153424208,0.9164270186348072,0.012248333549621552,0,0.7400819529136005,50829.294117647056,0.5207100591715976,0.44230228888351103,0.30727706841067165,0.42342980548859344,0.2812075983717775
37011,6088089.842193203,-4.293364407537354,1.2060744833709165,0.919638236307202,0,0,1.6399718762629754,17668.29411764706,0.20180629087511678,0.012211668928086838,0.3600124571784491,0.19134347232721757,0.052917232021709636
26087,51685880.74759242,-2.036333430555443,2.1476286063119923,0.8000475703549572,0.004515323043184179,0.028454169246751895,1.9392973507672484,88473.17647058824,0.46932419806913733,0.25346396093861173,0.74815737568774,0.49031517823182974,0.5515603799185889
48015,1264189449.6225035,-1.6488466704845237,0.8081565221837865,0.9969410964051797,6.212819081360366e-4,0,-2.9123920415366444,29649.058823529413,0.8421052631578947,0.22768286459848688,0.046299179902418774,0.3720291025529335,0.28493894165535955
19031,36927286.58588576,-0.6308089329414113,2.026073208620947,0.5018048501725128,0,0,-0.10243751204498752,18385.29411764706,0.4145126128931797,0.16858887381275442,0.4212602512197654,0.3347872459752332,0.41824966078697423
01127,79304347.72541304,-2.3368804194651176,1.8769504497207328,0.819583969906589,0.023256646294903715,9.268092117028658e-4,1.0523906100953113,65337.529411764706,0.5309872313920897,0.33946171402053316,0.640402782103187,0.50361724250527,0.5498643147896879
47161,59820761.51193667,-0.7269706873680573,2.0753478075899108,0.6479331756175567,0.10175092780217065,0,-1.0484486820335956,13534.470588235294,0.49050140143257553,0.5605266389857961,0.31039136302294196,0.4538064678137712,0.6024423337856174
26129,17415988.632206567,-0.5933692404199551,1.3449360705763203,0.8274353690682449,0,0,0.8597708053368099,21130.70588235294,0.3117408906882591,0.17367706919945725,0.36240008304785637,0.28260601431185756,0.14620081411126187
37153,282432830.73747516,0.5017358675196704,0.6283792867637522,0.9488192406001916,2.521282040964281e-4,0,-0.7894384514065618,44784,0.6951105574587356,0.48272392818200854,0.18291290356067683,0.45358246306714034,0.22727272727272727
20139,25681124.955774624,-0.16906876083079858,2.227898513236187,0.2804768136681806,0.06703162130307648,0,0.04876953404876905,15982.411764705883,0.3618810339458113,0.615567294697944,0.4841690023876259,0.48720577701046036,0.6478968792401628
29049,481161.9542744327,NA,1.8732242038900369,0.8804447363494894,NA,0,4.426196682048245,20818.70588235294,0.05107443164123326,NA,0.4401536385342053,NA,NA
28161,8751550.191054177,-0.3569036429507655,1.651548839054791,0.7803020509503689,0.09487755364132003,0,0.748580286331596,12460.823529411764,0.23575210214886327,0.607917213894093,0.37703726772552687,0.4069021945894944,0.3405698778833107
08009,873105.8862874339,-2.611903077230364,2.576542573082618,0.4111114957864582,0,0,1.170892951484731,3592.0588235294117,0.07162877608221738,0.04121438263229308,0.5307796117512716,0.21454092348859402,0.3704206241519674
51570,1022727375.6447082,-5.581955140740597,0.06814902919190972,0.9594780462725195,0,0,-3.481988236599719,17690.882352941175,0.8215509187169107,0.004579375848032564,0.07526211979653276,0.300464138120492,0.22896879240162823
22093,14775699.638697969,2.142279321464555,1.0247308251791754,0.8262562654923338,0.05604395070744527,0,1.0151871599274687,21005.58823529412,0.29430084085954533,0.8190138757841328,0.37475345167652857,0.4960227227734022,0.23236092265943012
16063,30539225.675566267,-0.09423789123392723,1.898671566596072,0.46668284112008707,0.04735432590231889,0,-1.7969006821381217,5293.64705882353,0.38492681407661167,0.5992296669322362,0.3287657012353369,0.43764072741472826,0.5987109905020352
13103,69281140.10930742,-1.2521938567713846,1.5835097672817176,0.8156465201124246,0.4008403947717675,0,1.0571298974549084,59944.705882352944,0.5094985985674245,0.576974618617606,0.3822277587459773,0.48956699197700265,0.41383989145183175
38057,8719827.760279983,0.859614169805857,1.9694398419726766,0.5203136619723356,0.04364778594153571,0,0.16067442472363097,8429.64705882353,0.23481781376518218,0.7228152596463846,0.43340600020761966,0.46367969120639546,0.4796472184531886
38075,810895.3483324765,NA,0.4306343830423022,0.9817921032818163,NA,0,0.6518813216750959,2427.764705882353,0.06913734039240112,NA,0.25412644036125814,NA,NA
40011,252296006.18780702,-2.7311478242399456,1.5633128354061216,0.6904280354141799,0.10691354829930672,0,-3.0041127351983934,9621.882352941177,0.6817190906259732,0.4442888490685577,0.21903872106301256,0.4483488869191812,0.6173677069199457
35019,10722409.628482645,-1.1919019294183695,2.2733889047627325,0.5767693670338612,0,0,-1.0081034223846443,4464.35294117647,0.2594207412021177,0.11465400271370421,0.33852382435378386,0.23753285608986863,0.41010854816824965
45053,425896080.2890718,0.09886927471497131,2.627161006670147,0.7853326116861722,0.009830536110056349,0,-1.8953177787112727,28291.882352941175,0.7427592650264715,0.5171063520074975,0.21405584968338007,0.4913071555724497,0.6590909090909091
72119,57856014.37521797,0.918095301415331,1.6673321146099727,0.5846942292901285,0.011829543595162912,0,1.0098947040189479,51580.5,0.485518530052943,0.6270272340248113,0.4722308730405896,0.5282588790394479,0.4260515603799186
56019,19991343.31873582,0.7277147793035841,1.9140455591436802,0.36970908772477246,0.16005141512482254,0,-0.6409609714631773,8587.411764705883,0.3285580815945188,0.8007787397499658,0.4186650057095401,0.5160006090180083,0.6129579375848032
47165,282149017.01976615,1.9030286780869563,2.5967727239264433,0.5190451534659699,0.03279374149130284,1.7492870995895518e-4,1.329846551133318,181529.82352941178,0.6941762690750545,0.7667976160371399,0.7543859649122807,0.7384532833414917,0.7934192672998643
17159,10067094.039372608,0.5179822592211973,0.6123222249119463,0.9335161950595291,0,0,0.9738188766911329,15862.117647058823,0.25225786359389596,0.3444708276797829,0.31350565763521226,0.303411449636297,0.03934871099050204
27127,11016919.798138918,-1.5828041715402765,1.9190050345950962,0.8890009471250571,0.05433169831139198,0,0.8533570277976845,15547.70588235294,0.26253503581438803,0.44031640848408715,0.33156856638638016,0.3448066702282851,0.31275440976933516
19145,4097657.3859024644,-2.585370009081444,1.9010319222999794,0.9010494931905219,0,0,1.8318467433926333,15439.941176470587,0.1622547492992837,0.04223202170963365,0.37838679539084397,0.19429118879992044,0.11736770691994572
21177,502860371.0764903,-0.08944469273707512,1.0547846033412818,0.9753907269676497,0.005394706449619345,0,-1.92052648204551,31052.352941176472,0.75801930862659606,0.4529579285209949,0.1029793418457386,0.4379855263311099,0.317842605156038
42059,10938812.166537711,-0.7324279717811599,2.5321694407031092,0.6292323178307587,0.10839944748749292,0,2.168033127983007,36886,0.2609778885082529,0.5646860206165384,0.5092909789266065,0.4449849626837992,0.5020352781546812
26057,146842230.79291284,3.0957594696000257,1.360380395237296,0.9036412612057022,0,0,-0.24851304337966604,41557.882352941175,0.6184989099968857,0.4793080054274084,0.2503892868265338,0.44939873408360936,0.2327001356852103
19069,8564879.101508435,2.111157328966341,0.6671817387758199,0.984654353624573,0.0022933138438786136,0,0.47918062043016557,10281.529411764706,0.23263780753659297,0.6304544865397914,0.24011211460604173,0.367734802894142,0.057666214382632294
46069,59908194.25721798,-4.216508172757635,0.5722074361981471,0.953151397840961,0,0,-4.565731570628271,1326.1764705882354,0.49081283089380257,0.012890094979647219,0.07027924841690024,0.19132739143011668,0.16383989145183175
37177,20926667.596914876,-1.8494305618265354,1.4809675794283814,0.7496692208896633,0.26475924488147673,0,-1.8565256190715838,3964.470588235294,0.3357209592027406,0.5239605171446466,0.2301463718467767,0.36327594939805463,0.4599728629579376
51690,6756570.106823364,1.606759727779643,1.617730695879339,0.9433507175480522,0.05211543844954011,0.018198503433711353,1.1197986917223322,13422.35294117647,0.20834630956088446,0.7909373699909996,0.6255579777846985,0.5416138857788608,0.38025780189959296
27017,52789185.8380012,3.4519402885485313,1.129182393987362,0.8517952307379143,0.012447915773231207,0,0.5467879102825792,35752.117647058825,0.4711927748364995,0.7246762860864198,0.33146475656597113,0.5091112724962968,0.257123473541384
38019,45263107.52591068,-3.942671345179491,0.5875283772684962,0.862902518779051,0,0,-2.689221044570898,3807.294117647059,0.44440984117097476,0.015264586160108548,0.15093947887470155,0.20353796873526164,0.19674355495251017
22031,30599500.613432508,-1.992725004907296,0.7910910902503941,0.9652465769984195,0,0,0.6678174342740956,27011.823529411766,0.3852382435378387,0.06377204884667571,0.2686598152185197,0.23922336920101137,0.05868385345997286
13321,55974931.86235371,3.216647006397249,1.698868060531468,0.7820634332414798,0,0,-0.32634643147359665,20872.58823529412,0.4805356586733105,0.48134328358208955,0.3036437246963563,0.42184088898391875,0.3005427408412483
31101,9518355.419561835,-1.3629273791492764,1.197615157580377,0.9173216945667385,0.15802703803377705,0,0.029063278475927032,8188.176470588235,0.24634070383058237,0.5280723137817924,0.2596283608429357,0.34468045948510345,0.24864314789687925
05059,24766192.236056335,-2.8650934139801425,1.668100112777278,0.9328495004245672,0,0,1.1964259797752719,33307.705882352944,0.3572095920274058,0.03324287652645862,0.32700093428838367,0.23915113428074938,0.14077340569877883
01065,31999147.61089839,-1.9079384759035758,1.306361481130725,0.8560911303588179,0,0,-0.25397973900108767,15131.588235294117,0.39271255060728744,0.0673337856173677,0.2743693553410153,0.24480523052189015,0.19131614654002713
48281,45412664.922465436,-2.4013970027579656,1.1534267395880107,0.9032697827904176,0,0,-0.1065903655811075,21019.882352941175,0.44534412955465585,0.047998643147896876,0.26160074743070694,0.2516478400444199,0.16044776119402984
40043,1771728.3266726774,2.1371444854887915,0.7603237097619437,0.9630779035773802,0.9607140718535487,0,0.8748770516999842,4714.764705882353,0.10619744627841794,0.9516098003333668,0.28423128827987126,0.4473461782972186,0.13398914518317503
17003,147247888.35760915,0.6658523041376938,1.7381093946290564,0.7309597484747667,0.01359088839168526,0,-3.0569749158490676,6509.941176470588,0.6188103394581127,0.6111079010123368,0.20201391051593479,0.4773107169954614,0.5356173677069199
72125,5512090.813609197,0.8959304072112406,1.6690392187901808,0.8876128617933526,0,0,2.6870819740166803,33047.3,0.19246340703830583,0.38551560379918587,0.41170974774213637,0.32989625285987606,0.08989145183175033
39111,6142361.655922268,2.674745479936359,2.1011900067853047,0.5455049622056147,0.11011237322066321,0,1.2788974657933245,14000.176470588236,0.20274057925879788,0.8816623522939139,0.4993252361673415,0.5279093892400177,0.4725237449118046
13227,11611536.749609355,1.234255513744552,2.9379822867249006,0.4496409135553786,0.009326660042575133,0,1.8766147274036833,31649.470588235294,0.26845219557770167,0.6411278006034684,0.5536177722412541,0.4877325894741414,0.5427408412483039
21035,111775108.89651433,3.621229854178619,0.4608418361000957,0.9678802315036807,0,0,-0.104524093382912,38165.58823529412,0.5817502335720959,0.48490502035278155,0.2153015675282882,0.4273189404843885,0.10278154681139756
08099,1779973.752446063,-0.28859862033655403,1.6357879278941898,0.8577299003446893,0.06040022210489665,0,2.3045329347286554,12162.470588235294,0.10713173466209903,0.5861964770789884,0.417938336966677,0.37042218290258816,0.21404341926729986
56005,10459051.563176863,-1.141901180481355,2.5411729810789545,0.49201923037354706,0.2616481290054608,0,2.5788065029912257,46974.35294117647,0.25661787605107444,0.570278730232967,0.5636873248209281,0.4635279770349898,0.567842605156038
38027,3101118.6246795673,NA,0.8098016794065842,0.9835715064020676,NA,0,-0.7489971805216029,2334.176470588235,0.14107754593584554,NA,0.15810235648292328,NA,NA
27075,12251078.709093504,1.9293993377579017,2.022392231415577,0.5973946679858522,0.02577686638417309,0.02668323687981564,0.18801985805624272,10745.35294117647,0.27312363749610713,0.7492755751212965,0.7273954116059379,0.5832648747411139,0.6495929443690638
46007,5860834.4031890975,0.6925075272905641,2.2696017228282384,0.6977290330359058,0,0,-0.8129437804327478,3407.470588235294,0.19869199626284648,0.36651967435549526,0.3075884978718987,0.2909333894967468,0.3412483039348711
38095,25481391.808370654,-0.15126358958208996,1.0523067737238554,0.9936020472055023,0,0,-2.947864719100379,2195.529411764706,0.3603238866396761,0.24219810040705564,0.05128205128205129,0.2179346794429277,0.11635006784260515
31181,1434606.569174995,-1.0600184808211353,0.5948436841405746,0.9920541035647603,0.5735111086699852,0,0.6635085794981239,3566.529411764706,0.09374026782933666,0.6036265203405454,0.24187688155299492,0.313081223240959,0.09565807327001356
13195,3552151.622199774,4.722005932096421,2.0445785394498053,0.9287106574863608,0,0,2.9518334556351733,29445.882352941175,0.15135471815633758,0.4927069199457259,0.39229731132565143,0.34545298314257167,0.09871099050203527
54101,10939734.09165245,-0.08932347735926172,0.7393893702285413,0.8821439279705255,0,0,-0.038789021554897204,8583.29411764706,0.2612893179694799,0.253561736770692,0.27686079103083155,0.2639039485903345,0.08208955223880597
13295,9423047.579667836,-1.2923279170094268,1.1392582465410719,0.9576703444071102,0,0,3.2600253720402907,68770.29411764706,0.24540641544690128,0.10413839891451832,0.3767258382642998,0.2420902175419065,0.03595658073270014
05073,20399720.16365553,-0.4514994350670012,1.246303752433575,0.9958377531422626,0,0,-0.9934023792166271,6895,0.33104951728433507,0.19691316146540028,0.12529845323367592,0.2177537106611371,0.09023066485753053
46091,83457.58080872409,NA,1.115322093863878,0.9999999999999999,NA,0,3.9060562432241976,4640,0.01339146683276238,NA,0.3333333333333333,NA,NA
27173,3462538.8373723216,0.09925027072902814,1.1059586046578382,0.8858336611779256,0.12374838224945893,0,1.326302244930623,9891.411764705883,0.14979757085020243,0.7034817033433669,0.3626077026886743,0.4052956589607479,0.1889416553595658
22081,2124757.0915431515,NA,1.137350500156308,0.9140087824551523,NA,0,1.572700914831101,8430.117647058823,0.11522890065400186,NA,0.3602200768192671,NA,NA
48461,101322.18440542078,NA,0.5972860595229134,1,0,0,3.235231166100647,3386,0.01494861413889754,NA,0.3136094674556213,NA,NA
26095,8521349.007000593,-0.2907396527585959,2.3115497472965614,0.9500215229629958,0.009514205844949561,0,-0.23236273065127,6403.588235294118,0.23139208969168484,0.4469153141198725,0.21883110142219453,0.2990461684112506,0.3002035278154681
48359,142223.30273910958,NA,0.7999128500716501,1,NA,0,2.086479997409256,1983.1764705882354,0.01930862659607599,NA,0.2874493927125506,NA,NA
30103,2702221.147567191,-0.04829746700096571,0.7368804064753552,0.9878173300749556,0,0,-2.3969087528318096,717.4117647058823,0.12924322640921831,0.2608548168249661,0.0748468805148967,0.15498164124969369,0.048507462686567165
13289,12561296.594258394,-2.15480021632551,2.1466437562796474,0.8870379591550113,0.3376123923741095,0,-0.21695663315913294,8359.70588235294,0.27654936156960447,0.5185880580700071,0.2610816983286619,0.3520730393227578,0.4233378561736771
21229,1029482.3751793981,NA,1.391335006300869,0.8812337810512343,NA,0,2.8233363433746037,11933.70588235294,0.07972594207412022,NA,0.4192878646319942,NA,NA
01041,16098334.557449613,-1.8823779037106725,1.5983727012180247,0.9546290155904685,0,0,0.2777309659334674,13656.117647058823,0.3030208657739022,0.06852103120759837,0.25007785736530674,0.20720658478226908,0.12618724559023067
51620,5742068.533852882,3.8677179895940252,1.446411912788198,0.9378922566284066,0,0.23071023833829105,0.5587025739138638,8320.35294117647,0.19651199003425723,0.48744911804613295,0.6121665109519361,0.4320425396774421,0.24796472184531887
13259,1746343.8705258656,-4.820360173972882,1.8398975099287693,0.8705683711270243,1,0,1.1830399977496873,5724.588235294118,0.1049517284335098,0.5031389101133067,0.36312675179071946,0.32373913011251204,0.30325644504748983
72141,149008182.8736989,5.338929830485911,0.16448962326245256,0.9718458600825213,0.056726513896585194,0,-0.7389314084588372,30348.2,0.621924634070383,0.8576502847395379,0.16931381708709645,0.5496295786323392,0.24932157394843962
72007,383264.981012324,NA,1.1212284465179385,0.9629383668125404,1,0,5.040864523883428,26887.8,0.04422298349423855,NA,0.3891830167133811,NA,NA
72103,15953476.87407133,-0.49885879413510814,0.9147693648409752,0.9605461563171857,0,0,1.2872093193487573,26448.2,0.3020865773902211,0.189280868385346,0.31215612996989517,0.2678411919151541,0.044436906377204884
47047,19175470.844021358,3.706824077245047,0.7216455888139489,0.92740871182811,0.007542066508678276,0,1.744910462915239,40412.41176470588,0.32264092183120524,0.7023555251615851,0.359285788435586,0.4614274118094588,0.09769335142469471
48319,312806.056935097,NA,0.9412541065897899,0.9958070645576053,NA,0,2.3795255399615467,4051.470588235294,0.03737153534724385,NA,0.3208761548842521,NA,NA
48279,5185125.102935669,NA,0.37655901127566743,0.9989158390892553,0,0,1.3742973363535127,13332,0.18654624727499222,NA,0.27343506695733416,NA,NA
48445,676465.6956223848,0.3858655362205603,0.49848502463868954,0.990423981779762,0,0,3.289833966869599,12306.588235294117,0.06228589224540641,0.3312415196743555,0.3472438492681407,0.2469237537293009,0.004070556309362279
05079,4258380.9841559995,0.9762696315590205,1.5617886556299803,0.7918224434862977,0,0,1.6005592355036833,13593.117647058823,0.165057614450327,0.39280868385345996,0.4236478770891727,0.32717139179765325,0.128561736770692
46067,1602633.7713333128,NA,1.7582728467455189,0.7367038457511558,NA,0,1.6417295799747353,7323.529411764706,0.10059171597633136,NA,0.44939271255060725,NA,NA
19107,2171759.2648845953,NA,0.9127963360336705,0.9930834980688877,NA,0,1.841766471376878,10216.882352941177,0.11647461849891,NA,0.3059275407453545,NA,NA
08023,1200789.0198906753,NA,1.5522369294727545,0.8285269804901576,0.00969357557772501,0,0.8665479192144133,3626.235294117647,0.08533167237620679,NA,0.36240008304785637,NA,NA
40007,127899.48855201424,NA,0.5570982017697048,1,NA,0,3.6964116644642635,5356.235294117647,0.01806290875116786,NA,0.320149486141389,NA,NA
40057,335202.67398076877,-2.423207474157259,0.5126014316250593,1,0,0,1.690428073120522,2689.823529411765,0.04017440049828714,0.04698100407055631,0.27239696875324404,0.1198507911073625,0.0016960651289009499
28061,2628685.4317205967,NA,1.0767259307397847,0.9891605247957853,NA,0,2.379998749513726,16540.58823529412,0.12612893179694798,NA,0.3309457074639261,NA,NA
48417,1529609.6844882446,-3.5922685260553173,0.09069056301288443,1,0,0,0.4736880083254468,3282.294117647059,0.09716599190283401,0.0201831750339213,0.20035295338939063,0.10590070677538199,0.006105834464043419
20063,22836.897050424282,NA,-0,1,NA,0,4.380554501620994,2696.529411764706,0.005294300840859545,NA,0.32720855392920173,NA,NA
13307,60421.32219280445,NA,0.45651517870703423,1,NA,0,3.341073402467971,2580.5882352941176,0.009654313298037995,NA,0.3163085227862556,NA,NA
48079,53625.81425227239,NA,1.3627675100558356,1,0,0,3.6148603987370693,2857.8823529411766,0.00903145437558393,NA,0.3194228173985259,NA,NA
39043,482669737.6219268,-2.0461013755504354,2.4610603049823965,0.528179631882971,0.012496193443846684,0,-0.534944111608636,75495.05882352941,0.7539707256306447,0.30506195566166255,0.3825391882072044,0.4805239564998372,0.7038670284938942
16007,8673669.533728026,0.6228305994781369,2.3315299227592896,0.4046528665532223,0,0,-0.3050383105082667,6175.235294117647,0.23450638430395515,0.3585481682496608,0.43340600020761966,0.3421535175870785,0.44097693351424694
19057,4061592658.355986,1.0865555061383354,1.1361826586530457,0.9402457205371253,0.004071357339325056,0,-3.64647872429772,39470.58823529412,0.9059483027094363,0.592890892594778,0.08699262950275095,0.5286106082689884,0.4118046132971506
34005,49622962067.14711,-0.004418082982247995,2.541052908753439,0.7432829595322298,0.004613407970708988,0.0013485759383955259,-2.454362191915102,453446.29411764705,0.9816256617876051,0.4615581230303212,0.47700612477940413,0.6400633031991102,0.8443012211668928
40117,98943242.82102767,0.5148331561400745,2.8910849940851944,0.3188842982783338,0.14126627266150021,0,-1.2728750830164506,16271.64705882353,0.5649330426658362,0.767144306704771,0.39167445240319737,0.5745839339246015,0.8130936227951153
36103,37277611346.62766,-0.16978638026944282,2.772109380798099,0.5071262724925544,0.02144354882933572,0.013721493119891974,-0.35639781960487277,1501200.0588235294,0.9778885082528808,0.5208753100955417,0.7046610609363646,0.7344749597615957,0.9206241519674355
02090,10925929688.490952,-0.21134423971972538,2.8999589781663184,0.21730219183549818,0.0922132669566497,2.2090428663485313e-4,-3.2656969545273187,97607.76470588235,0.9470569915914046,0.6303313320444598,0.5881864424374545,0.7218582553577729,0.9955902306648575
06081,17928494753.942123,-0.40674290512496114,3.1638798493594456,0.5029829360007276,0.052430438241566256,0.018373353595739824,-0.6854943499017867,744670.4117647059,0.9613827468078481,0.557715385542682,0.6907505450015572,0.7366162257840291,0.9599728629579376
55079,7493659571.821368,-0.4683323538780151,3.849413637976059,0.17849726940069857,0.035137164838142824,0.0014604988547608137,0.5446233631475438,943251.5882352941,0.9349112426035503,0.5136665234584954,0.7989203778677463,0.7491660479765972,0.9569199457259159
13135,8469106829.620244,-0.3608915564131827,3.0294235811186203,0.5098894580354605,0.01696528148829619,0.0020447553396429337,0.3455900013316223,896662.2941176471,0.9367798193709125,0.46996423874433624,0.718260147409945,0.7083347351750646,0.8934871099050203
51700,79876374945.09827,-0.2837590551942988,1.412020184452075,0.82374349329617,0.00127612369487312,3.508067284633823e-4,-4.316179606534641,181502.70588235295,0.990345686701962,0.37729688232185765,0.39572303539914877,0.5877885348076561,0.6865671641791045
27053,44420761170.05132,-0.4300531230409348,2.580247726138638,0.6015734388080091,0.010420716329334036,0.007894655087072456,-0.8430533451136756,1222084.8823529412,0.9800685144814699,0.4327519806687097,0.6373922973113256,0.683404264153835,0.8812754409769336
13021,1371963289.4728699,0.3759716774334585,3.236859723144021,0.5158749909704088,0.013139494007959772,6.038763595846311e-6,-0.49003066131123235,155083.41176470587,0.8473995639987543,0.5761950178058514,0.6251427385030625,0.682912440102556,0.8843283582089553
45079,16894389128.33054,-0.2161203695148366,2.915453441676729,0.4982181186247453,0.021476769307124114,8.835679400633142e-4,-1.5475753845314262,405087.5882352941,0.9585798816568047,0.5137466248643827,0.5915083566905429,0.6879449544039101,0.9324966078697422
50027,866243617.2134042,-0.6793863209807398,3.462517479392045,0.16869519236623365,0.045285677579678454,0.013350592068330521,-1.5577199608625092,56526.76470588235,0.805668016194332,0.5044978015732958,0.7041420118343195,0.671435943200649,0.9854138398914518
04013,152375034401.84503,-0.45430500461201717,3.114549588530092,0.5691232615323591,0.019358782527983683,0.0023687406008088786,-0.1992453210814448,4222153.588235294,0.9962628464652756,0.4704550439640022,0.6664590470258487,0.7110589791517089,0.9128222523744912
29165,1694275553.7911725,-1.2750706839376633,1.4223947164913096,0.826256063590152,0.0036525427824714335,3.251823217747169e-5,-1.3728029341844525,99496.70588235294,0.8604796013702897,0.2913748120392753,0.456763209799647,0.5362058744030707,0.6146540027137042
53027,381509928.7116258,-0.20748060505711408,1.847268213481461,0.6404128259552404,0.0016827783116387409,0,-0.3366935330356985,73674.5294117647,0.727810650887574,0.3962016071944885,0.3586629295131319,0.49422506253173143,0.5244233378561737
42057,1128785808.511044,-3.172835688304815,1.2936526381388667,0.9990729499822173,0,0,-3.870247873968374,14610.117647058823,0.8305823730924945,0.026628222523744912,0.02740579258797882,0.29487212940140606,0.276797829036635
39093,565226221.4036186,0.3505760165552694,3.1818441000308817,0.5454764797008353,0.01648626560242277,0.01211252669852433,1.4356083664501929,308078.0588235294,0.7692307692307693,0.5858211221175957,0.8094051697290564,0.7214856870258072,0.8483717774762551
36119,11479424159.502998,0.07303628375337468,1.9676672450100918,0.7587183909804402,0.10285431547693699,0.0069657034878135085,0.16343108009711024,971914.2941176471,0.9486141388975398,0.6867008553515896,0.6390532544378699,0.7581227495623332,0.7985074626865671
02150,1699196223.1491332,1.2127553543600307,2.591225077551717,0.35551214087208577,0.036110410015725354,1.374615693572001e-4,-4.412998812034145,13374.529411764706,0.8611024602927437,0.7351309357747607,0.5475968026575314,0.7146100662416787,0.9389416553595658
53057,1477080769.863904,0.3615652634224169,2.0673151616950727,0.6789667125551312,0.07567225602373086,2.1814470839435422e-4,-0.9027459325671234,123971.88235294117,0.8517595764559327,0.7105914678746911,0.553825391882072,0.7053921454042319,0.8100407055630936
45057,32297508.70820351,1.304295592801525,2.7229153525661247,0.6267458112828653,0.002077479729369393,0,2.4356438586024365,90015.17647058824,0.3942696979134226,0.5879405803919009,0.5199833904287345,0.5007312229113526,0.4694708276797829
35053,483509640.57433265,0.9203720906567767,2.475528668967967,0.4396985582018629,0.003331130547037245,0.011663163489874883,-2.793176383393896,16999.41176470588,0.7542821550918717,0.5694146094087769,0.6065607806498495,0.6434191817168328,0.8724559023066486
04021,1371081455.4144435,0.1790595270918871,2.294449986750929,0.5557844545358175,0.01816482083454074,1.6886701137142887e-4,1.0130529709271683,418485,0.8467767050763002,0.5685892363650866,0.7248001660957127,0.7133887025123665,0.7849389416553596
47187,1179215671.2921252,1.4738736215116859,2.6453264204018514,0.6165804265897302,0.008291317743539082,0.031232420624491563,0.19659058284006448,220874.29411764705,0.8352538150109,0.6503751510257059,0.7228277795079414,0.7361522485148492,0.8378561736770692
40091,31246803.467413645,-0.70754469906697,2.1214958653788694,0.47625522144515287,0.01357858751040799,0,0.17654752314287903,19796.764705882353,0.38866396761133604,0.4077549037468877,0.44555174919547386,0.4139902068512325,0.5257801899592944
22069,109378827.1989327,-0.012908521229942238,1.6997978882144138,0.7580542357041938,0.03765969171843528,0,-0.07434562000081447,38380.705882352944,0.5798816568047337,0.594803809337354,0.33156856638638016,0.5020846775094893,0.46200814111261873
23021,391795312.0192886,-1.7009020813733997,0.3541369045504925,0.997500712253145,0,0.0026015524194557106,-2.5679396695894723,17167.647058823528,0.7324820928059794,0.0773405698778833,0.32772760303124676,0.3791834219050365,0.3208955223880597
17073,31262071.287662093,-0.08705173760912466,1.711492133502912,0.7867534333506009,9.409081175924605e-4,0,1.562778884873083,49488.41176470588,0.38897539707256307,0.40604637588156867,0.42312882798712764,0.40605020031375316,0.2710312075983718
28075,762528132.0180191,-0.7441954777868887,2.9634664700665225,0.21364401716088424,0.1321770555138932,2.1187255166539637e-5,-0.9732228092995021,76450.17647058824,0.7925879788227966,0.5748548204504894,0.6660438077442127,0.677828869005833,0.9528493894165536
36091,671819508.9391048,0.5359521768790287,3.272173823634956,0.6077154787497278,0.013253480969472736,0.11863792048745707,0.8096687147510933,228362.70588235295,0.7816879476798505,0.5943350971504293,0.7790927021696253,0.7183719156666352,0.8582089552238806
17111,311467642.1995103,0.61808209771851,3.3508731560537828,0.531663622484877,0.001772203120660373,0.005718147530832133,2.037413926090188,309276.23529411765,0.7069448769853628,0.5218643981767244,0.8258071213536801,0.6848721321719223,0.8022388059701493
01033,90540269.88553464,0.029188897642827172,1.9719256942637713,0.8220917850009696,0.030996528256614118,0,0.6760908937648301,55616.882352941175,0.5515415758330738,0.5857230063927039,0.35305719921104534,0.49677392714560775,0.43012211668928085
39157,276401635.98453414,-1.100800693402709,2.333239193635555,0.727088264581992,0.011504380036539915,0,0.32903858420858867,92441.70588235294,0.6913734039240113,0.36008742949490113,0.3724696356275303,0.4746434896821476,0.5658073270013568
36003,72251874.82574818,0.35809480379396597,2.507203615120534,0.7168515318269637,0.09637521397691484,0.031427428002876553,0.6656082585068489,47583.23529411765,0.5157271877919651,0.7262843189771673,0.7164953804629919,0.6528356290773748,0.762550881953867
55077,21542243.053887125,-1.4223220222016781,2.540066994515462,0.5462218111961901,0,0,0.1716177307209652,15433.529411764706,0.3391466832762379,0.09396200814111262,0.4260355029585799,0.2863813981253101,0.4470827679782904
18037,408145242.9903174,-1.0717263255144118,0.8072582484630489,0.7244182008968629,0.0012956797578133593,0.0044244487315282036,-1.2308716233237238,42668.17647058824,0.7371535347243849,0.2817979921851845,0.5563168275718883,0.5250894514938192,0.5722523744911805
29175,5911235.680281181,0.028644654892453048,1.790505407307307,0.6752620523719709,0.017010551835878032,0,2.1885455552235236,24896.882352941175,0.1990034257240735,0.537624208163047,0.4935118862244368,0.4100465067038524,0.30156037991858886
72001,495207901.8842979,-1.4005196708073875,1.2691120758106635,0.8472361209086935,0.4582021778928455,0,-2.6877506495763654,18515.9,0.756462161320461,0.5677611441789051,0.15893283504619538,0.49438538018185385,0.5505427408412483
02220,230237992.69127572,0.8124948865396853,2.754212873447294,0.4014088152031178,0.24102824956921814,6.453559028272094e-5,-3.0710589643519746,8665.588235294117,0.6692619121768919,0.8279631402107699,0.5485310910412124,0.6819187144762914,0.932157394843962
01025,52994476.05078289,-2.220729133097798,0.757173769135366,0.951886608792535,0,0,-0.04491491467646603,24245.470588235294,0.47274992214263467,0.05512211668928087,0.2310806602304578,0.25298423302079115,0.09905020352781546
41045,176438449.58349085,0.050826432715727066,2.546616238418235,0.3514593188438182,0.018700893961318632,0,-0.8715870240127738,31085.176470588234,0.641233260666459,0.5492019769978673,0.4088030727706841,0.5330794368116701,0.7449118046132972
20113,44780901.75467985,-0.04373276500834855,2.2962783096070467,0.561918962095306,0,0,0.4097600034305735,29293.647058823528,0.44316412332606664,0.26136363636363635,0.4376622028443891,0.38072998751136405,0.43487109905020355
41013,190510024.02967042,1.1094934377220262,2.1678831849261684,0.22397306046416146,0.11799603849639684,0,-1.3948098488186753,23143.882352941175,0.649953285580816,0.8200404653721736,0.40070590677878126,0.623566552577257,0.7798507462686567
55057,215407220.95937645,-0.4933726748771825,3.310438968785444,0.24737329774634056,0.08086002889608082,9.98880244945454e-4,-1.3061890793507505,26613.941176470587,0.6614761756462161,0.5790682450382447,0.6635523720543963,0.6346989309129524,0.9470827679782904
21239,5346612.824622273,-1.9580398539788515,1.8857819305174086,0.8928325676654579,0,0,2.3588594086534327,26074.058823529413,0.1893491124260355,0.06529850746268656,0.4010173362400083,0.2185549853762435,0.11974219810040705
45083,554576296.4468421,1.9734704361279753,2.5496493827496245,0.6153793265654846,0.018542921995545032,0.009229260516663236,1.4677021117447466,310750.4117647059,0.7661164746184989,0.7247551412186652,0.7852174815737568,0.7586963658036403,0.7900271370420624
22121,3360480607.716263,-0.12209143222814234,0.1830260365410432,0.9805620229873855,0.006438343024499287,0,-4.099008779920263,25825.58823529412,0.8981625661787606,0.4570495581846642,0.05200872002491436,0.46907361479611304,0.32598371777476254
51670,106293807.34415156,-0.762769092176752,2.291571698508371,0.5453108360345884,0.003772285337796446,0,-0.8487627955502115,22578.235294117647,0.5758330738087823,0.3385176050880594,0.35918197861517703,0.4245108858373396,0.6044776119402985
48097,77095698.3520365,1.8318317315967612,1.695285900985639,0.677256751216756,0.0060650191671458905,0.017061928346321798,0.3488945257756154,40289.76470588235,0.5288072251635004,0.6536912585913572,0.7018581957853213,0.6281188931800598,0.6034599728629579
35039,246759790.65460446,-0.010829876302665298,2.873762111487276,0.340080457317682,0.2684491870389948,0.0076173397412172715,-0.8327631134565783,39805.82352941176,0.679539084397384,0.7232377464109585,0.709851551956815,0.7042094609217191,0.9430122116689281
35057,20865980.800584078,-2.1277653101842766,2.4096604498895653,0.4391157151050707,0.07582817876899291,0,0.23685548306341833,15777.29411764706,0.33416381189660543,0.44412921274480216,0.46008512405273544,0.412792716231381,0.6187245590230664
28037,28458067.857789565,-0.8858190407398538,2.089485871764585,0.3839245803329367,0.24148142759778998,0,-1.1389125941611788,7803.823529411765,0.37620678916225475,0.5911898423713098,0.3837849060521125,0.45039384586189235,0.6763907734056988
16035,272145167.14570117,-0.9754962070267013,2.7649929872132155,0.34292575388582625,0.04467047590959183,0,-3.221169119640636,8764.117647058823,0.6904391155403301,0.47465747868418884,0.320149486141389,0.495082026788636,0.8317503392130258
08109,8624161.206736315,-1.0259810379458099,2.4953387038914303,0.31308481374767844,0.0508138576316734,0,-0.23863844408589263,6427.823529411765,0.2338835253815011,0.48076093389855246,0.4595660749506903,0.39140351141024793,0.6353459972862958
16045,34503657.56289788,1.0881298943902529,2.6531964051193646,0.4442771517118342,0.0018604225158108255,0.04156004015697822,-0.0631541126100644,18041.117647058825,0.40361258175023357,0.5700144069232993,0.7591612166510951,0.5775960684415428,0.7656037991858887
13299,73755554.63094509,-0.5851856758085994,1.4868707174649678,0.842625760415351,0.04766240804379408,0,0.2169055976600064,35860.17647058824,0.5203986297103707,0.5235721329588168,0.3126751790719402,0.4522153139137092,0.3724559023066486
21199,69250953.25068717,-0.7918243696038179,3.0643712546999557,0.3181958964106876,0.12111821730992077,0,1.1650940487443537,64358.41176470588,0.5091871691061974,0.5637546010156904,0.55195681511471,0.5416328617455326,0.7547489823609227
01069,253614702.14072347,-1.2069210516087363,2.7380434759133068,0.5403655650999626,0.1841262386806534,0,0.6030714250162319,104667.41176470589,0.6829648084708814,0.5500038974375707,0.4575936883629191,0.5635207980904571,0.748303934871099
29083,17304652.297187805,-3.5549430062519694,1.8256378040387533,0.7732703368858661,0,0,0.9344246481080803,22105.235294117647,0.310495172843351,0.02086160108548168,0.3947887470154677,0.24204850698143346,0.2265943012211669
29163,47447883.41131683,1.757234977193578,1.6176040047134483,0.6722787402037701,2.7232298094425337e-4,0,-0.361743481992404,18280.823529411766,0.4534412955465587,0.5851532327431888,0.34506384303955157,0.46121945710976636,0.37991858887381275
46127,3764552688.5340905,-1.2106221805594544,1.3147260311834228,0.9859316266663134,2.45904164303722e-4,0,-4.983070826342107,15522.29411764706,0.9040797259420741,0.25240088952214695,0.04162773798401329,0.39936945114941147,0.3805970149253731
39029,359831182.66519237,0.37545639702755196,2.2036551444661816,0.6287311233147179,0.005893779887760576,0,0.24476364011023952,104082,0.7212706322018063,0.5319346290953685,0.4033011522890065,0.5521688045287271,0.5844640434192673
13061,84518019.39969186,-0.9191639576264681,1.752663269385596,0.823759222354312,0.0048309603416902235,0,-3.675444483610574,2997.8823529411766,0.5403301152289006,0.3336331187929908,0.15125090833592858,0.34173804745260666,0.44843962008141114
17099,289256429.5840351,1.5215851997625798,2.425986772116949,0.537904522986608,0.6687255027509376,0,0.5587083309314624,110870,0.6985362815322329,0.9129314712645553,0.45499844285269386,0.688822065216494,0.7323609226594301
29177,3359468.268357119,0.050064581302182276,1.7284628149266137,0.7927407860162381,0,0,2.642739066723413,23138.176470588234,0.145748987854251,0.2783242876526459,0.45738606872210114,0.29381978140966597,0.12720488466757124
19175,3575616.3459750204,-0.3772466919982733,2.03572244685988,0.7498045195262018,0.9217705805636288,0,1.6278149409689906,12330.941176470587,0.15197757707879164,0.6970486653995462,0.4419184054811585,0.4303148826531655,0.38670284938941657
19033,41903471.75448063,0.9960682695407908,1.9037089109398688,0.8247187079689745,0.0013301896523666469,0,1.0640362000771464,43197.294117647056,0.43350981002802863,0.5534919907657921,0.37838679539084397,0.45512953206155493,0.3110583446404342
37005,137117634.09477177,4.572830744907765,0.25300277204734894,0.9601202090221906,0,0,-2.1832570126230184,11061.941176470587,0.6097788850825288,0.49219810040705564,0.10640506591923597,0.40279401713627344,0.1587516960651289
47071,37509689.56115572,0.3175159530021947,2.666747414523169,0.45391836953577824,0.0066929906499276,0,0.4218580743714325,26266.58823529412,0.41824976642790407,0.5316529712523193,0.46911657842831933,0.4730064387028476,0.5970149253731343
49039,122849326.29306704,1.431428618004439,1.4224812085189456,0.6636047903475965,0.0017008988141489813,0,-0.6157586849341866,28979.058823529413,0.5960759887885394,0.5902288520958697,0.33053046818229004,0.5056117696888996,0.41451831750339213
02050,214754715.47461814,-1.9363316604509428,2.1573070973828474,0.6401729628259714,0.1891117475430983,0,-1.9039282755286098,17894.58823529412,0.6611647461849891,0.5040196856852557,0.27104744108792694,0.47874395765272393,0.7082767978290366
12037,64880658.43155269,1.783941234308939,1.743372560649731,0.698090666875793,0,0,-1.3221353974613843,11918.117647058823,0.5014014325755216,0.44657394843962006,0.2759265026471504,0.40796729455409736,0.3748303934871099
53017,489999988.8361627,-0.4895839353486231,1.983642139920914,0.580777871980418,0.001960385636964023,0,-1.461836654658382,41331.23529411765,0.7552164434755528,0.35646677797023263,0.3119485103290771,0.4745439105916209,0.6197421981004071
42065,36222641.74305855,1.5722808016604652,1.4744711650515663,0.8336040206754043,0,0,1.2481227867488354,44307.35294117647,0.4117097477421364,0.43419267299864317,0.3838887158725215,0.4099303788711004,0.18113975576662145
29143,112282394.35205099,0.7620223303198674,1.6226595034506013,0.46908633489642676,0,0,-1.2924203365693125,17462.764705882353,0.5833073808782311,0.3722862957937585,0.3509810028028651,0.4355248931582849,0.4654002713704206
39031,45139187.072569974,-0.0672081462322538,2.176995822956398,0.7616879393796728,0,0,0.7442188787253466,36730.82352941176,0.44409841170974773,0.25797150610583447,0.3830582373092494,0.3617093850416106,0.3310719131614654
06021,492549807.7200279,-0.7464971519693684,1.8726681106322092,0.6008731651606747,0.2148347974224872,1.0241354870453932e-5,-2.0493618942895915,28130.764705882353,0.7561507318592339,0.5992317062891046,0.5186338627634174,0.6246721003039187,0.823270013568521
01003,324592692.30940497,0.36197293681015097,2.9723665948009534,0.42975341685273305,0.030621793732447215,0.0011338890246952878,1.4263267696818278,212247.82352941178,0.7103706010588602,0.6362787764583895,0.8009965742759265,0.7158819839310587,0.8480325644504749
19023,1219514.5464214399,2.185133332266659,0.9552976828396054,0.98307449576119,0,0,2.9635510379687133,14642.529411764706,0.08595453129866085,0.46099050203527814,0.3508771929824561,0.29927407543879836,0.011533242876526458
48051,41986927.376985736,-1.396842020493498,1.914831557199901,0.5912085215355127,0.005153241292573968,0,-0.2662230255530706,17960.529411764706,0.4341326689504827,0.29305025700428444,0.38274680784802245,0.3699765779342632,0.47388059701492535
12015,172756480.36980554,2.1991137786302186,2.1462483942951778,0.6874163786899626,0.05748058028086203,0.009391164606598822,1.8006239878326806,179173.4705882353,0.6387418249766428,0.8250623816606528,0.7732793522267206,0.7456945196213387,0.7123473541383989
54089,855026383.4170506,-1.4500032229559885,0.8829568704229562,0.9429163943450372,0.005874086832092928,0,-3.782746995021626,12884.235294117647,0.8044222983494238,0.29550836181635093,0.08398214471088965,0.39463760162555483,0.36092265943012214
20029,2677676.30024323,2.3061650923761405,1.7917113173179975,0.9823637308803834,1,0,1.4631045705221535,9135.941176470587,0.12768607910308316,0.9588716102489919,0.3028132461330842,0.4631236451617197,0.21743554952510177
32029,143462898.01232094,1.2345973043929455,1.303288800282629,0.8753421303909589,0,0,-3.7649167618699355,4008.3529411764707,0.6147617564621614,0.41400949796472186,0.12540226305408492,0.3847245058269894,0.3076662143826323
20003,210113.0915661553,NA,1.6321775911481686,0.8738329543235611,NA,0,3.7893278688236824,7906.058823529412,0.027405792587978824,NA,0.4358974358974359,NA,NA
51053,4144353.334557816,0.087786652428683,2.966412097758636,0.458330263814568,0,0,2.7326556706523286,28208.352941176472,0.16287760822173777,0.2845997286295794,0.5763521229108274,0.34127648658738147,0.39755766621438265
02158,15075828.501374722,0.6659968570209571,1.5611446179805157,0.8016805178035984,0.5608013250808606,8.632105399048732e-4,-0.45203552928859336,8074.133333333333,0.2967922765493616,0.8404024240248928,0.5445863178656701,0.5605936728133082,0.5688602442333786
28083,391114917.3457747,0.8875412656069308,1.634234127053909,0.7311164112348345,0.008215664506926023,0,-1.7381563982315178,29669.647058823528,0.7321706633447524,0.6054450601791552,0.24322640921831207,0.52694737758074,0.5227272727272727
01039,162053662.58690998,-0.09468295691156925,1.2181068083567772,0.8530871037897162,0.00410122656079791,0,-0.500111697550755,37561.470588235294,0.6322018062908751,0.44023981930391765,0.25775978407557354,0.4434004698901221,0.3344640434192673
21131,1736460.3668375246,-0.47736555488514476,1.5228657044236427,0.6147947539178067,0.5532425103096144,0,2.120348506231653,10594.235294117647,0.10464029897228277,0.6702949091307899,0.513962420845012,0.4296325429826949,0.34531886024423336
06005,48223448.03771289,1.1868546970035254,2.4734451820695122,0.5544480002716039,0.01898450970156518,0.013088800538171444,0.76576796512580525,38920.58823529412,0.4556213017751479,0.6845219158352889,0.766843143361362,0.635662120323933,0.7425373134328358
51143,38167722.008079074,2.2290426680063895,1.1945478276597017,0.8841741877867706,0,0.06250134812481256,1.6943691817818998,61593.05882352941,0.4204297726564933,0.462516960651289,0.7067372573445447,0.5298946635507756,0.2862957937584803
12131,74895925.44587353,1.6144822319110919,2.9640278912736098,0.45067419897027544,0.10217347616383544,0.05679156793382764,1.1654924027369178,67796.17647058824,0.5238243537838679,0.8413872067971311,0.8418976435170767,0.7357030680326919,0.8534599728629579
18001,107473178.19116212,4.8510883117354915,0.8317254790435976,0.9896204927036231,0,0,-0.18569824178764488,35246.64705882353,0.5767673621924634,0.49389416553595655,0.1886224436831724,0.41976132380386416,0.10854816824966079
18011,165348967.61334816,2.7955450651988674,1.9631082751630142,0.9160431272837928,0.016020657495635308,0.2376153101155587,0.3135018937748335,65159.76470588235,0.6346932419806913,0.7335744532937427,0.6117512716703001,0.6600063223149113,0.5953188602442334
18113,4921380.796691099,-1.2825670381725587,1.775064107659121,0.7424680851363872,0.31394296551878526,0,3.347999183547729,47452.05882352941,0.18125194643413267,0.5639120846849738,0.4918509290978926,0.412338320072333,0.33276797829036636
39121,876373.3155904762,3.165584663169037,1.1998922962755663,0.850881841588897,0.06417697436816037,0,3.276648955276621,14475.941176470587,0.07225163500467144,0.8530763471764877,0.4416069760199315,0.4556449860670302,0.1451831750339213
21025,31152948.171738457,2.189508795369644,0.8681807980295506,0.933751251024643,0.009889402849649384,0,-0.4119614961640064,13392.529411764706,0.388352538150109,0.6914566355687404,0.21737776393646838,0.43239564588510593,0.19233378561736772
25019,54294213.39570805,0.6702263585788195,1.8451539404874457,0.6243433521844499,0.011401357103599923,0,-1.1585278028900559,11804.29411764706,0.47617564621613206,0.5999292796357074,0.3137132772760303,0.4632727343759566,0.5078018995929444
26035,8267177.819594278,0.5701921612447514,1.730589978036469,0.8124206588297035,0,0,2.1803195637355293,30905.529411764706,0.22703207723450639,0.3514246947082768,0.43548219661579984,0.33797965618619435,0.14789687924016282
17033,1147466.752383313,-2.148454674904279,1.606178143713003,0.6366416437841641,0,0,3.42796873512816,19116.29411764706,0.08221737776393646,0.05817503392130258,0.533582476902315,0.22465829619585134,0.148236092265943
17101,10048873.50226677,-3.688761685405348,1.519451252326918,0.9389094192533582,0,0,0.9938073127894652,16053.764705882353,0.25194643413266893,0.018995929443690638,0.310702792484169,0.19388171868684287,0.0912483039348711
40067,19247882.1959299,0.584399402303605,1.508907832392135,0.7178736587916704,0.02858239827757506,0,-1.1383611606227924,6029.235294117647,0.32295235129243227,0.6580639796100568,0.2793522267206478,0.42012285254104564,0.39450474898236093
47105,635831215.5505093,-1.0954405399954723,1.6005638648179021,0.8848684065316433,0.10723157720102974,2.4044806351806257e-4,-1.35007064641045,52857.35294117647,0.7779507941451261,0.5297653198753908,0.43776601266479814,0.5818273755617717,0.6787652645861602
18031,8555628.358577546,2.654440583106668,1.0134747647374847,0.9831909239547285,1,0,1.899786658018976,26265.176470588234,0.23232637807536594,0.9659950837903759,0.32108377452507003,0.5064684121302706,0.1519674355495251
48365,4262169.586346403,-5.999513808636873,0.21469522223814355,0.9972060605608756,0,0,2.4179489926078537,23340.941176470587,0.16536904391155402,0.0027137042062415195,0.3193190075781169,0.16246725189863745,0.006445047489823609
19115,74520908.22206777,-1.5675390335878276,1.6732649771063741,0.6937002628312355,0.003654384851805337,0,-1.5639421468147297,11132,0.5219557770165058,0.26949296603156564,0.2659607598878854,0.35246983431198564,0.4592944369063772
27049,104062992.30703072,-0.7569974714856045,1.9753840705600298,0.6278947878078479,0.0038846469717698324,0.0045031787589309155,0.2715960772175846,46674.82352941176,0.572407349735285,0.34019542930274843,0.6905429253607392,0.5343819014662575,0.6675712347354138
19025,1960909.345437543,-2.0772520223722424,0.8810440375106274,0.9508424532410478,0,0,1.8857777825918332,9832,0.11304889442541265,0.0608887381275441,0.34641337070486866,0.17345033441927513,0.018656716417910446
16033,9187005.239248492,1.0668482500661032,2.3013886301340674,0.522324293676181,0.08897479019934276,0,-3.322318670830697,873.7058823529412,0.24135783245094986,0.7984348389225308,0.2710474410879269,0.4369467041538025,0.6373812754409769
48389,3591472443.8856034,5.651955266432902,0.35596327563367164,0.9980488537233091,0,0,-5.083637389853072,14079.70588235294,0.9009654313298038,0.4966078697421981,0.022838160489982353,0.4734704871873281,0.22693351424694708
19071,602686909.6801238,5.424893519950524,0.7806076340256128,0.8620510555105296,0,0,-4.365525486618945,6957.941176470588,0.7742136406104018,0.4962686567164179,0.12695941036022007,0.4658139025623466,0.31546811397557667
02185,702249998.598423,1.2508603185556773,2.304541331057881,0.40819124793315587,0.018225092402240118,0,-3.976143306844789,9955.941176470587,0.785736530675802,0.6842478489316943,0.2956503685248625,0.5885449160441195,0.7791723202170964
46123,8835358.640176332,1.179535681174528,1.2783100052697844,0.934539871183584,0,0,-0.4829111294400359,5557.941176470588,0.23668639053254437,0.4118046132971506,0.21156441399356382,0.2866851392744196,0.10040705563093623
55067,34691059.031155795,-1.3675049572220832,2.2461172680416825,0.7284470572838952,0,0.07666390155873748,0.04933228370605666,19502.70588235294,0.4048582995951417,0.0980325644504749,0.6774628879892038,0.39345125067827347,0.5634328358208955
51065,12592707.482962303,-0.07060799232815995,2.2218207226826547,0.8040349045260913,0.13080192099028673,0,1.5380662146855726,26699.235294117647,0.27717222049205853,0.6774719724387717,0.41399356379113467,0.4562125855739883,0.40298507462686567
05101,17670824.450561088,0.5567331075512474,1.7302532182551775,0.7352309322402131,0.012449667445423985,0,-0.6714585321745344,7757.235294117647,0.3136094674556213,0.5917021741356979,0.300944669365722,0.4020854369856804,0.37449118046132973
39105,9850973.914050182,-0.1840409358506072,1.504447059953281,0.751190584547583,0,0,1.55339286656335,22931.823529411766,0.24945499844285268,0.2364314789687924,0.437454583203571,0.3077803535384054,0.16180461329715062
21053,9828191.953744771,-0.7011930681210092,0.8570880855081223,0.9921824705217119,0.0170077868449021,0,0.28620533997016767,9912.058823529413,0.24883213952039862,0.4222943852426698,0.2164434755527873,0.29585666677195194,0.09158751696065129
22011,24842713.063477587,0.6156514610015513,2.1392425357226186,0.7076069129964893,0.1397634750449843,0,1.3291417370820808,36434.41176470588,0.3578324509498599,0.7798700068613029,0.44461746081179276,0.5274399728743185,0.4728629579375848
36077,289665385.07946867,-0.1776391352824085,1.4569393746651098,0.9456570972532318,1.1056134510985093e-4,0.0156677134863588,-0.3517178284801068,60810.58823529412,0.699470569915914,0.3722212629691767,0.5205024395307797,0.5307314241386235,0.48032564450474896
28009,2259801.6181099517,-2.706029027255516,0.4690533126966563,1,0,0,1.469224818383575,8200.176470588236,0.11740890688259109,0.03782225237449118,0.26170455725111597,0.13897857216939943,0.005766621438263229
31151,383568153.6828652,-2.317390955888186,0.012666691529760672,0.987550437420412,0,0,-2.815440872932557,14374.823529411764,0.728744939271255,0.05206919945725916,0.06342780026990553,0.28141397966613996,0.17537313432835822
30055,4586298.003557308,2.93647322253835,1.1652280786524647,0.9645371565223696,0,0,-1.6136086623312995,1707.3529411764705,0.17502335720959203,0.4771031207598372,0.1250908335928579,0.25907243718742906,0.08378561736770691
31113,137054.23398175932,NA,1.5646525869433836,1,NA,0,0.6399815594546415,744.1764705882352,0.018685767673621925,NA,0.2109415550711097,NA,NA
30069,5068549.543500038,0.30311362592440894,1.5085536821448313,0.7606543956288065,0,0,-3.5670020109611804,501.7647058823529,0.18498909996885704,0.3183514246947083,0.18000622858922455,0.2277822510842633,0.25203527815468113
13315,1608667.507483366,NA,1.5852660941147616,0.9833176537991443,NA,0,1.9392758257472107,8936.70588235294,0.10121457489878542,NA,0.3223294923699782,NA,NA
72081,100502172.37800324,-3.119606740423105,0.8170190780360234,0.9782402347809998,0.9745741081262818,0,-0.49171744591347594,27546.4,0.5664901899719713,0.5206266218551985,0.1775147928994083,0.42154386824219275,0.3093622795115332
17065,1071327.8131748277,-0.511608553260336,1.0231084760231113,0.8640910564848681,0.8069581058285145,0,2.214299600091127,8193.117647058823,0.08034880099657428,0.6743682978802472,0.4119173673829544,0.38887815541992526,0.18080054274084126
51640,10150360.499529855,1.3868310679167912,1.0933910962595184,0.829341765471155,0.003895527591744808,0,-0.32964425601275205,6740.705882352941,0.252569293055123,0.6117328505949031,0.2810131838471919,0.381771775832406,0.20861601085481682
27101,1644098.5888505175,NA,0.4103138055783415,0.9601501236695795,NA,0,1.8188126761557781,8372.64705882353,0.10214886328246651,NA,0.3375895359701027,NA,NA
47153,5452193.238762531,-0.36245219215395963,1.1963019682878429,0.9707073741595992,0.5950222872363511,0,1.5207221204600627,15181.764705882353,0.19121768919339768,0.6872268961260377,0.31620471296584657,0.3982164327617606,0.17469470827679784
13065,10962708.200150188,-3.5413964548032446,0.7591949696894623,0.9132567677297401,0.3371936309150148,0,-0.4054857298330599,6745.823529411765,0.26160074743070694,0.48212526364352404,0.23253399771618397,0.32542000293013834,0.2394843962008141
21173,32214490.975873616,3.5729712013922015,1.2693153573696168,0.9293508977264576,5.585884058679828e-4,0,0.6468442620924163,27560.941176470587,0.39395826845219556,0.6300103599328916,0.2939894113983183,0.4393193465944685,0.1689280868385346
18147,13165964.55873683,0.41175655926701715,2.4189470792325283,0.6573072581636261,0.03461731742279601,0,1.0922185687140877,20480.470588235294,0.2824665213329181,0.65242810360658,0.44980795183224337,0.46156752559058045,0.4691316146540027
19017,114429016.55926675,-1.1497717615232972,1.958492114784618,0.8990966156299302,0,0,-0.7822406258570558,24770.764705882353,0.5861102460292744,0.11702849389416553,0.21696252465483234,0.3067004215260907,0.3283582089552239
12027,3257776.1929412135,-0.20012819371891055,2.4285527358493395,0.8413586903039008,0.3625491206179603,0,3.3261885859031555,35613.94117647059,0.14388041108688882,0.6979770259650917,0.44731651614242707,0.4297246510648025,0.364314789687924
01105,9262707.768688614,1.5875737435570478,0.3563181731784883,0.989399880623661,0,0,0.25767259238354545,9353.470588235294,0.24322640921831204,0.43487109905020355,0.21789681303851346,0.2986647737690097,0.022048846675712348
47137,3414094.4365590746,1.044269524925447,1.0374763266116644,0.9789998021108761,0,0,0.33176000136550393,5079.705882352941,0.1476175646216132,0.4014586160108548,0.23450638430395512,0.26119418831214103,0.03459972862957938
48175,48507398.771280356,-0.371052442401389,1.1198807324576334,0.9548385591297466,0.8019021907416377,0,-1.7675483889238122,7327.35294117647,0.45686701962005605,0.6948985034746109,0.12581750233572095,0.4258610084767959,0.35244233378561735
47133,11390772.695927393,2.1203806940574346,1.2955595663694726,0.8894215159717744,0.0289426185569165,0,1.3684542401137865,22338.058823529413,0.26627218934911245,0.7645586287908246,0.36250389286826534,0.4644449036694008,0.19911804613297152
21045,3060902.035466375,0.13850152660442028,0.7248485311115676,0.9300881569048318,1,0,2.1698159488889472,15919.176470588236,0.14014325755216445,0.7913003755135781,0.37215820616630335,0.43453394641068194,0.13941655359565808
17147,20263800.70809204,NA,0.0423229229502754,0.9978675457817363,NA,0,0.34036768611566937,16570.352941176472,0.32980379943942695,NA,0.21114917471192776,NA,NA
08091,13700119.61707019,2.901530995526622,0.8771743403598775,0.9473177587215527,0.001042947138822716,0,-1.1596403085426756,4748.941176470588,0.2874493927125506,0.6297234904000675,0.16080141181355756,0.3593247649753919,0.14416553595658074
48075,5996064.109375644,2.42542918569613,1.1294551151799155,0.9604300353471092,0,0,0.26122396765462674,7034,0.20024914356898163,0.4672659430122117,0.24488736634485622,0.30413415097534985,0.05359565807327001
48385,3608098.2766706664,NA,0.5162369890958656,0.9959544034559388,NA,0,-0.4246093974262975,3196.4117647058824,0.1532232949236998,NA,0.16028236271151253,NA,NA
31075,9133.348370294261,NA,0.43850497092655205,1,NA,0,3.0758480717419445,621.5294117647059,0.004048582995951417,NA,0.3112218415862141,NA,NA
06019,4176987822.72776,0.4198088670734812,2.5968808942301798,0.2143460255957728,0.07308672028381771,0,1.1783642125498177,974465.2352941176,0.9068825910931174,0.7167363900120458,0.5706425827883318,0.7314205212978316,0.8141112618724559
06083,14261869625.700495,-0.5589310384283088,3.25385295790626,0.33262480918218423,0.022866380659314255,0.06124708775914486,-1.2628229850481674,437170.4117647059,0.9557770165057614,0.46550541154674796,0.7134848956711304,0.71158910790788,0.9843962008141113
42075,2047591310.3488333,-0.19656028184678576,3.2506302378408054,0.17079782351443118,0.062029619654589446,0,-1.0579679315187196,138834.64705882352,0.8698224852071006,0.6041304680822522,0.42665836188103395,0.6335371050567956,0.8914518317503393
32510,550215389.0061569,-0.017109068626645296,3.308457947075154,0.46446206034197385,0.03237306152128492,0.017689726312593593,-1.1235847651519464,55795,0.7651821862348178,0.5812663318495879,0.6712342987646632,0.6725609389496897,0.9335142469470827
12103,26962049055.032993,-0.44784652682979953,3.155008044208443,0.5330788722293772,0.013058281874813102,0.003876389541876069,-0.7302315660610759,946696.8235294118,0.9701027717222049,0.44307475194622625,0.6515104328869511,0.6882293188517941,0.9253731343283582
48355,11022906337.689264,-0.6047465766146338,2.595531970360073,0.456033751205742,0.03330035749632462,0.0023350294680950364,-1.332855663814459,352074.76470588235,0.9476798505138586,0.4874400542378289,0.6257655974255164,0.6869618340590681,0.9274084124830394
12099,13103901762.960606,0.21590658204521773,3.6251291251388187,0.26513380240603485,0.23628970534338842,0.004876745462752169,0.6203231519738364,1434524.0588235294,0.9535970102771723,0.7535241219662301,0.8123118447005085,0.839810992314637,0.9847354138398915
13067,65409375861.78833,-0.47667800157903173,1.0954348010338641,0.9312548245803363,0.004577387531816437,0.0036443988050232695,-1.9950033507995353,737212.3529411765,0.9869199626284646,0.38473158438088295,0.4142011834319526,0.5952842434804334,0.596336499321574
23013,82453419.82191014,-0.500735588152315,2.367780795677348,0.6247087026273875,0.027020846338751674,0,0.2764622705767279,40150.35294117647,0.5365929616941763,0.48954285776437545,0.407868784387003,0.4780015346151849,0.5878561736770692
16049,283967089.2518655,-0.7855236089499904,2.436123973089039,0.3545075162190501,0.29988372252187573,0,-2.2927393728295193,16646.235294117647,0.6954219869199626,0.6080332306403853,0.34091145022319114,0.548122222594513,0.8256445047489823
08013,13495337952.149466,-0.2514019187967378,2.8782534463848766,0.5728992653782068,0.02392978474317426,0.060766698915517586,-1.7015101616001254,315442.64705882355,0.9542198691996263,0.516836250520036,0.6268036956296066,0.6992866051164229,0.9416553595658074
40143,9066921981.784107,-0.07330016328804945,3.2478728018811247,0.4140834851850873,0.12379082270787677,8.269605879814187e-4,-0.22934032836320523,641547.0588235294,0.9402055434444099,0.6732891382040427,0.6945915083566906,0.7693620633350476,0.9613297150610584
36047,6744456818.362127,-0.2629703435925421,3.5389241372761018,0.24642909678025066,0.06460956148776405,0.014850301263691036,2.1730278778650427,2580245.411764706,0.9293055123014637,0.5976333036946802,0.9163292847503374,0.814422700248827,0.9504748982360922
54037,3360424176.523983,0.15757643463681248,3.1622044877551105,0.1932982712470647,0.05443234160272825,2.2316825513847382e-5,-2.9188925749624692,56321.117647058825,0.8978511367175335,0.6560506811905131,0.5898473995639987,0.7145830724906818,0.9884667571234735
24041,2089454378.3634381,-0.03406588778811681,2.561848724875201,0.8220450596156139,0.002164319568294001,0.003989184043111243,-3.0547035744805897,37614.58823529412,0.8716910619744628,0.4324035905370216,0.44316412332606664,0.5824195919458504,0.8005427408412483
37133,20916968250.917316,-0.3109238972530939,2.690347421877958,0.27178088298172254,0.018820634443245284,4.0829988611503095e-4,-2.872846881536645,194337.58823529413,0.9654313298037994,0.4866041445169851,0.5929616941762691,0.6816657228323512,0.9562415196743554
45027,130219389.00887711,-4.043791090411721,2.1729087408589836,0.6692408250015505,0.0216086443714316,0,-0.4612797095134842,33352.529411764706,0.6044845842416693,0.29698428970106655,0.3390428734558289,0.41350391579952156,0.5848032564450475
16001,4358391880.735811,0.8415799966922464,3.5442414920272407,0.19176443816567143,0.04314807583648326,0.014202651653404065,-0.024678193167253375,452648.1176470588,0.9103083151666148,0.7209626172290307,0.7988165680473372,0.8100291668143275,0.980325644504749
39035,14766545279.58082,-0.5993190038491321,3.8296016112955447,0.1455825415734104,0.056851169519956626,0.01034338987796226,0.3021528702073674,1258020.3529411764,0.9563998754282155,0.5348838790199123,0.8195785321291394,0.770287428859089,0.9860922659430122
24027,51422950532.41247,0.3000786029606495,3.102400860161839,0.5633503648322188,0.014812949994110486,0.007991138636611104,-3.048682632073885,313482.9411764706,0.9822485207100592,0.5726830186832281,0.5586006436208866,0.7045107276713912,0.9491180461329715
06107,1556197344.4056044,1.0946758103714487,2.2153779690831086,0.38200783708343605,0.3799891882264055,0,1.0288585422010688,459785.4117647059,0.8561195889131111,0.8722986452325727,0.5293262742655456,0.7525815028037431,0.7686567164179104
72061,323600900.998235,0.023759134873969856,2.8480758243974416,0.29108497212718115,0.06528116348914777,0,0.14927918472748905,91101.5,0.709436312675179,0.6483326218243814,0.4895671130488944,0.6157786825161516,0.8029172320217096
37067,1824342748.9377143,0.10864359533118773,2.7007665588089034,0.7180525064786933,0.07607664721748626,0.011004595215865689,0.5452060837184244,371014.76470588235,0.863905325443787,0.6746192520726664,0.6921000726668742,0.7435415500611091,0.8490502035278155
26093,748399232.7499796,1.0090719944731639,2.5579735303895395,0.8132414354382121,0.001267245572554364,0.007106216931077578,0.4119933637671076,188577.41176470587,0.7910308315166614,0.5538624739302214,0.6327208553929201,0.6592047202799343,0.7157394843962008
53077,1523226827.3737562,-0.6984297344484176,2.4206114731528143,0.3445873823346418,0.0279951202870964,6.755760944739307e-4,0.12408572304336751,249340.29411764705,0.853939582684522,0.46422197629089024,0.7338316204712966,0.6839977264822362,0.8734735413839891
54061,5664940855.771533,0.1685039026206745,1.9142854654820032,0.4494710690894866,0.14594502795997122,0.0029670262069006986,-2.5266200717705836,103057.82352941176,0.9212083463095608,0.724886226546263,0.5854873871068204,0.7438606533208815,0.9056987788331072
17201,7467196065.679344,0.7723642036286442,2.1044592251414964,0.9044052782946481,0.0033649456044060008,0.0010781822112842872,-1.2485714569397912,287784.9411764706,0.9345998131423232,0.5561800897135746,0.4477317554240631,0.646170552759987,0.7021709633649932
35049,1957744892.781373,0.9487270486200288,2.9421615713595446,0.47545489497589394,0.05522477849910683,0.029284775338409976,-0.8994473855931983,149661.0588235294,0.8685767673621925,0.7481339884653976,0.689193397695422,0.768634717841004,0.9443690637720489
30029,927950691.5057856,0.3080856909329057,2.9259895515791485,0.4379006480014468,0.04240780956634087,0.0010428945771266756,-0.7672584764402341,99727.88235294117,0.8115851759576456,0.6560450163103231,0.6556628257033115,0.7077643393237599,0.9135006784260515
25013,2064342399.4986985,-0.8224728955874987,3.3160537664005965,0.2595609248960648,0.013848925263735322,0.002742784938228836,0.7648581213712203,465460.23529411765,0.8707567735907817,0.39756027205927,0.8109623170351915,0.6930931208950811,0.9219810040705563
53037,394543103.3886083,2.4717151217214877,1.3896451646389791,0.5730035713658576,0.05040967817899105,0.004964608299464436,-1.137521904265097,44377.64705882353,0.7337278106508875,0.8206575974200776,0.6172531921519776,0.7238795334076475,0.7533921302578019
13139,2897686569.1894436,-1.6118559869311113,1.8231031540992932,0.8930154766072105,0.02284056221417816,6.554647628888599e-4,-0.8821176887094723,196154.0588235294,0.8897539707256307,0.3679868783247182,0.47015467663240945,0.5759651752275861,0.6831750339213026
06087,869574240.072027,1.1114527856485985,1.8905971554006054,0.5375585759291851,0.1743554252935584,0.026565471784710918,0.7902341033313174,267352.23529411765,0.8066023045780131,0.840918154717395,0.7851136717533479,0.8108780436829187,0.8198778833107191
17167,779264750.0472319,-0.4982361820158019,3.5419059494596863,0.15476034347514855,0.04219182851789917,0,0.4358368874529574,196756,0.7950794145126129,0.5256228195876148,0.5277691269594104,0.6161571203532127,0.8456580732700135
22117,41800832.29254331,-0.11974060772757866,2.2470977429098884,0.892668834922296,0.08034188374745142,0,1.1686916236506444,46215,0.43288695110557457,0.637253702339097,0.3505657635212291,0.47356880565530024,0.40739484396200815
45013,4507238547.898748,-1.0554456566963282,2.59069677190273,0.3010129888698724,0.050021636064734476,6.043149103906995e-4,-1.4523199806256912,180196,0.912176891933977,0.4767164360380644,0.6412332606664591,0.6767088628795003,0.9450474898236092
13059,871506480.9248145,0.22423867370498485,2.733809144109229,0.45742785267114083,0.07836615637678834,0.003253876714759672,-0.37456395802750114,124019.58823529411,0.8069137340392402,0.6937561237354855,0.690231495899512,0.7303004512247459,0.9073948439620081
37087,136672592.0623222,-3.374930084895462,1.0921721363234629,0.9280380356545976,0.8608712518298814,0.02231245521859597,0.3952390687852283,60642.82352941176,0.6088445966988477,0.5130568690524423,0.5908854977680889,0.570928987839793,0.5447761194029851
36045,5002162862.595534,-1.2305485693117042,2.3890552587220903,0.24341456153186858,0.16019367213902758,0,-2.2319949306591464,115323.64705882352,0.9156026160074743,0.5414477756961231,0.3641648499948095,0.6070717472328023,0.8741519674355496
41001,161378173.31041414,0.46143814271816197,2.0172974392761995,0.2617172170879749,0.10194672561474785,0,-1.7604823721581337,16288.823529411764,0.63064465898474,0.7431876416786536,0.3790096543132981,0.5842806516588972,0.7598371777476255
08067,211412630.01664454,0.04381964863534549,3.1833741550190964,0.27310112244344215,0.17184266879270724,0.016325522953268376,-0.2065602841160802,54358.64705882353,0.6586733104951729,0.7113413847142498,0.776186027198173,0.715400240802532,0.9460651289009498
51073,89998108.31832428,1.0441347500608824,2.6075970728786038,0.6570962403977104,0,0,0.09528646806066376,37742.05882352941,0.5499844285269386,0.4012890094979647,0.3822277587459773,0.44450039892362686,0.48778833107191316
36063,1624069308.2916994,0.24354446160852916,3.3318831780917226,0.32472641424303866,0.1336979243635604,0.011173882158528511,-0.18142499388881284,212580.0588235294,0.8589224540641545,0.7320696345200577,0.7626907505450015,0.7845609463764046,0.9755766621438263
20099,446499191.0182527,0.16582671630613177,1.0645520377597117,0.8907124574427883,0.7496187301199496,0,-2.4270913833834773,20541.352941176472,0.7480535658673311,0.7846620423116699,0.1445032700093429,0.5590729593961147,0.49796472184531887
13045,393258769.60601544,-2.5396949271920146,0.736634029170048,0.9066608691643889,0.019091104416289115,0,0.3325729270116722,116966.58823529411,0.7331049517284335,0.3168019666651258,0.2883836810962317,0.44609686649659697,0.29545454545454547
45063,1339506441.5317316,0.6369794291290951,1.5457042513893793,0.7656175163931702,0.06959136125646512,0.004610948074423707,0.4526568156519974,284572.4705882353,0.844908128308938,0.7381615333788336,0.6490189971971349,0.7440295529616355,0.6994572591587517
40065,1397194592.9668012,-0.3052257934307754,2.8003454075600787,0.3195157095955388,0.021409212380376005,0.009142178956690507,-3.2456156966323437,25415.529411764706,0.8486452818436624,0.4979836425451536,0.6225474929928371,0.6563921391272177,0.9582767978290366
42119,450493998.56071717,-1.8919002671084026,2.4475711565174163,0.42415262462076625,0.014911767544195428,0,-1.2736532051693583,44274.705882352944,0.7489878542510121,0.32335362720012617,0.36613723658258074,0.4794929060112397,0.7544097693351425
48039,1047272443.7067692,1.1508159659341608,2.2910135092148654,0.5503298584510161,0.0185077476954198,0.008592194168043148,1.023513152973514,352676,0.8231080660230458,0.6789692002730019,0.7804422298349424,0.7608398320436635,0.8008819538670285
26165,2812782087.9020314,-0.9368741753753298,1.6389734368307995,0.9868583985983459,8.916812431510484e-4,0,-3.5384689282362536,33253.94117647059,0.8888196823419495,0.2885142741385077,0.05086681200041524,0.4094002561602908,0.417910447761194
12041,1568000.3463358344,0.8661626385282002,1.5508375278697484,0.8944535659544728,0,0,3.0118913671099277,17848.823529411766,0.09903456867019621,0.3831411126187246,0.4137859441503166,0.29865387514641245,0.056309362279511534
02230,26083955.168116685,1.719308044246068,2.4203380221322504,0.5824450493768469,0.005738135751129482,0,-4.042223572963855,1082,0.3649953285580816,0.6445742004134909,0.24582165472853731,0.41846372790003655,0.5966757123473542
37171,20065078.66917607,0.9083611927963293,2.241512572068014,0.8294285377768764,0.001339374255938823,0.5433557676303903,2.5805565711594456,72328.58823529411,0.32886951105574586,0.5453482723021801,0.7706841067164953,0.5483006300248071,0.48507462686567165
51069,2062308346.9719484,0.6566290581613288,2.582533738181142,0.3818459576312258,0.013077751002563942,0,-1.7888403688832255,86066.5294117647,0.8704453441295547,0.6077574642727336,0.35305719921104534,0.6104200025377778,0.8063093622795116
35009,2690755523.3158727,-0.6400766495995072,2.6490451716389494,0.1588262784228069,0.07001391663376291,3.956924306508244e-4,-2.912139422726093,48846.94117647059,0.8847710993459982,0.5463209322308117,0.6061455413682134,0.6790791909816744,0.9748982360922659
17049,4964791.535808335,-1.623613772145374,1.879587609098069,0.7456047311369198,0.014184137551019448,0,2.8473169722204945,34285.294117647056,0.18187480535658673,0.3324079185054868,0.4805356586733105,0.3316061275117947,0.2656037991858887
21033,48164304.709961206,-3.2179553114614556,0.5938654734289532,0.9981361838830444,0,0,-0.9179213061879459,12785.117647058823,0.4553098723139209,0.026119402985074626,0.12498702377244887,0.20213876635714814,0.07259158751696065
50003,73483953.76132993,-1.0119391286664197,2.320918647567239,0.7344914913694476,0.013581069195353481,0,0.25246524149901634,36623.294117647056,0.5191529118654624,0.37874958419779403,0.36323056161112843,0.42037768589146163,0.5050881953867028
48241,99160479.2211438,-0.7452071814078689,2.151625663540792,0.4367359093144465,0.039590939643034756,0,-0.1272127440669504,34737.64705882353,0.5655559015882903,0.48617485989618314,0.4365202948198899,0.4960836854347877,0.653663500678426
36013,962242288.3655919,-0.9537028510131975,2.451428119542862,0.8189048309899265,2.2198191115405927e-4,0,-0.40406272763148654,129851.05882352941,0.8143880411086889,0.27378433937073604,0.28111699366760096,0.456429791382342,0.5630936227951153
42111,557451080.5131717,-1.8538578263623826,2.880185827532001,0.7237314807106405,0.01891932468453734,0.004371520013673335,-0.6869093573225791,75100.88235294117,0.766739333540953,0.34226118451285203,0.5900550192048167,0.566351845752874,0.8331071913161465
21219,4633086.424860506,1.7285046410002547,1.4141050482155928,0.9362557743822527,0.008507753413482663,0,1.3795566906478713,12419.470588235294,0.17658050451572718,0.6657884969396052,0.3336447627945604,0.3920045880832976,0.12449118046132972
12101,1118932997.9522958,0.8887592929572641,3.2575137971717765,0.6248955263428303,0.051894115400642433,0.0189559660322483,1.565992298552736,527264,0.8296480847088135,0.7393822017621856,0.7991279975085642,0.7893860946598544,0.8707598371777476
26075,498369639.26105464,-0.21699288901570313,1.8547700353197771,0.8659807044462499,0.001314470635695194,0.10718341530109923,0.5660732319295898,159599.82352941178,0.757085020242915,0.3898269175166253,0.6520294819889961,0.5996471399161788,0.5990502035278155
36023,49323903.09817208,-2.7223046395080193,3.1987903138755325,0.459473765057797,0.1964223032355858,0.12902129372273796,1.0582807098316571,47927.882352941175,0.45873559638741823,0.4776915885139795,0.8389909685456244,0.5918060511490074,0.8619402985074627
37181,307179415.5576928,0.789514747333012,1.7261801922684479,0.9128243236425101,0.056163607821513604,0,-0.89837685647418275,44051.882352941175,0.7050763002180006,0.7360658676013265,0.20097581231184472,0.547372660043724,0.47048846675712347
45051,329301171.5048067,0.04674615126797477,2.697751916101801,0.6909177168121406,0.016101379004243657,0,2.054258862744521,324456.35294117645,0.7131734662099034,0.5373319003452405,0.4827156649018997,0.5777403438190146,0.5919267299864315
18157,515404291.5439945,-0.1301878692676759,2.5537352702982457,0.7411342940128324,0.020333761076072435,0.2653513739268528,0.7528911198663156,184621.58823529413,0.7605107443164123,0.5229939752866203,0.7252154053773486,0.6695733749934604,0.7842605156037992
13285,147411578.34673664,-0.5972903640312328,2.7837794957734556,0.5445386820777384,0.010632653679656713,0,0.5170294282972837,69092.4705882353,0.6191217689193398,0.4078015823596537,0.45126128931796944,0.492728213532321,0.664179104477612
13257,8817825.839287423,-0.6032070637298581,2.58081953673063,0.5543768626426058,0.9021332325042921,0,1.8624825675008754,26141.941176470587,0.23637496107131734,0.6629655738432995,0.5236167341430499,0.4743190896858889,0.5736092265943012
21221,103389164.39548072,0.8941750772213162,1.3738090343890008,0.8269218675587763,0.7079463230709272,0,-1.509386660221008,14327.764705882353,0.5711616318903768,0.8689799318220339,0.20969583722620158,0.5499458003128708,0.49118046132971505
08105,73215876.24337289,1.0015458119052987,2.2639800568834074,0.5833351241375696,0.0665061194790124,7.958297091788114e-5,-1.4943815392160287,11520.29411764706,0.5175957645593273,0.7709398897297082,0.5507110972698017,0.6130822505196124,0.7859565807327001
13205,19108372.119669028,-4.091604394095054,0.9243224537773979,0.976233533361704,0,0,0.8506928048188294,22331.58823529412,0.3220180629087512,0.014246947082767978,0.2713588705491539,0.20254129351355768,0.04952510176390773
32021,1435252740.0432262,-0.12772568593525335,1.2348236812942424,0.8926718949152175,0.26233074658134986,0,-5.87016558832429,4567.882352941177,0.8495795702273435,0.7003591080850077,0.10661268556005397,0.5521837879574684,0.5600407055630936
38045,56457140.061570644,1.458872057164056,1.9653010721144883,0.7719781205267985,0.018183355739833755,0,-2.798801576033848,4098.117647058823,0.4824042354406727,0.6961255165237757,0.19090625973217068,0.4564786705655397,0.5094979647218453
31001,281383100.0466691,0.5936356191644911,1.402080686872646,0.7111255228256644,3.8209800190258317e-4,0,-1.3269728118812774,31319.352941176472,0.6935534101526004,0.4981060039572587,0.2711512509083359,0.48760355500606495,0.4433514246947083
35055,166236112.1060801,0.9417244336466482,3.1334249722744483,0.20508616329732893,0.07750322718471803,0.008830383857813623,-0.7071401719036301,33315.705882352944,0.6353161009031454,0.7751776733022807,0.7425516453856534,0.71768180653036,0.9426729986431479
04009,160282805.2665914,0.7060708904482649,2.6557163949055886,0.5173761521599122,0.0015240346202837908,0,-0.4689177970288879,38066.294117647056,0.6303332295235129,0.5295409906198648,0.38949444617460816,0.5164562221059953,0.6628222523744912
29069,73495196.67378789,-0.26232307053138193,1.6405132776374995,0.6108073836863005,0.535741333095956,0,-0.04793724558472318,30033.29411764706,0.5194643413266895,0.7013433243692269,0.39240112114606046,0.537736262280659,0.5681818181818182
21077,68469234.95183024,-0.5940617061925373,1.1541498293024668,0.6643114065846019,0.0034956092693077872,0,-1.85661516334994,8675.411764705883,0.5079414512612893,0.3570385909766163,0.2639883733001142,0.3763228051793399,0.4012890094979647
20137,3363556.520474664,0.7037829546077212,1.2778777658866514,0.8016686927632859,0,0,0.46564631723735456,5495.117647058823,0.14606041731547803,0.3682157394843962,0.349527665317139,0.2879346073723377,0.11329715061058344
50005,85108659.20890675,-0.3865858914323237,1.7329936270628463,0.9707150555747193,5.336181425098628e-4,0,-0.1636060463665072,30655.58823529412,0.5412644036125818,0.34966903503977653,0.2086577390221115,0.3665303925581566,0.26424694708276797
37175,585194759.4421189,1.6429876214671104,0.5934673299054579,0.9108747611093844,0.002627466791396142,0,-1.9633632707328104,33366.64705882353,0.7717222049205855,0.6146133288739396,0.14886328246652134,0.5117329387536821,0.32225237449118044
21165,349246982.845919,0.1741982864655398,1.5157705929898846,0.9596583722896133,0.00317459201235203,0,-3.9588194679446094,6347.764705882353,0.719090625973217,0.48157667664591963,0.0710059171597633,0.42389107325963327,0.38364993215739485
16057,241803542.81140423,-1.6858358991822975,1.6676950626844718,0.8601932169870584,0.07980819430602162,0.0020233708369482104,-0.8362010997437267,39186.64705882353,0.6764247897851137,0.4657893353418733,0.5042042977265649,0.548806140951184,0.662483039348711
55127,58445211.81542638,-0.39605654420340564,3.035411422193847,0.5377039686286821,0.043045420721795125,0,2.055387490260068,103607.11764705883,0.4873871068203052,0.5420407753544175,0.5359701027717222,0.5217993283154816,0.64280868385346
48251,380246765.3532002,0.3292806972852489,2.60287895992333,0.6289056348286421,0.001770076308214514,2.784480953699139e-4,0.9275791950303104,169488.29411764705,0.7268763625038929,0.4867584558533621,0.6993667600955051,0.6376671928175867,0.741180461329715
51047,537293395.9494101,1.7802069369756932,2.1221433188363767,0.7302375997226251,0.01311534436014871,0,-1.2487044106270166,50567.76470588235,0.7633136094674556,0.6928947220537864,0.2677255268348386,0.5746446194520269,0.6085481682496607
22125,257962261.917239,1.4304311344047367,0.5171766984993073,0.9721390376478259,8.717154981059828e-5,0,-2.309513546563887,15450.529411764706,0.6860791030831517,0.5611681300185174,0.09239074016401953,0.4465459910885629,0.23575305291723203
12051,795830626.8406148,-1.5299255080908871,1.8286763595859523,0.6217402773004782,0,0,-1.9833112459015514,40346.58823529412,0.796325132357521,0.08734735413839892,0.27623793210837744,0.3866368062014325,0.5369742198100407
28103,11388892.104107622,-0.09465616985583125,2.4543725419826434,0.7062888654941974,0.0026089808330339984,0,0.2649093275763547,10773.176470588236,0.26564933042665834,0.42805137638461,0.3761029793418458,0.3566012287177047,0.41485753052917235
16029,19164494.048260063,1.4389283725351838,1.4117116961879677,0.8884976289087855,0.022857087480499274,0,-0.9143362210678294,6971.058823529412,0.3223294923699782,0.7141511652885146,0.21291394165888092,0.4164648664391246,0.2835820895522388
19043,50007397.076140314,0.961628867358904,2.1963885089608004,0.531773789227393,0,0,-0.47178701529799105,17599.29411764706,0.4618498909996886,0.3912822252374491,0.38513443371742967,0.41275551665152244,0.46743554952510175
20031,29193851.69865744,-1.9465080331452107,1.9639564337639013,0.45004540421170497,0.012643772410596827,0,-1.0588892285500604,8367.470588235294,0.378698224852071,0.3094586957723679,0.3709124883213952,0.35302313631527804,0.55359565807327
29007,1754695.9708572596,0.587750761882381,1.9010474338613725,0.7838434668528003,0,0,3.4278651176456445,25307.529411764706,0.10526315789473684,0.35362957937584805,0.475241357832451,0.31137803170101197,0.13636363636363635
19155,286799334.150819,-1.357441891823596,2.172079895548028,0.6576315524891145,0.015038721915553655,0,0.30423953685109967,93185.4705882353,0.6972905636873248,0.35506222757591166,0.397072563064466,0.4831417847759008,0.5810719131614654
46053,6268580.990531826,1.3764064747394098,2.018004953616162,0.7177600961710086,0,0,-0.5782931874096597,4159.705882352941,0.2046091560261601,0.42418588873812757,0.3139208969168483,0.3142386472270453,0.291044776119403
38089,37853158.85938273,0.23887341530249095,2.5884986992344303,0.5181193645716896,0.015943274090171353,0.002887530730794072,0.5964402646249138,29656.117647058825,0.4198069137340392,0.5688917409672352,0.7395411605937922,0.5760799384316888,0.7421981004070556
47151,144763161.9200009,-2.1550155474271246,1.0580994235149321,0.8939258685827232,0.38987491405769154,0,-1.1913592846071541,22081,0.6163189037682965,0.5247644769412185,0.19267102667912384,0.4445848024628796,0.4151967435549525
19041,8938300.331153397,0.6928812678330534,2.006191058640201,0.8525740493463617,0.05496456446625202,0,1.146791170896242,16438.764705882353,0.23855496729990658,0.7252423209150096,0.37049724903975917,0.44476484575155845,0.32700135685210313
32017,77027109.23996717,-0.17899798073589324,2.334001178651249,0.38393480415242054,0.02694387659785878,0,-2.813166048065811,4984.35294117647,0.5284957957022735,0.5373797119340444,0.3185923388352538,0.4614892821571906,0.7215061058344641
29051,363391128.34506094,-1.9719223695249717,2.9098439890435572,0.4564461129445607,8.100472248549957e-4,0,-0.22998816385552392,76555.05882352941,0.7218934911242604,0.21458668127752564,0.4233364476279456,0.45327220667657725,0.7164179104477612
21105,23524706.318045296,1.2680057950585155,0.8752514593918375,0.9202695520570673,0,0,-1.7444183194504579,4612.470588235294,0.3512924322640922,0.4168928086838535,0.15135471815633758,0.30651331970142776,0.14043419267299864
08071,38713538.54838604,1.5992024452836908,2.389054439747177,0.4894455897716636,0.061970249162911946,0,-0.4946172292077101,14638.35294117647,0.4232326378075366,0.8054586105725698,0.3955154157583307,0.541402221379479,0.6502713704206241
45065,184461605.13625237,-0.9279173426347853,2.107338037323904,0.631032501858371,0.02143677335294737,0,-2.6619815111109797,9807.823529411764,0.6477732793522267,0.4192836147192621,0.2501816671857158,0.4390795204190682,0.6556987788331072
38093,331240229.557221,1.9255099268536,1.6707132981387594,0.7440405126279825,0.0024448775045102186,0,-2.0835371274861605,21160.70588235294,0.7134848956711305,0.6268588737855629,0.22381397280182705,0.5213859140861735,0.5064450474898237
55031,122278239.33641654,0.767844102152786,2.204729160531541,0.7710454808916309,0.006774175649216569,0,0.01425799136903434,43805.23529411765,0.5948302709436313,0.584390173381589,0.3320876154884252,0.5037693532712152,0.4881275440976934
06101,600887546.265399,0.9830678776505728,1.3943131455112259,0.7251346411817832,0.002639033467743473,6.513426845564903e-5,-0.3868664258643647,96221.11764705883,0.7739022111491747,0.5705078179878527,0.5636873248209281,0.6360324513193185,0.5949796472184532
38103,4698940.153593418,1.2996954865946044,1.1494125779504003,0.8337760900795065,0,0,-0.3342084278765325,4040.176470588235,0.1768919339769542,0.4190976933514247,0.27841793833696665,0.2914691885551152,0.12143826322930801
53043,87486896.58054744,2.482174571807123,1.642142504859509,0.7439184924043568,0,0,-1.7706886343596642,10796.35294117647,0.5462472749922143,0.4687924016282225,0.23627115125090836,0.4171036092904484,0.3677069199457259
13305,101493480.19405106,-1.066068171550734,2.1660657453981846,0.5314329080618819,0.018446208529025617,0,-0.35965647294459635,30253.470588235294,0.5689816256617876,0.39369365143674956,0.3933354095297415,0.4520035622094262,0.6095658073270014
55085,73231417.30692616,0.5521172078132324,3.0818689827464443,0.3306846500894779,0.0664070680565855,0,0.2464386989779748,36394.882352941175,0.5182186234817814,0.7237918849911492,0.4887366344856224,0.5769157143195176,0.7652645861601085
29141,8571264.943845483,1.3381047965693185,0.37193025767087723,0.9859545697461675,0.05092098090273912,0,1.539947658553237,20732.470588235294,0.23294923699782,0.7745168083793095,0.3038513443371743,0.4371057965714346,0.06919945725915876
19125,102132425.12599644,0.033792817208485815,2.6101274517060755,0.35894148741702236,0.21690369067124127,0,-0.218030388866226,33359.117647058825,0.5696044845842416,0.7213379721904234,0.45032700093428835,0.5804231525696512,0.769674355495251
47079,47636402.06120393,-1.0556879672269979,2.3599070496548906,0.5536692548901385,0.03137180175824322,0,0.49699252684892803,32325.235294117647,0.45406415446901277,0.437468673212549,0.446486037579155,0.44600628842023893,0.5797150610583447
29099,655621331.0094055,-0.396944062761893,2.27493779479463,0.8210971923079116,0.038055380725727006,0.003072361911958323,0.80275858405688,223686.17647058822,0.7795079414512613,0.5313501267573592,0.6382227758745977,0.6496936146944061,0.7167571234735414
13145,20068015.451813836,-0.9496294502160278,2.561530323986941,0.639464848776042,0,0,1.4314954493315222,33856.117647058825,0.3291809405169729,0.13585481682496608,0.4743070694487699,0.31311427559690297,0.37177747625508817
17045,4898592.964433232,2.7235246881022217,0.9180547984891916,0.963723439147495,0.41322119159550097,0,1.8451550788534603,17526.41176470588,0.1806290875116786,0.9434760520588894,0.33592857884355865,0.48667790613804224,0.1390773405698779
38105,132642561.86885859,0.20152951016877552,1.5215523313755976,0.5202448669225971,0,0,-0.5203107458586754,32469.882352941175,0.6066645904702584,0.30325644504748983,0.3857572926398838,0.431892776052544,0.4216417910447761
19183,7915343.935609855,-0.9596569393111345,1.573559321277514,0.8594183344492764,0,0,1.7176678454128702,22120.882352941175,0.22267206477732793,0.13449796472184533,0.39644970414201186,0.2512065778803951,0.11567164179104478
72033,382986231.9470483,-1.3701487449551113,1.0001131798923202,0.8800094069656252,0.055907069219357994,0,-1.9328397582453147,25729,0.7284335098100281,0.4569091824535548,0.16765285996055226,0.45099851740804503,0.4324966078697422
36073,246725192.61263877,-0.02279510394284401,1.5111844356705109,0.9005906625386073,0.0171815697908067,0,-0.779720482566932,41221.76470588235,0.679227654936157,0.528290638264317,0.21675490501401437,0.47475773273816274,0.39280868385345996
48093,30176180.266500607,-2.263998873156149,1.9017687449655674,0.6262975727341221,0.027962234422386555,0,-0.34049562900345615,13747.64705882353,0.38212394892556834,0.3566992646532323,0.3648915187376726,0.36790491077215776,0.48880597014925375
18151,49032432.3735864,-0.2923210267909937,2.123036890663874,0.8865614645775685,0,0,0.5636507258050906,34431.58823529412,0.45780130800373714,0.21828358208955223,0.3143361361984844,0.33014034209725795,0.27170963364993217
22041,3268554.89004901,NA,1.4314331904101432,0.6774398689797736,NA,0,2.461812031966857,20162.352941176472,0.14450327000934288,NA,0.5004671441918406,NA,NA
54053,114283067.79928964,-0.458497237611148,2.415985368510799,0.5520909078823917,0,0,-0.6807740320323514,26466,0.5854873871068204,0.19538670284938942,0.3671753347866708,0.3826831415809602,0.5413839891451832
48099,3739992279.577866,0.9482644699856912,2.4371762621581357,0.43650251009627555,0.013173686158508583,0,-2.525048013041791,78413.29411764706,0.90345686701962,0.6369089377307305,0.31288279871275826,0.617749534487703,0.7991858887381276
17053,2712949.3421451827,-3.793565753306318,0.9408581002436925,0.9520641659282452,0,0,2.04832385793073,13565.411764705883,0.12955465587044535,0.01729986431478969,0.35212291082736424,0.1663258103375331,0.02103120759837178
28127,748446.5779898916,-2.703186192604889,1.5536248749102086,0.889302100347822,0,0,4.366265486859234,26793.352941176472,0.0660230457801308,0.037991858887381276,0.4337174296688467,0.1792441114454529,0.0505427408412483
21145,2898497257.309592,-1.6783589645927393,1.8217795401945782,0.8355452839246168,0.007421140172771526,1.8407684674714478e-5,-2.5301202734317703,66038.17647058824,0.8900654001868576,0.293953465501786,0.40631163708086787,0.5301101675898372,0.7075983717774763
37189,28324413.704635166,0.4475417836879334,2.7204247267081905,0.4613949080252926,0.06899807646984764,0.00725992384922196,1.7811986395145858,53562.58823529412,0.37496107131734663,0.7152750775182205,0.8397176372884875,0.6433179287080182,0.7740841248303935
29133,27450451.72107855,2.7991441177903713,1.44470544278303,0.6665461278932151,0,0,-0.2912365660432189,13341.29411764706,0.3715353472438493,0.47472862957937584,0.35264195992940933,0.39963531225087817,0.2747625508819539
46015,30170427.71707842,-0.7159919020788017,2.1742855416175186,0.4760921068132467,0.38124987517415454,0,-1.7928961391862,5265.235294117647,0.3815010900031143,0.6250097435939269,0.32700093428838367,0.444503922628475,0.6852103120759837
19119,4085594.4063986563,-0.45769836473111347,1.5611713640618876,0.9246292346402251,0,0,1.4324448276811046,11835.70588235294,0.16163189037682965,0.19555630936227952,0.34579051178241454,0.23432623717384127,0.07394843962008141
17127,132837791.2693532,0.3452855509721555,2.0955452770522203,0.6766423978791942,0.004842434186839409,0,-1.7413647872697646,14505.411764705883,0.6069760199314855,0.5191748263600924,0.26429980276134124,0.4634835496843064,0.5712347354138398
27157,1246292054.5690506,1.2312218710742968,0.2142414946589957,0.9825158095599279,0.0018306144502551612,0,-3.378841980194629,21581.176470588234,0.8405481158517596,0.5784999442575789,0.057406830686182915,0.49215163026517383,0.28154681139755766
13191,28716206.837342843,0.6010144201058765,2.3938072978705787,0.4756440008551993,0.025322751243179977,0,-0.3404788038079918,13304.64705882353,0.3765182186234818,0.6509220385592533,0.4096335513339562,0.4790246028388971,0.5997286295793759
20155,46848455.22275286,-0.08009165289656117,1.1459947455241166,0.8807312293519054,0.05475991956981433,0,1.5232378035466767,62983.882352941175,0.45188414824042356,0.614491873842665,0.3768296480847088,0.4810685567225992,0.2564450474898236
13151,220141333.86031964,0.7365381191068661,1.9228592219019902,0.6965710369814867,0.06994261278014575,0.008056762764841281,1.8984924769250853,224340.41176470587,0.6636561818748054,0.7500209600567032,0.7702688674348593,0.7279820031221226,0.6926729986431479
30019,31837699.130270243,-3.439992079384238,1.399645620623144,0.8786671508754204,0,0,-3.54551338143556,1713.764705882353,0.39084397383992525,0.022896879240162822,0.126440361258175,0.180060404779421,0.24694708276797828
56035,82631399.39200363,0.8806822946863964,1.9805610086747651,0.6090702610843456,0.05053545588058959,0,-1.8798062989954338,9673.470588235294,0.5369043911554033,0.7366997676945932,0.28568462576559744,0.519762928205198,0.6221166892808684
36099,96351593.55289221,-0.5098523407242013,1.6937063996090296,0.731653430480864,0.04662932833651769,0,-0.11696593755158269,34315.882352941175,0.5615073185923388,0.5322559410997482,0.3406000207619641,0.47812109348468373,0.48202170963364993
29147,26394446.315522034,0.7899150430691595,1.1718314208740594,0.909030588330647,0.06033962188341871,0,0.5220299509597927,22248.58823529412,0.3668639053254438,0.7429155008343236,0.2993875220595868,0.4697223094064513,0.2472862957937585
37079,14478693.101625202,2.4956502369528906,0.8862228237665054,0.9700201730319276,0,0,1.0311253053352156,20945.058823529413,0.29180940516972903,0.4689620081411126,0.2903560676840029,0.3503758269982815,0.0403663500678426
13091,19304652.443661034,-0.6334341586509105,1.2221734206438148,0.9654196043696321,0,0,0.7334436561613196,20806.941176470587,0.3241980691373404,0.16808005427408412,0.271981729471608,0.25475328429434413,0.07123473541383989
46049,380769.0998074008,-2.424557697952702,0.34087349281720186,1,0,0,1.310596425925507,2276.705882352941,0.04391155403301152,0.04664179104477612,0.2530883421571681,0.11454722907831856,0.0023744911804613297
51127,5219365.875025237,0.5092932697133534,2.748444974694449,0.40302109320570206,0.008114949213882387,0,2.09197093722021,21513.70588235294,0.18685767673621925,0.5632286735388461,0.5752102148863282,0.4417655217204645,0.5013568521031208
21225,687517653.5677112,-0.14993610483152509,0.5252392587392815,0.973710396781819,0,0,-3.3931571323535294,14430.529411764706,0.7832450949859857,0.2430461329715061,0.06456970829440466,0.36362031208396545,0.22455902306648576
47017,21094788.7072544,-2.410057755609431,1.3571395788348297,0.8594214696544263,0.023882550432697252,0,1.1145049128019722,28379,0.3369666770476487,0.33807359177876334,0.36530675801930856,0.3467823422819069,0.23812754409769335
48321,1544710643.7250795,-3.3155786847559163,0.431949880537018,0.9554698983370776,0,0,-2.7952149669545894,36571.17647058824,0.8551853005294301,0.024762550881953865,0.09156026160074743,0.3238360376707105,0.2530529172320217
01075,22874120.07654434,-7.931178201023164,0.2485328770957239,0.9940320534577395,0,0,-0.03152417554612328,14040.70588235294,0.34786670819059484,8.480325644504749e-4,0.1924634070383058,0.18039271593111705,0.03731343283582089
51105,106263864.42352168,-1.141103319974972,1.963653360778287,0.7672938658991534,0.004229419350710429,0,-0.7610331768518518,23921.176470588234,0.5755216443475553,0.3074222846416488,0.28153223294923696,0.388158720646147,0.46472184531886024
48275,1818362.4694875851,0.06548247502690607,2.5458543642197107,0.41365092771423334,0.03923140037377671,0,0.4370350716995261,3591.529411764706,0.10868888196823419,0.6115349196810627,0.4814699470569916,0.4005645829020961,0.5383310719131614
49025,65831616.6524376,-1.5417148505456506,1.833151252713255,0.6600939167753468,0.12938710580769108,0.0036432255836317713,-2.030661251477184,7534.882352941177,0.5038928682653379,0.5044889643601993,0.5384615384615384,0.5156144570290252,0.7540705563093623
13193,124152538.98846403,-5.520313814687114,0.49905106523073134,0.966078724445801,0,0,-1.8031769841418308,13316.529411764706,0.5966988477109935,0.005257801899592945,0.11522890065400188,0.2390618500881961,0.15705563093622796
40081,48088211.18286167,1.2395603537054178,1.6641687929533335,0.8829721947900622,0.010727442345868447,0,0.5817970399921343,34402.05882352941,0.45499844285269386,0.6498274704089319,0.3179694799127997,0.47426513105814183,0.3008819538670285
48143,24344782.425929576,-0.3888420021411001,1.7081280995108692,0.9113195834792731,0.036335178872505855,0,1.5335933591118005,41149.82352941176,0.35502958579881655,0.5273499282599573,0.3599086473580401,0.41409605380560466,0.2639077340569878
29045,22903638.727438003,-2.612645803686439,1.4589385366199175,0.8397657741811747,0,0,-1.1189313657628654,6850.705882352941,0.3481781376518219,0.041044776119402986,0.2263054084916433,0.20517610742095604,0.22286295793758482
30043,17445207.39603534,-0.4257854518732689,2.319833702522911,0.5950265609520778,0.1874766755098348,0,-0.005136420353775952,11945.823529411764,0.31205232014948614,0.6368320086577497,0.40008304785632715,0.4496557922211877,0.5831071913161465
05129,3745399.750187648,-1.8980798790809672,1.6820111962317594,0.7961076933443892,0.08594347712045008,0,0.9207923433170461,7969.529411764706,0.15696044845842416,0.46062557045343516,0.38336966677047646,0.33365189522744526,0.3049525101763908
19131,30209204.986831952,3.6299841383573312,0.4057313851389881,0.9857866403935721,0.2372612351984341,0,-0.7277611797876256,10651.70588235294,0.3827468078480224,0.933641026965736,0.15747949756046922,0.4912891107914092,0.21099050203527817
01061,20589119.23326353,-3.1519816088751416,1.6077346606286766,0.8494945584778986,0,0,1.0452838268631441,26679.176470588234,0.33229523512924325,0.026797829036635006,0.36644866604380777,0.2418472434032287,0.1760515603799186
54045,50450876.33246706,-4.704614715271003,1.3254469600444776,0.8302519134921564,0.08874125663345742,0,0.5127303275563135,33925.705882352944,0.46465275615073187,0.40478854588416996,0.33842001453337484,0.4026204388560923,0.3487109905020353
19039,67676307.81762508,5.872619480321324,0.08068161739494546,0.9983119533329741,0,0,-1.7218906583381208,9410.35294117647,0.5063843039551541,0.4969470827679783,0.08232118758434548,0.36188419143582595,0.0776797829036635
39039,312683649.6311312,2.1962118515824276,0.2140098011767361,0.9910266313322325,0.5892005633216398,0,-1.1192741948792801,38519.05882352941,0.7075677359078169,0.9404572374056117,0.12529845323367592,0.5911078088490348,0.3175033921302578
38031,100965846.68633589,-0.7529065233730989,0.12512110626595438,0.9874206766518973,0,0,-3.694482668123873,3329.470588235294,0.5680473372781065,0.15349389416553597,0.04816775666978096,0.25656966270447445,0.1387381275440977
08111,76254707.22055666,4.163274053069516,1.2746391012724305,0.7064749788906591,0.20109361115931723,0,-5.728375054706079,721.4705882352941,0.5266272189349113,0.9315455877834367,0.19256721685871483,0.5502466745256877,0.5400271370420624
21167,26149550.102078237,-3.7376800707822326,0.8966077422120922,0.9940477070775153,0.29707189175958165,0,0.5071126959333725,21895.117647058825,0.3653067580193086,0.4752339368923283,0.22879684418145954,0.35644584636436555,0.19504748982360923
29211,2925078.6169431056,NA,0.7827679150627628,0.9865934702311921,NA,0,0.8089387537590297,6286.411764705882,0.13609467455621302,NA,0.25952455102252675,NA,NA
29003,5596801.65464284,-2.6792295971203473,1.1657464795908588,0.8663510239254429,0,0,1.7133802180963895,17543.470588235294,0.19433198380566802,0.03867028493894165,0.39146683276237937,0.20815636716899633,0.06546811397557666
40063,6432004.793490774,1.0041827265533314,1.7172803921351623,0.8460242600022713,0.001926005192642309,0,1.1789249975646185,13510.411764705883,0.20554344440984118,0.5616958702570224,0.3753763105989827,0.3808718750886155,0.20725915875169607
48013,19389180.964155883,1.3554549876290292,1.9473693350181551,0.8455456926340115,0.066534424013178,0,2.006979648479564,48405.41176470588,0.3251323575210215,0.798413538973016,0.41337070486868055,0.5123055337875727,0.3378561736770692
72053,29019918.05797892,0.22735079156241333,2.0901510438899624,0.749515926723027,0,0,1.0373728640362838,33295.6,0.37714107754593584,0.3074966078697422,0.41046402989722824,0.3650339051043021,0.28900949796472186
13111,10539318.571345367,-2.821023234832678,2.631512195122465,0.4080957073187183,0,0,1.6036790449290006,24788.41176470588,0.2572407349735285,0.03426051560379918,0.5551749195473892,0.28222539004157227,0.42842605156037994
48425,109772.87359200972,NA,1.3541619886215832,0.7649494134008588,NA,0,4.624860467930283,8941.64705882353,0.0165057614450327,NA,0.4944461746081179,NA,NA
19001,96757783.07368404,-4.804718570636027,0.06630741274571904,0.9990471078453844,0,0,-2.445567252165443,7388,0.5621301775147929,0.008819538670284939,0.05501920481677566,0.20865630700061785,0.10379918588873813
55091,1114487.8858255232,-3.549046821919294,1.8088636197820078,0.8397735475528812,0,0,2.01583645164339,7376.235294117647,0.08128308938025537,0.021200814111261873,0.4163811896605419,0.17295503105068635,0.11024423337856173
21017,33586215.35648407,2.5930350358461176,0.5239663118740552,0.9774989710974277,0,0,0.1274139583762974,20100.764705882353,0.39956399875428217,0.4706580732700136,0.22163396657323783,0.3639520128658445,0.05563093622795115
46059,18276165.341914922,-0.7280955394341007,2.2588243130204955,0.9698419106856039,0.17990689196675735,0,-2.0119779769707677,3271.294117647059,0.3182809093740268,0.5915861573894057,0.10484791861310079,0.33823832845884444,0.43385345997286295
48283,10365755.16108374,0.10965544481271117,1.5196305789420186,0.7713359640994736,0,0,-0.27598773937664034,7081.529411764706,0.2559950171286204,0.28968792401628224,0.31153327104744105,0.2857387373974479,0.21336499321573948
17185,668420.7455085692,NA,1.2326747630909887,0.9885634119288491,NA,0,3.2045474928833078,11540.70588235294,0.06166303332295235,NA,0.3476590885497768,NA,NA
41069,3061356.3786930316,2.710650949193811,0.8846314840916598,0.7437458196590448,0,0,-1.514690021116661,1395.4705882352941,0.14045468701339148,0.4723541383989145,0.2465483234714004,0.2864523829612355,0.1550203527815468
18133,9355312.643437548,-0.27591853893500584,2.1235109089809217,0.71048794546023,0,0,2.350716693342399,37532.82352941176,0.2444721270632202,0.22201492537313433,0.48582995951417,0.31743900398350816,0.2432157394843962
31041,3033983.6948041897,-1.2234258542806487,0.8559920506416119,0.9269947963844274,0.30621506963121947,0,1.5862078690100303,10762.764705882353,0.13952039862971036,0.5691803099641164,0.3529533893906363,0.35388469932815436,0.14755766621438263
31097,4874779.91622155,1.3959289965185313,0.07244773194224118,0.9998525370025098,0,0,0.01345100128110791,5208.35294117647,0.1793833696667705,0.4252035278154681,0.18322433302190386,0.2626037435013808,0.013229308005427409
31127,15157279.572656874,NA,1.0868603434924815,0.9908781068700714,NA,0,-0.6550309950898854,7085.882352941177,0.29834942385549673,NA,0.15415758330738086,NA,NA
13183,10227556.553049505,NA,1.1061773521755442,0.9382503399230872,NA,0,1.0734452956620353,17119.29411764706,0.25319215197757705,NA,0.31661995224748257,NA,NA
21081,3883057.822533475,-0.06665054750471633,1.9557278639125402,0.7870212482690494,0,0,2.61415693644478,24985.529411764706,0.15820616630333229,0.2581411126187246,0.4589432160282363,0.29176349831676435,0.1621438263229308
21021,224394890.3953719,4.028225680916611,0.9481308634666153,0.9903647053845505,1.3996068263936532e-4,0,-1.1744730475485878,29828.647058823528,0.6664590470258487,0.6254151224203268,0.12259939790304164,0.4714911891164057,0.21811397557666215
26083,1772694.8272296204,1.9471543964708644,1.8487220212949251,0.702541223381357,0,0.11320876144124692,-0.324771749022062,2134.9411764705883,0.10650887573964497,0.4533582089552239,0.6649018997197135,0.4082563281381941,0.4189280868385346
48261,8403298.085836912,3.570883741825895,1.4490136181680582,0.7587654497689414,0,0,-4.401238079621997,403.8235294117647,0.22952351292432263,0.4833785617367707,0.17357001972386588,0.29549069812831974,0.25949796472184533
39117,11595732.614456033,2.7390018929050974,2.0246562083018835,0.7778441708398709,0,0,2.0334258506191736,35072.882352941175,0.2678293366552476,0.4735413839891452,0.4455517491954739,0.39564082327995553,0.21540027137042062
47115,4413864.0942178,3.1582842758463254,1.879816802079444,0.742465237182776,0.11351851046134731,0,2.691448627602101,28617.529411764706,0.16879476798505139,0.8921492917993381,0.47970518011003843,0.513549746631476,0.32801899592944367
19129,21304931.297352027,-1.6089649501201748,1.017087903932703,0.9149200962707708,0,0,0.1272051083091914,14877.941176470587,0.3379009654313298,0.08175033921302578,0.26793314647565664,0.22919481704000408,0.1010854816824966
19135,3931273.398242319,0.7852617015294108,0.3737275264624086,0.9954329751235855,0.0063006619603053066,0,0.8385921596708352,7793.705882352941,0.15945188414824044,0.5829236491979889,0.2475864216754905,0.32998731834057327,0.034938941655359566
26001,6816657.845456665,-2.3702979382712233,1.19492617317682,0.9524437892895972,0.011708606819194183,0,0.7463854546837556,10549.235294117647,0.20928059794456555,0.28883966485662416,0.28288176061455417,0.26033400780524796,0.1255088195386703
09120,1341918897.6388516,7.228374458217065,1.3640956084162725,0.9958132510190044,5.485958686929174e-4,0,0.6716130687137203,329258.6,0.8455309872313921,0.6452801577827749,0.2364787708917264,0.5757633053019645,0.25407055630936226
72153,1150311.316765076,0.688297058746711,1.9379349170946703,0.7105635622877168,0,0,4.458488978667159,37828.1,0.0825288072251635,0.366010854816825,0.5175957645593273,0.3220451422004386,0.15773405698778833
13161,799074.4193666315,NA,1.214627466991053,0.9416306704542504,NA,0,3.42103544963342,14982.411764705883,0.06758019308626596,NA,0.3909477836603343,NA,NA
13023,3434732.279598314,-1.013210326743863,1.6161308891529294,0.9755301366183797,0,0,1.7180361596984284,12745.29411764706,0.1485518530052943,0.12924016282225237,0.32118758434547906,0.19965986672434188,0.049864314789687926
12079,3257950.1019429574,-1.3254391601595081,1.314825529380188,0.9585510302272942,0,0,2.342633503728915,18595.647058823528,0.14419184054811585,0.1010854816824966,0.3574172116682239,0.20089817796627876,0.03324287652645862
47089,28380433.987305388,1.436668722888795,0.24316875851471365,0.9797626860529439,0,0,1.7873753965865766,53851.882352941175,0.3755839302398007,0.42723880597014924,0.32004567632097997,0.3742894708436433,0.023744911804613297
30079,551392.6589062724,NA,1.3016158420377357,0.7928479294902815,NA,0,-0.12962055979803017,1122.764705882353,0.05387729679227655,NA,0.3124675594311222,NA,NA
13293,4383706.803173618,1.1255976917553543,0.7868623025305315,0.9151136204407184,0,0,2.6106625316491163,27007.470588235294,0.16848333852382436,0.4077340569877883,0.3945811273746496,0.3235995076287541,0.025101763907734057
29005,331758590.46798885,8.111861929235758,0.8450193292398203,0.9239375108407853,0,0,-4.1624799587864345,5363.411764705882,0.7137963251323575,0.4998303934871099,0.09529741513547181,0.4363080445849797,0.2635685210312076
27073,13543783.079169748,0.4682220247862112,0.9456578649884485,1,0,0,-0.5847646413264648,6890.64705882353,0.2862036748676425,0.34006105834464045,0.12654417107858404,0.250936301430289,0.04308005427408412
72015,272646.12576851336,-1.8666703342695357,0.6886471643744625,0.9983329504991715,0,0,4.816938377086033,18517.5,0.033634381812519466,0.06953867028493894,0.34880099657427593,0.15065801622391145,0.0010176390773405698
13075,416293.82422956964,NA,0.3297072141640895,0.9866991562535986,NA,0,4.286122924945375,17246.764705882353,0.04640298972282778,NA,0.36385342053358244,NA,NA
29011,3111373.9673926835,NA,0.7575403542562207,0.9952720810072703,0,0,1.7231360409072451,11979.588235294117,0.14138897539707257,NA,0.29845323367590576,NA,NA
38051,312844.96617440885,NA,1.4127010837689917,1,NA,0,1.7357373255601831,2648,0.03768296480847088,NA,0.27457697498183326,NA,NA
20183,280374.34315168584,NA,1.06433102560694,0.9999999999999999,NA,0,2.341568038010983,3675.470588235294,0.03425724073497353,NA,0.30644658984739953,NA,NA
40059,345537.8718704147,0.9688006052954083,0.8757471068772595,0.9999999999999999,0,0,2.096186002188155,3588.1176470588234,0.0407972594207412,0.3924694708276798,0.29886847295754176,0.2440450677353209,0.005427408412483039
05039,178410.88692480017,-0.9458176208203568,1.4197119690593767,0.932004134166816,0,0,3.8276786529032174,7278.35294117647,0.02398006851448147,0.13636363636363635,0.4018478148032804,0.18739717322713276,0.025440976933514246
06025,2976155965.70006,-0.25727000472653216,2.4321172509917917,0.4046305772657036,0.025795216022547977,0,-1.0558615526775228,177995.82352941178,0.8913111180317658,0.5225064556974646,0.38482300425620264,0.5995468593284776,0.7961329715061058
28059,71720369123.17213,0.32739798866830583,0.37038599025492347,0.9731496096963418,5.313830636630021e-4,0,-4.5785210096247955,142134.9411764706,0.9881656804733728,0.46737856083038987,0.054603965535139624,0.5033827356129674,0.3443012211668928
48469,61849578.160656266,-1.5181877623548274,2.6529537230782703,0.5833512329705344,0,0,1.7902871346514704,90274.76470588235,0.49454998442852693,0.08768656716417911,0.5128205128205128,0.36501902147107296,0.45149253731343286
55059,1499375125.1913323,-0.7710959691833672,1.6757038382813298,0.9065189840868003,0.0012239760597215227,1.607467402444299e-4,-0.46053265477221134,167691.76470588235,0.8526938648396138,0.3084496673129162,0.4771099345998131,0.5460844889174478,0.5742876526458616
13039,5081455687.163332,1.1315923098832315,2.2269115709552634,0.3622725124471504,0.009631098826713072,3.240809296393023e-5,-3.4154159286931876,53315.94117647059,0.9162254749299283,0.6372033982030093,0.5502958579881657,0.7012415770403678,0.8880597014925373
12033,11967905040.313335,-0.46920078214466443,3.0713512148380837,0.28876806436852,0.06428934876597356,5.822293373888784e-4,-1.59730319519405,312144.35294117645,0.950482715664902,0.5667701300384578,0.6371846776705077,0.7181458411246225,0.9840569877883311
51163,225583068.37068123,-5.111568988946701,1.4769313503964239,0.9517744210416942,0.0236474864694969,6.201662252865361e-4,-1.6082240139920339,22474.352941176472,0.6673933354095297,0.29686963252601994,0.3912592131215613,0.451840727019037,0.5420624151967436
53065,270920760.1924733,-0.2797270408710695,2.6258896540624495,0.37539644514228715,0.03442920189413992,0,-0.7351776913743172,45159.76470588235,0.689193397695422,0.5382907379662083,0.4122287968441814,0.5465709775019373,0.7727272727272727
42043,12348554075.676554,-0.4249158262762194,1.6299811127310013,0.8366641201425556,0.0023907254239708894,2.6059616740246026e-4,-1.80914453987908,277047,0.952039862971037,0.3734745610624234,0.4411917367382954,0.5889020535905852,0.6797829036635007
39003,1472388843.0440526,-2.118014071884435,1.702373954797061,0.9209693606822787,8.429726464735018e-4,0,-1.1693778559282826,103729.4705882353,0.8514481469947057,0.2103360950757236,0.17917575002595246,0.41365333069879395,0.43453188602442333
35031,2907337864.92565,0.45289924019499495,3.0080486283814123,0.19730484701222425,0.0693352599139783,0,-2.4107865759287495,71599.64705882352,0.8903768296480847,0.7161178983928962,0.3653067580193086,0.6572671620200965,0.905359565807327
28149,8494906597.517853,-0.21192003523945502,2.4018389289183317,0.33978157739130804,0.0662310874691436,0.0018059050217958171,-4.144374041033483,46252.882352941175,0.9374026782933665,0.6076140295063216,0.5797778469843248,0.708264851594671,0.9559023066485753
55125,49354698.061943814,-1.0053959386120663,1.6546971153686634,0.823267915489899,0.0017805821548572826,0,-0.10768380673267372,22192.29411764706,0.45904702584864526,0.2945864592142222,0.3006332399044949,0.35142224165578745,0.3266621438263229
29171,804567.5646829566,NA,0.3224325710582134,0.9907645754607793,NA,0,1.6942357543510445,4809,0.06820305200872002,NA,0.30437039343921934,NA,NA
30005,115184902.54230131,1.1503355199071468,2.8328334871000918,0.3489684524901107,0.017227788510086207,0,-2.7626412932429742,6723.058823529412,0.5870445344129555,0.6726205690440129,0.3282466521332918,0.5293039185300867,0.7845997286295794
51001,4262422422.7261634,0.9576568441683193,2.7663061675407663,0.3845136077778614,0.023432334314743203,2.871498671132401e-4,-3.9603270535320414,33118.117647058825,0.9081283089380255,0.6793401366278464,0.5498806187065296,0.7124496880908006,0.9453867028493894
29169,7130334732.21825,-0.48620986604472805,2.6831635866079355,0.27305204459974675,0.05227744660326541,3.508425027529413e-6,-3.7685805049201924,52810.94117647059,0.93179694799128,0.5458507471750376,0.5615073185923388,0.6797183379195522,0.9684531886024423
42079,6357784611.787495,1.340918688362322,2.2652806208770713,0.7091415407564245,0.05170343026983925,1.5701843606204824e-4,-0.9192639216294668,321668.64705882355,0.9268140766116475,0.776192026749111,0.5396034464860375,0.7475365166155986,0.8297150610583447
48453,22288989295.87489,-0.022787554345011785,3.0247014063222513,0.2747937643594383,0.036665940580025744,0.028053363578330104,-0.19333911186782943,1190288.8823529412,0.9663656181874806,0.5892484879301797,0.7852174815737568,0.780277195897139,0.9738805970149254
41067,2529360202.8649125,-1.2183608481321428,3.2569058176087724,0.4691272907352981,0.03348295012790175,0.037658946276461235,0.8771357638926868,573315.4117647059,0.8829025225786359,0.4285761708854162,0.8123118447005085,0.7079301793881868,0.9202849389416553
34017,2802346176.59154,0.4701027200988932,2.924692934356463,0.5460955846218076,0.001300478940655562,0.008147068748807827,1.0172597558229004,672992.3529411765,0.8881968234194955,0.49838029745606094,0.7802346101941243,0.722270577023227,0.841248303934871
42129,1897827858.2160718,-1.002103377819708,2.9133183551817026,0.49583385012689085,0.01176103512629458,0.005982091439998482,0.4473238158120548,356973.5294117647,0.8670196200560573,0.3704177917118724,0.7486764247897851,0.6620379455192382,0.8748303934871099
25021,11488456466.946255,-0.8925768882390166,3.1006814108746146,0.515141891297417,0.013943934448205918,0.03556901379108221,-0.33472991421594056,699696.8823529412,0.9489255683587667,0.3907707998538914,0.718156337589536,0.6859509019340647,0.9294436906377205
32031,20693899101.28289,-0.5239505014876684,2.7794208402280245,0.869743616886949,0.00798071546423393,0.004104165008910063,-1.5728288626851208,455523.82352941175,0.9651199003425724,0.40364457997859127,0.46963562753036436,0.6128000359505094,0.8219131614654003
13057,1083020361.955124,0.2818805482077309,2.5541140821879456,0.6659659155417788,0.01421404068124367,0.014182963513016204,0.4408681701553696,245369.88235294117,0.8262223606353161,0.5667963017849358,0.7081905948302709,0.7004030857501743,0.8097014925373134
05087,9522976.959937043,1.8867573149992172,1.3122639795776871,0.920469536522593,0,0,1.0719363739923886,16314.411764705883,0.2466521332918094,0.45132293080054275,0.3294923699782,0.34248914469018404,0.07632293080054274
37129,3263743484.672459,1.3516610497705521,2.051639994165859,0.6324374289759438,0.014208498003853886,0.002256725074068898,-0.8190044769729828,221229.23529411765,0.8953597010277172,0.6743294368021434,0.6020969583722621,0.7239286987340409,0.8002035278154681
16015,106035604.0133868,-0.32505467494861406,2.537833997198563,0.2214357557460517,0.005377523845139565,0,-2.5234913769677827,7454.882352941177,0.5745873559638742,0.41259679014292716,0.3583515000519049,0.4485118820529021,0.7523744911804613
51157,43464293.80840981,-1.2538850224889604,2.439189039435052,0.4341370479965423,0,0.010518888407532822,-1.6413127044163653,7407.470588235294,0.4384926814076612,0.10753052917232021,0.6459047025848645,0.397309304388282,0.7330393487109905
51750,5545758648.281574,1.0726237750025653,1.7268874458467136,0.7820260883543085,5.517080847610261e-4,0.0010640041524143649,-5.231715906156638,17012.647058823528,0.9208969168483339,0.5489410526163135,0.4238554967299906,0.6312311553982126,0.7272727272727273
04007,253908455.2232238,-0.19767363724696807,2.9264958958050316,0.2295980477618517,0.045619494509577856,0,-0.413409654214291,53514.529411764706,0.6832762379321083,0.5767397526849266,0.45998131423232635,0.5733324349497871,0.8127544097693351
44009,1480028406.0531619,0.36538651099935393,3.1221067418027406,0.376183042096043,0.038675692490571845,0.07893746970170329,-0.8612157427708592,127588.64705882352,0.8523824353783868,0.6561596734853696,0.728952558912073,0.7458315559252765,0.9603120759837178
53067,760820222.2889948,-2.327589932364969,2.768307827980883,0.6345443006670793,0.03556289522423617,0.004084648102802103,0.9690613865650894,275460.64705882355,0.7922765493615697,0.37270266448772715,0.7335201910100695,0.6328331349531221,0.8293758480325645
05083,63277529.91182465,-0.6408290359063713,2.5499223240621096,0.3760784733069357,0.05257304368129849,0,-0.3846991278168128,21778.058823529413,0.4961071317346621,0.5227686263526601,0.4338212394892557,0.484232332525526,0.7130257801899593
22033,4385969634.952929,-0.054375844639761084,3.182635330771409,0.30458818979929797,0.04264507902342907,0.02179989654442147,-0.055860903570283234,445269.5294117647,0.9112426035502958,0.5966749192641276,0.785840340496211,0.7645859544368782,0.9643826322930801
40115,99050699.68083817,-1.5430950988812473,2.406301358397771,0.6346659260995576,0.04281875304925804,0,-0.28213444117480224,31334.941176470587,0.5652444721270632,0.42332403386601336,0.36447627945603656,0.45101492848303765,0.6305970149253731
51630,1202156766.5250955,1.877363982283292,2.7416938306131837,0.42219628275918825,0.005671898076528264,0.11813937948494017,-2.974713052272524,27522.70588235294,0.8377452507007163,0.652386523385985,0.6332399044949653,0.7077905595272221,0.9301221166892809
49049,3255282536.070384,-1.1767985397267005,1.9740262760803688,0.6922784009026112,0.1553665332788643,0.05311842076177005,0.7009560875727548,602891.8823529412,0.8950482715664901,0.5443675682436787,0.7323782829855704,0.7239313742652463,0.8137720488466758
47001,102532824094.21178,0.532870921922477,0.9799192836640352,0.8506200483779309,0.05977523647375877,8.689748943740772e-5,-5.872386209570048,76558.11764705883,0.9931485518530053,0.7115643543985302,0.37080867850098614,0.6918405282508405,0.7059023066485753
05009,92698349.78381048,-0.6069224547577452,2.708056620331427,0.5555226101311328,0.023793747398541586,0.0013763814421797944,0.05460143885411864,37465.705882352944,0.5555901588290252,0.46154973900763985,0.6801619433198381,0.5657672803855011,0.7944369063772049
18081,1371606875.060376,-1.7072233597592366,2.8917796280464425,0.4625916647815718,0.04119314905123599,2.303105144192948e-5,-0.5145274680613648,152567.35294117648,0.8470881345375273,0.4108278746547822,0.6389494446174608,0.6322884846032567,0.9019674355495251
55055,580417960.9542128,-1.0175810791971216,1.4165129827864167,0.8598892085056469,0,0,-0.5440432041863915,84766.5294117647,0.7710993459981315,0.1287313432835821,0.2517388144918509,0.3838565012578548,0.32530529172320216
06077,5533232975.582014,0.6725010970920522,2.239676541378562,0.5387429924312304,0.02997569144919051,4.893578087365456e-4,0.4762420940232206,737871.2352941176,0.9202740579258798,0.6714133830755133,0.7036229627322745,0.7651034679112225,0.8263229308005428
22009,145972692.21993414,1.4255547390935561,1.8819561433767331,0.6513975968528448,0.045453597900348794,0,-0.2787870077167619,40575.35294117647,0.6175646216132046,0.7692457506600718,0.3580400705906779,0.5816168142879847,0.5691994572591588
37031,562178078.4104928,0.35910168079512417,2.72424619269591,0.3552018276547599,0.02468026859178993,0,-0.8399738766875454,68257,0.7676736219246341,0.619239496632342,0.41036022007681927,0.5990911128779318,0.7964721845318861
37167,81152255.81416394,1.357645054560681,2.4238584910896286,0.7123076795056663,0.0015443837706809794,0.2033206122271705,0.9513340011051057,62054.705882352944,0.53410152600436,0.5844882891064807,0.7515830997612373,0.6233909716240259,0.673337856173677
27163,285524641.2411966,0.4346404683894285,3.301529613299279,0.4315521376324639,0.03514569209280862,0.09274408685895597,1.8369656659324136,255784.82352941178,0.6966677047648707,0.6563029949541779,0.8834215716806811,0.7454640904665766,0.8775440976933514
37085,401345141.0664676,-1.2497473974223503,2.3219138243057382,0.7904756935157043,0,0,0.4560273088572539,128625.35294117648,0.7362192463407038,0.1083785617367707,0.35409529741513546,0.3995643684975367,0.439280868385346
41065,466452238.33821416,-1.778502958284136,2.4532216795119486,0.4596693376308179,0.059139952990127545,0.0023498805630794402,-2.122829705059422,25851.117647058825,0.7511678604796014,0.4380046841761316,0.5907816879476798,0.593318077534471,0.8955223880597015
53047,288498428.0609333,-0.41014948106930404,3.025863175146966,0.19757804420863212,0.0693516356720558,0.00615208538885644,-0.9092990581467958,41959.17647058824,0.6979134226097788,0.5794124431585922,0.7224125402263054,0.6665794686648921,0.9484396200814111
51061,1377002865.527952,-0.6074939925321345,1.7293180808942414,0.7614768044199809,0.0205037148314772,0.006577214721040254,-1.7049523963323665,69663.35294117648,0.8480224229212083,0.44868808172654673,0.5225786359389598,0.6064297135289051,0.7510176390773405
23015,18846848.45883386,-0.4081444804586134,2.403142834207285,0.61257981990101,0,0.10408893045171932,1.5364964691594791,34813.82352941176,0.3210837745250701,0.20183175033921302,0.8192671026679124,0.4473942091773985,0.5573270013568521
49053,1103865727.1199415,0.9389463603787433,2.063573569876766,0.6764957518484421,0.2500655293311419,0.009752014514445644,-0.1784189883374797,165040.9411764706,0.8280909374026783,0.8389667167895265,0.6571161631890376,0.7747246057937475,0.8283582089552238
28035,1136660206.15516,-1.0163878453194926,2.9519589835553024,0.3795964069498003,0.002178551287602421,0.013140036332884259,-1.3765903627657423,76240.4705882353,0.8312052320149487,0.29840662781918426,0.6754905014014326,0.6017007870785219,0.9145183175033921
18177,79613788.6497274,-0.7914091172129716,3.2195053813255807,0.6373761504512285,0.5202832550258235,0.03185114090169206,1.0914165094357235,67216.88235294117,0.5312986608533167,0.6253804533535637,0.7740060209695837,0.643561711725488,0.8476933514246947
02180,419937629.33529264,-0.9652636557749688,1.919060515827496,0.5448908479929669,0,0.002243023162537984,-3.4856633944910276,9801.235294117647,0.7412021177203364,0.13415875169606514,0.5330634278002698,0.46947476573889046,0.7371099050203528
51660,1067611770.1813831,0.19645101680866262,1.7499448638284796,0.9390914335883283,0.17078875556830356,0,-1.9116345061692532,51366,0.824665213329181,0.7364457544668713,0.13059275407453544,0.5639012406235293,0.5542740841248304
16055,10592485167.130089,-2.076363054150832,0.34391977454156636,0.9640506237843856,0.022194768280878883,3.786242026987933e-4,-2.5080358835840477,157759.76470588235,0.9451884148240424,0.34512648091297926,0.34361050555382544,0.5446418004302823,0.5247625508819539
39109,1457839954.8824677,0.19903458287745224,1.1331833518230519,0.9140821847499407,0.0027853819860380446,0.001606035107808643,-1.1296029243176273,105795.17647058824,0.8498909996885705,0.48043633626366256,0.4526108169832866,0.5943127176451732,0.5312075983717774
38005,69852318.23399372,-2.2845252539933103,2.675923609808337,0.6906877079781265,0.00734185677470508,0,-2.3127595192314305,6503.411764705882,0.5107443164123326,0.26801148656426377,0.23824353783867955,0.33899978027175864,0.6302578018995929
42037,95623302.11621082,-1.1573334556311572,2.7092977755166334,0.4563979692948975,0.014942983707436701,0,0.8846268978263905,66178.64705882352,0.5602616007474307,0.3723673035804762,0.4992214263469324,0.4772834435582798,0.6580732700135685
17119,4557221316.204207,-0.9379364435635225,1.8423996164228793,0.8268709666370652,0.027916243076759033,5.473468164922168e-4,-0.8738610007242399,266007.76470588235,0.9127997508564311,0.43981427350404106,0.5017128620367487,0.618108962132407,0.7262550881953868
13087,76516719.16752976,-1.486340648065422,1.8142504432286168,0.8584560272171834,0,0,-0.20414312963949513,27819,0.5269386483961382,0.08989145183175033,0.27717222049205853,0.29800077357331567,0.2876526458616011
05125,60939850.0680651,2.175400123745412,2.638616796119388,0.6062269170596122,0.026508132716581322,0,2.2054078032829727,117606.23529411765,0.49174711927748366,0.7594154840662781,0.5210214886328247,0.5907280306588621,0.5603799185888738
28011,25904083.779843178,-1.1251741300317573,1.469137016515212,0.7751863113253971,0.12347054203074885,0,1.0967153109676466,32123.529411764706,0.3628153223294924,0.5354068607590577,0.4044430603135057,0.4342217478006853,0.3504070556309362
40023,107574926.3759706,-2.6186622932201242,1.8823865497784165,0.9165466844549028,0.03976604090609149,0,-1.4998853910404306,14801.058823529413,0.5773902211149174,0.37287249759582486,0.16370808678500984,0.3713236018319174,0.4528493894165536
13213,79884862.001160115,-0.8231649296857135,2.073677004095905,0.6283919077908916,0.008164785615530194,0,0.2974951317212974,39869.76470588235,0.5316100903145438,0.36766454664190434,0.407661164746185,0.43564526723421104,0.503731343283582
08027,9694652.13208684,-1.680805295795702,1.2845146656997775,0.8353896835722645,0,0,-0.8325418513848788,4690.529411764706,0.24820928059794456,0.0780189959294437,0.24613308418976435,0.19078712023905087,0.17130257801899593
08083,278808457.21187997,-0.31255874638717174,2.909903390315435,0.25912165816978183,0.08512598242964659,5.481173222610737e-4,-1.6045528617225575,25913.470588235294,0.6926191217689194,0.6071734151251394,0.6414408803072771,0.6470778057337786,0.9406377204884667
46101,66450398.43738427,-0.8237319225232316,2.320064047097915,0.5622581969304314,0.21596446042728284,0,-2.2727209562849415,6461.058823529412,0.504827156649019,0.5926118405966161,0.2846465275615073,0.46069517493571416,0.7133649932157394
36043,217428544.19837162,-2.3830213003723575,1.4951429848821003,0.8082095887935435,0.0880408584440393,0.006795761044802939,-0.02952348270698849,62247.117647058825,0.6630333229523513,0.44330485937954606,0.6048998235233053,0.5704126686184009,0.6492537313432836
40123,178528151.63696885,-0.7373670756590336,2.472933586171878,0.6223740998046765,0.773327932502378,0.0064369755749640895,-0.5775641846412853,38045.17647058824,0.6424789785113671,0.6414959045182178,0.6411294508460501,0.6417014446252117,0.8561736770691994
13031,52744227.648838885,1.2640989985148074,1.7547217223562024,0.7868544476503216,0.8032994420282383,0.002326305053683384,1.6872266299748546,75909.82352941176,0.4708813453752725,0.9043599410489908,0.7003010484791861,0.6918474449678165,0.5980325644504749
08049,52892803.200634934,-1.7611226140092526,2.498048550307167,0.3595337893534362,0.09177558705034852,0,-0.7522721590960788,15174.29411764706,0.4718156337589536,0.47141784700110306,0.4146164227135887,0.4526166344912151,0.7296472184531886
55123,41583847.19063073,0.4649496351579927,2.422095547269432,0.47154302347523736,0.0200308887286926,0,0.541791871010858,30437.235294117647,0.43164123326066645,0.614602339006371,0.4711927748364995,0.5058121157011789,0.5881953867028494
48049,37418473.23673136,-1.189911921869646,2.81963272011883,0.4106659404342171,0.013691138434747941,0.037789526856125924,0.9838072648232067,38014.76470588235,0.41762690750545,0.36483142676125657,0.8379528703415344,0.540137068202747,0.7910447761194029
20191,15178170.822832808,-1.3496803592829938,1.7567929648683844,0.8071614771325362,0,0,1.1379114010045737,23187.882352941175,0.29866085331672376,0.09938941655359566,0.39105159348074325,0.2630339544503542,0.20115332428765265
54009,9071613.603727762,-5.04175421720236,1.7308668858931138,0.8778115759658368,0,0,1.6289099227842145,22827.470588235294,0.24011211460604173,0.007632293080054274,0.3837849060521125,0.2105097712460695,0.13331071913161466
21013,55402941.12188253,-0.9384329328858403,2.860145417655917,0.6570466810026248,0.017152976479187357,0,0.04524842959693433,26500.58823529412,0.4796013702896294,0.39973150733851237,0.37900965431329797,0.4194475106471465,0.6058344640434192
42053,45317276.43448585,-0.15321813254927186,2.5670842609191133,0.4527264441942893,0.20652208455162832,0,-1.714637913920144,7254.529411764706,0.4450327000934288,0.6850760544154796,0.3364476279456037,0.48885212748483736,0.7486431478968792
45075,139539097.53842622,-0.08295977124740261,2.0416402687406774,0.4967018324898156,0.0029508507293826924,0,0.9385700061701719,88031.94117647059,0.611336032388664,0.43361712117133405,0.4927852174815737,0.5125794570138572,0.5271370420624152
51830,476224622.5883273,1.684338345127113,1.3612747194095773,0.8173477560830231,5.426372073747757e-4,0,-2.984288709834159,14833.35294117647,0.7530364372469636,0.5860926964739066,0.16516142427073602,0.501430185997202,0.4389416553595658
53003,86618681.98816675,0.5559973611555584,2.215815879955419,0.565809901480713,0.02450026378525476,0,-0.6705555595617331,22186.58823529412,0.544067268763625,0.6416327680236094,0.36271151250908334,0.5161371830987725,0.6139755766621439
08121,4725420.093645207,-0.6710846802409911,2.417023313736704,0.434054515243092,0.10217372802274179,0,-0.07452425109271102,4814.235294117647,0.17720336343818124,0.5671308696089601,0.4421260251219765,0.3954867527230393,0.58921302578019
49019,1188452056.778121,-0.3870603892018778,1.137260181795077,0.862518576447063,0.006226660031830923,0.004307106618696309,-4.57029008605608,9518.35294117647,0.8364995328558081,0.4106216730158644,0.4094259316931382,0.5521823791882702,0.6282225237449118
26047,16891642.62808617,-2.714674515865232,1.4919270454581794,0.7802480912428865,1,0,1.5781025305237684,33286.05882352941,0.30831516661476177,0.532141623817513,0.42707360116266996,0.42251013053164826,0.35345997286295794
29201,94520728.70090668,1.249146450603833,1.2511811972907005,0.8723938023838623,0.011045526684118148,0,0.08200687781588183,38644.17647058824,0.5590158829025226,0.6516775069813984,0.2885913007370497,0.4997615635403236,0.3012211668928087
32015,64047471.24457508,0.34036785347242215,2.464804476881292,0.3168841805750258,0.18777839445508718,0,-2.41113370869048,5754.64705882353,0.4979757085020243,0.7614875839421946,0.3459981314232326,0.5351538079558171,0.7825644504748982
05029,6920202.923976934,-4.503710211331354,1.4477413231942662,0.8077504232179914,0.7773279352226721,0,1.7750774376741845,21024.352941176472,0.2108377452507007,0.49732515687186224,0.4229212083463096,0.3770280368229575,0.29613297150610585
30023,96275878.9281767,0.6155161358285994,2.034195256587716,0.7024216731699505,0,0,-2.0905132789812666,9310.529411764706,0.5611958891311118,0.35702170963364993,0.24104640298972282,0.3864213339181615,0.45217096336499324
55115,14687527.072010795,1.4614404350964207,1.8374116666648375,0.7407011647824187,0.45419912356498354,0.1450112269773261,2.0428491864377754,41257,0.2930551230146372,0.9007039406719364,0.7912384511574796,0.6616658382813511,0.5915875169606513
36011,120652302.36449027,0.2222661794897789,2.4977192613011985,0.6318118598174938,0.003931135281498702,0,0.8942802764023637,77660.64705882352,0.592027405792588,0.49385111244651225,0.44596698847710997,0.5106151689054034,0.5481682496607869
46085,61831375.63574768,1.6178471746816285,1.7961277936992717,0.5895113080715622,0.060322635262110486,0,-3.0109224632540466,3782.764705882353,0.4942385549672999,0.8044852708583154,0.2565140662306654,0.518412630685427,0.6092265943012212
36097,17867746.968751237,2.337010969893038,1.3227961830847559,0.7261041933788916,0.016409662552210318,0,0.5927015373305256,18014.764705882353,0.3157894736842105,0.7255847062736962,0.3907401640195163,0.4773714479924743,0.28968792401628224
01057,71669.19114235292,NA,1.7009483615521417,0.8853802270437043,NA,0,5.988729471735068,16612.352941176472,0.011522890065400186,NA,0.4421260251219765,NA,NA
26151,49609919.44574002,-2.6396683191702444,1.036979034399803,0.9317467633532531,0,0,0.8397730670432324,41643.58823529412,0.45998131423232635,0.0403663500678426,0.3042665836188103,0.26820474930632643,0.11058344640434192
44001,127806400.1528226,-0.1505831754560898,3.0108911212903338,0.3985836354397812,0.0430928914401075,0.2202066491710598,0.15889503814758332,49626.82352941176,0.6004360012457178,0.5812146681422546,0.7971556109207931,0.6596020934362552,0.8890773405698779
51790,12628107.767132035,-1.5340511151891487,2.4096973991625843,0.6450193084480089,0,0.14174604459824508,1.4162329421538105,24680,0.2777950794145126,0.08666892808683853,0.8000622858922455,0.38817543113119884,0.5301899592944369
47059,2021228706.8391857,0.46541245227268035,1.2843764169067082,0.9579790420969303,0.004027179553603867,0,-2.090446847913194,69585.23529411765,0.8695110557458735,0.5277645974898689,0.11107650783764145,0.502784053691128,0.38636363636363635
05095,74310482.5608721,2.83257011558843,1.3665692109891623,0.9919007737580613,0,0,-2.196674341148502,7314.823529411765,0.5213329180940517,0.47489823609226595,0.07495069033530573,0.3570606148405411,0.19063772048846675
45073,33500201.790386304,-0.542977883400086,3.0631146859554144,0.48252237635125067,0.06000284471670706,0.0031356121091988673,2.164106251946157,77071,0.39925256929305514,0.5478784343902641,0.8318280909374026,0.5929863648735739,0.7818860244233379
51187,211101483.59470263,0.6272822601178873,2.977822291042717,0.350486576814689,0.0714346169382004,0.0013526221617311076,-0.6888355163946509,39487.58823529412,0.6583618810339458,0.7399855115024259,0.6856638638015156,0.6946704187792957,0.91078697421981
40019,69487033.98522356,-1.0021858602362563,2.4957776971440615,0.7627051149506847,0.018734887972683776,0.16204020158136567,0.7245836967474264,48214.82352941176,0.5101214574898786,0.40197831211949,0.7113048894425412,0.5411348863506366,0.7001356852103121
55019,24467797.237765063,-1.349632699514693,0.6485612077811689,0.9574524834507329,0.13294914171326772,0,1.2669983438855263,34619.17647058824,0.3553410152600436,0.5200667050972139,0.3134018478148033,0.3962698560573536,0.16960651289009498
55049,8506953.119626787,-0.3203434869792581,1.9947126115646,0.6779306835585227,0,0,1.7492313836747402,23688.764705882353,0.23045780130800372,0.21370420624151967,0.47607183639572304,0.30674461464841546,0.24185888738127545
51185,21805796.194653522,0.3238438456041717,2.1028980325214066,0.7367497350286424,0.06862078211770663,0,1.6825728042763946,42219.41176470588,0.3407038305823731,0.6995042776643292,0.4502231911138794,0.4968104331201939,0.41655359565807326
51175,91241433.68681787,5.340626211065626,0.9557716105898814,0.9645443531265329,0.674411051577475,0,-1.0249318050382168,18168.70588235294,0.552787293677982,0.9785613742183599,0.15654520917678813,0.5626312923577099,0.3402306648575305
13233,821337991.2006013,-1.3432367869383484,0.6901853499086603,0.9989264446674205,0,0,-1.9476418344923285,42178.82352941176,0.8013080037371535,0.09972862957937585,0.07194020554344441,0.32432561295332457,0.19843962008141114
37137,8355814.339042408,-2.768472438690951,2.3917095846966294,0.6326279529195137,0.07060235023745297,0,0.8299602517352638,12753.235294117647,0.2282777950794145,0.4158778887490041,0.44046506799543234,0.3615402506079503,0.4925373134328358
13077,189966314.04078305,0.9855249132503019,2.6614081183646623,0.6583213395484485,0.015208761214253526,0.03248097272526986,1.3350095633350254,140254.9411764706,0.6496418561195889,0.6508403509869127,0.7790927021696253,0.6931916364253756,0.7669606512890095
50021,315675844.1441461,-1.230903179496746,1.8341827655945528,0.7573276583414584,0.01314427081952733,0,-0.4505443448715282,60297,0.7081905948302709,0.3580784363843018,0.30385134433717426,0.45670679185058233,0.508819538670285
08039,5721930.353970596,0.1044335615333285,2.420250418887341,0.6509104312948728,0.9702072206201826,0.03469045760711897,2.24758083169468,25336.41176470588,0.19588913111180317,0.7813170438570493,0.8213432990760926,0.599516491348315,0.6801221166892809
18035,181203769.08107743,-2.2407255839466256,0.8147611766210834,0.9254075289562615,0.0021901256551365316,0,1.0832314034299753,115112.23529411765,0.6455932731236375,0.22411376348354783,0.32700093428838367,0.3989026569651897,0.20488466757123475
27079,64131457.65269305,-4.39081268532663,0.5953100413588723,0.9373831322855473,0,0,-0.0018937795731488179,28294.941176470587,0.49859856742447833,0.011533242876526458,0.24395307796117513,0.25136162942072665,0.10888738127544098
32019,253549040.87808093,0.6833276714643404,2.524114957868959,0.9067355979511088,0.019044801212552854,0.01994236962625895,-0.36071224418838954,55358.76470588235,0.6826533790096543,0.6378723072558505,0.5507110972698017,0.6237455945117688,0.7113297150610584
20115,40656051.75620486,-0.8476325939236684,1.723129386645857,0.6523289933743948,0.019607192560435305,0,-0.8305671712985265,12109.941176470587,0.4291497975708502,0.4195704842520863,0.3229523512924322,0.3905575443717895,0.466078697421981
17061,4495721.7881571,-4.9711456846981505,1.4521200261740321,0.7765098468053123,0,0,1.4747169910667455,12965,0.17159763313609466,0.007801899592944369,0.42375168690958165,0.20105040654620687,0.12754409769335143
47099,2279932.00919538,-3.002547928807296,2.4402220907346246,0.7895236338254219,1,0,3.981208041320508,43367.41176470588,0.11772033634381812,0.5238309046858983,0.4790823211875843,0.3735445207391002,0.39043419267299867
05021,28388701.189229444,-1.5861226611554624,1.4521680825246348,0.6367128435984549,0,0,-0.13843314512787175,15089.941176470587,0.3758953597010277,0.08259837177747625,0.37423440257448354,0.27757604468432917,0.283921302578019
49043,486326726.0845379,1.2384091368639325,1.692672745393717,0.8887172308325446,0.008245854533828551,0.046436613150340714,-1.5021926473430518,40044.17647058824,0.7549050140143257,0.6357942026069325,0.5005709540122495,0.6304233902111692,0.6550203527815468
26029,118967075.1220171,0.22175064678993728,1.4570718494589285,0.9394063939560646,0,0,-0.7392176993208928,26148.352941176472,0.5914045468701339,0.30613975576662145,0.1932938856015779,0.3636127294127777,0.22761194029850745
12093,271914451.29778206,0.05977192177988755,1.4343581505596175,0.6126111368614006,0.08800068269168562,0,-0.9040640798665629,40489.41176470588,0.689816256617876,0.674481142293633,0.3330219038721063,0.5657731009278718,0.5861601085481682
20039,225446.09996294993,NA,0.27561438019957213,0.9866804739752248,NA,0,2.175504060441889,2851.6470588235293,0.028962939894113984,NA,0.3280390324924738,NA,NA
38029,3537898.0546511738,-0.9527579809966387,1.8712922010404551,0.5734845200214557,0,0,-0.3227292109908191,3374.8823529411766,0.15073185923388352,0.1351763907734057,0.3836810962317035,0.22319644874633093,0.3018995929443691
05093,98154965.6415508,0.28358351682526717,1.8807185279602647,0.42992214394142475,0.18397043716179703,0,0.19778239548730314,42769.17647058824,0.5639987542821551,0.7518408594665587,0.46050036333437144,0.5921133256943617,0.6445047489823609
13001,5137394.753869925,-1.8639519647446878,2.1357729061159416,0.8596040195132941,0.9629972263010788,0,1.871960941261378,18409.529411764706,0.18561195889131113,0.5623602474057114,0.40174400498287133,0.3832387370932979,0.3578697421981004
42073,430587548.4819266,0.8231114298541549,0.504483610800425,0.9441314521929259,0,2.4040284259032113e-4,-0.19358010503160528,87721.64705882352,0.7443164123326067,0.37974898236092264,0.4743070694487699,0.5327908213807664,0.3083446404341927
19167,115906194.98799701,-0.1343083619432086,0.7669758249865786,0.9363134067761718,0.07682895054930473,0,-0.27610276408006107,34902.17647058824,0.5876673933354095,0.6315235627292577,0.22516350046714417,0.4814514855106038,0.29206241519674353
72075,65604107.62140149,-0.19050241507249233,1.3130643516959974,0.6754665036014907,0.036265300035185195,0,0.773935728624193,47955.9,0.5032700093428838,0.5587323448343997,0.42177930032181044,0.49459388483303135,0.38907734056987786
72057,3416198.528356789,-1.11466454458715,1.9197727737620838,0.7119282750974807,0,0,3.5481960485866124,42554.8,0.14792899408284024,0.12075983717774763,0.5078376414408803,0.25884215756715606,0.18453188602442333
47051,549817426.0932304,-1.516151102460185,1.8392468802891337,0.8473766430470284,0.02958431395538593,0.030199844699343233,-1.548883444679456,42106.705882352944,0.7648707567735907,0.3953096151597632,0.5158309976123742,0.5586704565152427,0.7238805970149254
18153,62874408.91425435,-1.447096025214348,1.2629377987707127,0.9423115003437522,0,0.00228784675788654,-0.43539023395456294,20972,0.495172843350981,0.09277476255088195,0.48167756669780964,0.3565417241998909,0.3212347354138399
02063,95281290.96455473,0.4166298277002589,2.2967119818163515,0.5912380023616917,0.040817200615536724,0,-2.5418876729651907,6862.4,0.5596387418249766,0.6684679852694988,0.26793314647565664,0.4986799578567107,0.6841926729986432
28153,1471431.5616387438,-1.441452542990577,1.5512949791556447,0.7481332565464398,0,0,3.2702349783045292,20300.176470588234,0.09498598567424478,0.09294436906377204,0.48697186753866917,0.224967407425562,0.10651289009497965
51181,9007172.381303297,-0.4316730224125944,1.563906235766351,0.8550445253167803,0,0,-0.22028087029916466,6695.764705882353,0.2398006851448147,0.1989484396200814,0.2773798401328766,0.23870965496592422,0.17706919945725916
13009,7291064.371362435,-0.9857413843291774,2.9194431539360735,0.6090578390688425,0,0,2.8809234825549495,45187.35294117647,0.2145748987854251,0.13212347354138398,0.5361777224125402,0.2942920315797831,0.366010854816825
17055,116458726.7158259,-0.8469835073583738,2.3959006911210468,0.44829912314548154,0.2650052135859531,0,-0.12154984236161707,38776.17647058824,0.5889131111803176,0.5994328095358514,0.4342364787708917,0.5408607998290202,0.7313432835820896
72101,82139969.19989422,5.097812519029924,0.3799862874454115,0.9594253181545289,0.003074536027436389,0,-0.07732955148820397,31701.4,0.5356586733104952,0.6751133429228425,0.22454064154469014,0.478437552592676,0.15637720488466758
01123,23361648.954022884,-1.4358283330011865,2.415481010801057,0.5975021276554225,0.011490604052767034,0,1.5687145873903863,40984.294117647056,0.3503581438804111,0.3310899274804697,0.49870237724488736,0.3933834828685894,0.47218453188602444
13291,25073188.908443745,0.959835175623784,2.924552637608162,0.4135359245750464,0.0899352957157897,0,0.6494561938884734,23395.41176470588,0.35845530987231394,0.7870659908691195,0.49569189245302603,0.5470710643981532,0.6848710990502035
40003,8101585.586681578,0.01835926547211919,2.585544176475988,0.4631230137434036,0.7956439673855401,0,-0.3480777569860339,5737.529411764706,0.22485207100591717,0.7612172558595255,0.41181355756254545,0.4659609614759961,0.6638398914518318
27085,23078025.446646824,1.8446912865949514,2.0890295544391706,0.9048144877979889,0,0,1.3976458362304494,36309.94117647059,0.34942385549673,0.4494572591587517,0.35586006436208867,0.38491372633919013,0.20522388059701493
47041,370846630.68982595,1.5317620704575212,1.476480808233137,0.8324055716302481,1.736478423074326e-4,3.9032174107191467e-4,-2.2991599637333118,19772.764705882353,0.7243849268140766,0.5690901250714908,0.42811169936676013,0.5738622504174425,0.5824287652645862
29155,109847758.32821438,3.1220924949213007,1.1190230252535476,0.7319244237606817,0,0,-1.3328059142491544,16758.470588235294,0.5808159451884148,0.4798168249660787,0.26170455725111597,0.44077910913520313,0.3113975576662144
01091,51091585.48049994,0.9851777780512254,2.1596629882275136,0.6405807662730816,0.010094295197882625,0,-0.32004259610921176,19732.941176470587,0.4671441918405481,0.6254536436056192,0.3606353161009031,0.48441105051569017,0.514246947082768
30021,122302025.54759867,-0.9279013194032988,1.0128596959684426,0.9734812969695694,7.517433118598039e-4,0,-2.3787180519444617,9014.35294117647,0.5951417004048583,0.28735569284203866,0.08896501609052217,0.323820803112473,0.2506784260515604
19087,656183.9900334299,-0.4195968356816717,1.857639857108467,0.7791575447745629,0,0,4.057163691417384,20025.470588235294,0.06041731547804422,0.19996607869742197,0.4841690023876259,0.24818413218769733,0.1149932157394844
27083,35990406.397003606,-3.373054106856756,0.811408238759534,0.9208731784875938,0,0,0.42888645150208615,25677.70588235294,0.41015260043600127,0.02391451831750339,0.2852693864839614,0.23977883507915534,0.09294436906377204
50017,400766921.3827879,1.8245623137470766,1.7144067311837223,0.7965834518665063,0.1372412025388725,0.007590894909821287,-1.7880876909078898,29172.941176470587,0.7359078168794768,0.8704529139690507,0.5085643101837434,0.7049750136774237,0.7581411126187245
29029,20919550.123856988,-0.333469917593348,2.214767857814978,0.7888725416694574,0,0,1.798352285570197,44343.35294117647,0.33540952974151356,0.212516960651289,0.43216028236271153,0.3266955909185047,0.2598371777476255
46057,84116250.0827557,2.0844214360349245,0.09411837206548897,0.9970597765970461,0.00598436563984982,0,-2.601451159771746,6076.058823529412,0.5390843973839925,0.6615009757189639,0.05398110661268555,0.41818882657188067,0.17774762550881953
31033,105710296.93483916,2.386406503590054,1.228569693522987,0.8508325616221375,0.0019714564259328965,0,-2.1112090772243204,9769.235294117647,0.5739644970414202,0.6329175764464252,0.17533478667081906,0.46073895338622145,0.34633649932157395
39013,73237829.63487941,-5.0726756964253195,2.0462870069639587,0.7468871963764661,0,0,1.1942237514079448,68080.94117647059,0.5185300529430084,0.007462686567164179,0.4200145333748573,0.31533575762834326,0.330393487109905
01085,76884876.10064022,-1.231834683299514,1.3072013338290582,0.797030697909226,0.034804020453800426,0,-1.6938953869981366,10429.058823529413,0.5278729367798194,0.42921550926366525,0.21706633447524135,0.3913849268395753,0.41723202170963364
20129,2329937.251067468,-0.2598398071635728,2.3111010896751174,0.538151508709503,0,0,-0.14451189603634282,2881,0.11896605418872626,0.22506784260515603,0.4072459254645489,0.25042660741947703,0.3548168249660787
29151,2689266.2363773673,-4.418102810261448,1.7288923964615597,0.895605654013691,0,0,2.064196069523649,13629.235294117647,0.12862036748676425,0.011363636363636364,0.38959825599501713,0.17652741994847257,0.08480325644504749
01131,25932338.916902557,-0.7246540407220099,2.2219831244073647,0.683242751432162,0,0,-0.5453841775570583,10862.941176470587,0.36374961071317347,0.15739484396200815,0.3280390324924738,0.28306116238921847,0.38263229308005425
01059,179089070.28826016,0.17243207567139507,1.4506469351296207,0.992059553144763,0,0,-0.8578972687569907,31678.176470588234,0.6431018374338212,0.3005427408412483,0.14014325755216442,0.3612626119424113,0.20827679782903663
39115,2822682.2396297962,-4.753914194885809,1.7374306634898966,0.7463150107594602,0,0,2.108018852506637,14485.70588235294,0.1320460915602616,0.008989145183175035,0.46122703207723453,0.20075408960689037,0.15128900949796473
47091,39548002.418474615,-1.6606900069419002,0.9025526427662068,0.9823181888083999,0,0,-0.1991697559067807,18046.29411764706,0.4260355029585799,0.07937584803256445,0.19651199003425726,0.23397444700846717,0.08310719131614654
18049,1998618.1646227138,0.23835484978861565,1.9948519432098395,0.9292922535620075,0.7717089894716592,0,2.9707275083654423,20390.41176470588,0.11367175334786671,0.7958404370930916,0.3926087407868784,0.43404031040927893,0.2581411126187246
06033,151152099.7327614,0.1886417709922874,2.2772659039715752,0.658212291544994,0.005257010654694599,0.11400525479616117,0.40819251635730824,65371.882352941175,0.6241046402989723,0.5001319917084281,0.7305097062182083,0.6182487794085363,0.7259158751696065
51025,84424456.5782758,-0.37310272581024506,1.798473664318702,0.6896807680497132,0.0034616376141674908,0,-1.0824950900586034,16615.941176470587,0.5400186857676736,0.38995007201195697,0.2925360739125921,0.40750161056407425,0.4718453188602442
55045,6237122.947252302,0.2072169511161004,1.3659398110905967,0.7382094207429962,0,0,2.7299158082775654,36888.05882352941,0.20367486764247897,0.3039348710990502,0.4826118550814907,0.3300738646076733,0.1217774762550882
37161,64483291.26057454,0.5611645539592587,2.2035348914853397,0.5645541508455629,0.005061028482339545,0,1.2827912849247112,66360.5294117647,0.4995328558081594,0.5457848079696254,0.4930966469428008,0.5128047702401952,0.49151967435549526
20075,244963.40236672814,NA,0.2851761886389186,1,NA,0,1.942168899032677,2582.0588235294117,0.02989722827779508,NA,0.281947472230873,NA,NA
28025,430919744.41972196,0.7424983267812202,0.7851786755047012,0.9985244262985004,0,0,-2.4600749904077936,19632.41176470588,0.7446278417938337,0.3712686567164179,0.055745873559638746,0.3905474573566301,0.19470827679782904
29111,50396016.965825796,-2.4892418496609583,1.6455923427105588,0.7254194082583683,0,0,-1.3301496911733308,10032.64705882353,0.4640298972282778,0.04511533242876527,0.26492266168379525,0.2580226304469461,0.344640434192673
21197,3453923.368624883,NA,2.0172936935819807,0.8107813954899915,NA,0,1.6986402056019947,12629.411764705883,0.1494861413889754,NA,0.4179383369666771,NA,NA
08047,8893793.91237731,4.798589040764233,0.449127565438904,0.9745400171969457,0.002374439895299441,0.017556687333597595,-0.44070458804016266,5740.058823529412,0.23793210837745252,0.6672356472329553,0.4941347451468909,0.4664341669190995,0.23202170963364993
09110,1697190210.1430235,6.080789358797347,1.4471733900195887,0.9407480621702254,0.002176849142738817,0.006446801577936597,2.083361855996359,977290.2,0.8607910308315166,0.6669641861742481,0.6527561507318592,0.726837122579208,0.4637042062415197
37073,834291.5443843546,-0.43503441020793865,1.680557871726412,0.9411562184558276,0,0,2.9603198836635265,11369.941176470587,0.07069448769853628,0.19860922659430122,0.38347347659088554,0.217592396961241,0.04782903663500678
47101,8341829.116168778,-5.320985589295653,1.6856244352359442,0.7776560166909192,0,0,0.7783071765488775,12311.70588235294,0.22796636561818748,0.006105834464043419,0.3801515623377971,0.20474125414000932,0.19640434192672998
19179,217229452.21616176,0.21321618808208243,1.5304746912785554,0.9555608115108638,8.779966706085966e-4,0,-0.8850903549144471,35347.41176470588,0.6627218934911243,0.45625772123169905,0.17211668223813972,0.430365432320321,0.31614654002713705
28155,21965624.15015548,-0.018192436328222428,1.5060998630931675,0.6671265700734821,0,0,-0.508589682659525,9974,0.34163811896605417,0.2674694708276798,0.3369666770476487,0.3153580889471275,0.2818860244233379
01023,4312470.156843124,0.929154822262154,1.7089772382021025,0.7819574586398781,0,0,1.5296232941833892,13079.35294117647,0.1659919028340081,0.3878900949796472,0.4235440672687636,0.3258086883608063,0.1523066485753053
17039,1960305.1537377874,2.5480142961947347,1.4311434804565275,0.9050220734287137,0.37556180625927615,0,2.6231682440046304,16000.823529411764,0.11273746496418562,0.9360759057690233,0.40143257552164435,0.4834153154182845,0.19877883310719133
08061,2725869.970855236,0.9206879041088687,2.5361297142490336,0.5167177686416997,0.26149659950203785,0,-1.3960697317340327,1397.8235294117646,0.13048894425412644,0.8401252980859956,0.3335409529741513,0.4347183984380911,0.6241519674355496
37149,1324253.7174670321,2.0373238788612245,1.015660785245163,0.9241770054073158,0,0.6904092267780094,3.374818889612887,20289.41176470588,0.08938025537215821,0.4564111261872456,0.7367382954427489,0.42750989233405096,0.1350067842605156
27155,1103912.92550534,NA,1.3282751098759296,0.7970559451787893,NA,0,0.8376892818649807,3365.4117647058824,0.08066023045780131,NA,0.3753763105989827,NA,NA
31009,102893.07713363628,NA,1.998983687216763,0.9999999999999999,NA,0,0.22144357393919328,467,0.015260043600124572,NA,0.19298245614035084,NA,NA
13171,3818364.19244956,1.4821479524573054,1.629427853328738,0.9129570111904268,0,0,2.193064691322411,18708.470588235294,0.15758330738087822,0.4291044776119403,0.3852382435378387,0.3239753428435524,0.07157394843962007
47087,3010679.136384923,2.094149922075321,1.3784666309896614,0.7233601217451143,0.25960290685005466,0,1.7249346221521658,11735.941176470587,0.13920896916848333,0.9095021793927067,0.45925464548946326,0.502655264683551,0.2866350067842605
13211,5953885.279646901,3.9774844832037086,0.37415684425689166,0.9394005226379949,0,0,1.772245780798051,19000,0.19931485518530054,0.48846675712347354,0.3508771929824561,0.3462196017637434,0.019335142469470826
22091,2368631.7879699473,-0.21708256459087671,1.921190665207777,0.6241427878241803,0.9181239947921113,0,1.8295721117481873,10732.941176470587,0.11958891311118032,0.7223226416650579,0.5001557147306136,0.44735575650228393,0.4087516960651289
28055,50399861.984799914,-6.410284847588835,0.9607564409369773,0.8479961862548013,0,0,-4.358262610647594,1356.8823529411766,0.46434132668950484,0.0023744911804613297,0.13432990760925984,0.20034857515974203,0.24287652645861602
22035,45744124.611033015,-2.0021960969270527,0.22481903312379647,0.9708014967250137,0,0,-1.709004768445837,7326.823529411765,0.446901276860791,0.06360244233378562,0.11585175957645592,0.20878515959034416,0.09667571234735414
31185,28884638.73893584,2.5717435396037835,0.8310490593864772,0.9170073206813867,0.015111598124491055,0,-0.2769750107432697,13928.470588235294,0.3768296480847088,0.7268292804514502,0.23813972801827052,0.4472662188514765,0.20183175033921302
13287,8045595.6733094985,-2.1756018749087236,0.307615423404236,0.9834766419649332,0,0,0.25797493536527233,8523.882352941177,0.22454064154469014,0.056818181818181816,0.22516350046714417,0.16884077461000535,0.022727272727272728
47111,3429547.372338964,2.5847915913820696,0.22054676228679632,0.9980368353599346,0,0,2.674743589157584,23957.235294117647,0.14824042354406727,0.47031886024423336,0.32347140039447736,0.314010228060926,0.004409769335142469
48017,2210152.1924948264,NA,1.3710061261274127,0.7864603273343675,NA,0,1.2582276148093101,7029.176470588235,0.11678604796013703,NA,0.4066230665420949,NA,NA
31021,4458149.921022313,1.1181763325685434,0.6967951494578867,0.9229122120228422,0,0,0.4787988954203277,6677.176470588235,0.16972905636873248,0.40705563093622793,0.28859130073704975,0.28845866268067005,0.0407055630936228
31081,4203134.157485638,0.6870613465394104,1.540081607094744,0.8037787090400075,0.23027385103578493,0,1.0299142396149694,9243.35294117647,0.1641233260666459,0.812896824857313,0.38658777120315585,0.45453597404237156,0.29918588873812757
72054,334351.3863892284,NA,0.9126830503735452,0.9464584902143455,NA,0,3.969200508545998,12102.4,0.03986297103706011,NA,0.39375064881137756,NA,NA
19165,9244440.548376964,-0.7980864641038199,0.9343992033319437,0.9822192669612613,0.04613569247395666,0,0.6172881920192874,11846.64705882353,0.242914979757085,0.49326989573901303,0.252050243953078,0.3294117064830587,0.13025780189959293
19051,1325453.4122022064,NA,1.6805347963838007,0.9980009797470802,NA,0,2.1291269985742174,8914.29411764706,0.08969168483338524,NA,0.3083151666147617,NA,NA
48165,1225423.9536434847,4.10441229784829,0.8253333234066277,0.9933988444473587,0,0,3.4325894409548656,20025.823529411766,0.08626596075988789,0.4898236092265943,0.34516765285996054,0.30708574094881425,0.0067842605156037995
13181,13881956.86056196,4.120309873181316,0.28489584948891833,0.9959887230972434,0,0,-0.4085957269716766,7868.411764705882,0.28900654001868575,0.4899932157394844,0.16152808055642065,0.3135092787715303,0.032225237449118045
51037,650484.4805738755,1.8576703850324652,1.2722250249082148,0.9471385107595335,0,0,3.294327598758933,12027.882352941177,0.05979445655559016,0.45013568521031205,0.3849268140766116,0.2982856519475046,0.020013568521031207
01079,16803296.43984569,-1.68210395143916,1.4639819404216625,0.9425800691792151,0,0.430531050068856,1.5927774532324623,33494.117647058825,0.3076923076923077,0.0778493894165536,0.6739333540952973,0.3531583504013862,0.2567842605156038
48289,422775.53628299077,-1.975895098000752,1.6609533074131326,0.9040798891370954,0,0,4.226592295285484,16751.70588235294,0.04671441918405481,0.064280868385346,0.4253088342157168,0.17876804059503923,0.05088195386702849
54105,23593237.735048294,-4.853293011899634,0.748112090963758,0.9953916083145621,0,0,-1.463492545469269,5563.882352941177,0.3525381501090003,0.008480325644504749,0.09882694902937818,0.15328180826096108,0.07055630936227951
17035,681583.5955393867,NA,0.9333663344888354,0.9776854510745736,NA,0.14949644605918613,3.078866414360607,10758.823529411764,0.06259732170663344,NA,0.6859752932627426,NA,NA
13007,9305025.598199215,NA,0.533554144574553,1,NA,0,-1.3912968569516073,3155.8823529411766,0.2435378386795391,NA,0.07837641440880307,NA,NA
46025,619490.962681762,NA,0.8033979758780687,0.9659720629377792,0,0,1.575066168550689,3739.823529411765,0.05792587978822797,NA,0.32264092183120524,NA,NA
48193,288595.2294610499,NA,0.7211625490939327,1,0.7519341788181794,0,3.557533037039228,8366,0.03550295857988166,NA,0.3191113879372989,NA,NA
48345,936.9491814441055,NA,-0,1,NA,0,6.282136955417837,1148.4117647058824,6.228589224540642e-4,NA,0.3333333333333333,NA,NA
21057,44664.32700855663,NA,0.5706035297629333,1,NA,0,5.049551182854389,6535.058823529412,0.008408595453129867,NA,0.33084189764351707,NA,NA
21087,391231.7262972288,0.21440749167073925,1.0317981583331206,0.8746152295950689,1,0,3.694802136280475,11199.941176470587,0.04484584241669262,0.7997807011580829,0.4345479082321188,0.4263914839356315,0.15332428765264586
48125,1427313.7780023492,-3.2108387537365957,0.16398272925160565,1,1,0,-0.11253373589201238,2128.6470588235293,0.0931174089068826,0.5207779874538766,0.16090522163396656,0.2582668726649086,0.0807327001356852
18115,32356.14375519248,NA,0.7881946975881027,1,NA,0,5.2382358647926015,5982.588235294118,0.00747430706944877,NA,0.33156856638638016,NA,NA
48045,5822.682234268167,NA,-0,1,NA,0,4.891612457641884,1532.1764705882354,0.0021800062285892243,NA,0.33053046818229004,NA,NA
46083,82227953.24335153,-1.4880907938608594,2.30224405587833,0.7000020938716246,0.31822607992154095,0.017433390155130873,0.802175674342341,56722.23529411765,0.5359701027717222,0.5484700744773129,0.7230353991487594,0.6024918587992648,0.7635685210312076
17199,4883849711.986369,0.8045581611866233,0.9241485558568109,0.8553851078836965,0.02338146523029819,5.335681122535509e-5,-3.0331732089086016,66858.64705882352,0.9152911865462473,0.6669640728766443,0.38606872210111076,0.6561079938413341,0.6339891451831751
45015,12240046807.061739,1.3680779528536355,2.6918679471109628,0.44963219555326833,0.008923416951081588,6.533014991461866e-4,-2.2067642946231336,211800.41176470587,0.951417004048583,0.6487939696670592,0.5756254541679643,0.7252788092945354,0.917910447761194
37103,6130163.05132585,-9.151733437020972,1.857954555565037,0.9656170841959462,0,0,0.7239277272814678,9689.882352941177,0.20242914979757085,3.3921302578018993e-4,0.27125506072874495,0.15800780785069865,0.10990502035278155
37183,6427932865.325937,-0.1618589937998003,3.4812077965923693,0.24741298285702162,0.039469767513022974,0.043630517633984144,0.8508102965390615,1043439.8823529412,0.9274369355341016,0.5721679677763487,0.8641129450846051,0.7879059494650185,0.9633649932157394
39141,661269068.4214951,-0.7469860622981201,2.6910090321859617,0.2688429622653488,0.009844107001425906,0,-0.8185851252229362,77066.82352941176,0.7801308003737154,0.3841322400567757,0.42946122703207723,0.5312414224875227,0.7924016282225237
09015,230249458.5633903,-0.4007913048159608,2.4166561538177236,0.6425781820483196,0.002503137481830684,0.023094945382247465,0.872457599499831,117321.08333333333,0.669573341638119,0.3775294823024611,0.7532440568877816,0.6001156269427872,0.7364314789687924
27097,121946085.13953523,0.3694571806509295,2.982130770386111,0.32230074271114434,0.012432821921643664,0,-0.3922171433560029,33428,0.5935845530987232,0.5698281456626505,0.44596698847710997,0.5364598957461613,0.7574626865671642
53009,1008375439.863221,-1.132847612107259,2.543990142474169,0.3177627697592515,0.05520186761461537,8.76920565391714e-5,-1.290696973842104,74553.76470588235,0.8203052008720025,0.4774445997376934,0.6327208553929201,0.6434902186675386,0.9189280868385346
39085,1158173220.83951,-0.12373072865949553,3.234194522361052,0.5252433944628973,0.027924472260743276,5.025459473162564e-4,0.2798178815620052,230600.41176470587,0.8336966677047649,0.5509013277572785,0.6931381708709644,0.6925787221110026,0.8833107191316146
47093,4496383253.329864,-0.23483151072750985,2.9633825232069824,0.4670237054328081,0.01804541324954129,0.007721764792362124,-0.02880714336986802,460808,0.9118654624727499,0.49448161361166476,0.729471608014118,0.7119395613661775,0.9097693351424695
10001,2821776066.995813,-0.5746942386355904,3.11137666984978,0.25023154251735613,0.15171768026035326,0.0017649527107781436,-1.028094956547283,175022.11764705883,0.8891311118031766,0.6037533003591987,0.6873248209280597,0.726736411030145,0.985753052917232
36055,27861021233.717117,0.003349249628467277,1.4297587127511304,0.8559928381255693,0.0036226716816104504,0.007468061109825964,-1.1209840966736095,747306.1176470588,0.971037060105886,0.4559061587671045,0.5128205128205129,0.646587910564501,0.6658751696065129
12109,1857893593.6913006,-0.7480950008366385,2.8571947946891765,0.5858952202229862,0.04693414930151743,4.8219672088875386e-4,-0.1092162123979204,243690.4705882353,0.8651510432886951,0.5001950984737453,0.650160905221634,0.6718356823280248,0.8802578018995929
41043,461987928.7228535,0.49875319973655863,2.49274130753384,0.46177901208593686,0.3627430814289874,0.003365300418621299,0.2544949085429734,123559.4705882353,0.7505450015571473,0.8068618013956452,0.7326897124467976,0.7633655051331968,0.8826322930800543
17097,33203140081.13928,0.43275531594030525,2.5197330777401006,0.6366392904498988,0.007196438618457637,4.200091827966258e-4,-1.3835576016369355,705487.4117647059,0.9747742136406105,0.550249753237819,0.5469739437350772,0.6906659702045022,0.8541383989145184
44005,13962500237.623789,-0.21402295412780958,2.8232876865895684,0.43640388518652046,0.07315692121547145,0.015016626080092861,-3.7476418584930826,83476.17647058824,0.9551541575833074,0.614291450381541,0.5952455102252673,0.7215637060633718,0.9867706919945726
29095,50320447259.559326,0.11369571522661914,2.116366459460684,0.675194682738436,0.01975584880341314,4.328846387251851e-4,-1.8229128563382926,694577.6470588235,0.9819370912488321,0.5654294794926805,0.515000519049102,0.6874556965968716,0.835820895522388
06071,26145002329.933002,-0.7140330735049112,3.4555869315937056,0.19235885804579894,0.07385677592943822,0.002395138247091905,0.523478422184117,2123851.3529411764,0.9691684833385238,0.5410110134334702,0.8036956296065608,0.7712917087928517,0.9796472184531886
29189,170102324944.0206,0.4625798503599938,2.589533580983698,0.8508038348853316,3.0546930549499887e-4,3.821081933896647e-4,-2.492860055062671,997648.0588235294,0.9968857053877297,0.4806651974233406,0.4143049932523617,0.630618632021144,0.7971506105834464
36005,3347697491.3801236,-0.4421958330637601,2.9306836742227143,0.33341637682834496,0.3205682137439586,6.400158809935012e-4,1.9599971381216983,1411057.8235294118,0.8972282777950794,0.6573496382180916,0.8430395515415757,0.7992058225182489,0.9291044776119403
08041,61378002108.602135,-0.09015080255161934,2.8024939162833045,0.19340874924790136,0.022645767256058286,0.022975673117029954,-2.042630298915934,684971.9411764706,0.9856742447835565,0.5391276673654863,0.6910619744627842,0.7386212955372757,0.9905020352781547
02195,179202580.24058303,-0.15011714905193685,2.2425513264136243,0.49603224589402056,0.4706330104315025,0,-4.251702021047511,3366,0.6434132668950483,0.7159868130652984,0.26762171701442955,0.542340598991592,0.7808683853459973
01125,2738585392.10547,-0.7975067199141463,2.3635729995971984,0.6012837867011498,0.2868944332623356,0,-0.7097953840584742,211758.0588235294,0.8869511055745873,0.6053299498136934,0.3505657635212291,0.6142822729698366,0.7829036635006784
42091,49227706840.93693,0.6648360579641768,1.936434464708606,0.5977784756534937,0.0017749721182350247,0.005672497789866204,-1.5340629304360285,828522.7058823529,0.981314232326378,0.5261019551540893,0.59181978615177,0.6997453245440791,0.816146540027137
31153,12288787772.776066,0.031021102154817015,2.6765506023056687,0.2711264868833914,0.02690898803271954,0.003453298530047639,-2.4714763797338226,178283,0.9517284335098101,0.5752045701534231,0.6314751375480121,0.7194693804037483,0.9667571234735414
13089,40811733649.36425,-0.5830245057866179,2.742554946604163,0.14938423882049418,0.023767143886856808,0.0031443765981476373,-1.5280213469059485,734919.8235294118,0.9785113671753348,0.46579250767477964,0.679746704038202,0.7080168596294388,0.9728629579375848
48199,11196493.711598072,-0.22655661250027137,3.0197975072283443,0.32245277754354656,0.1499089210348233,0,2.781853886543191,56191.94117647059,0.2644036125817502,0.6559999238640103,0.612374130592754,0.5109258890128382,0.655359565807327
12081,2269147490.3015633,-1.4480203341522078,2.543616070426293,0.7137858250818766,0.02496780490417799,0.026577577894771172,0.34604794045513776,375708.17647058825,0.8788539395826845,0.38619233038668926,0.6945915083566905,0.6532125927753548,0.8273405698778833
35013,9095149538.58623,-0.3298852381742954,2.967613530639221,0.34937075107067084,0.1998390656141832,0.0064920823551053095,-1.879324678143769,216107.23529411765,0.94051697290563685,0.6540719385401287,0.6483961382746807,0.7476616832401487,0.996268656716418
39023,612416272.2617587,-1.0289823192994199,2.120065974211838,0.5245114325081781,0.03545941603558403,0.007895603566359207,0.11899897619656785,136106.23529411765,0.7751479289940828,0.44869419979715197,0.7240734973528496,0.6493052087146949,0.8154681139755766
49003,8378055615.787191,-1.8789148590127631,1.1600101672341274,0.9793908494917847,0.0016174436184606216,3.4050214825629734e-4,-3.8823343837278124,54494.76470588235,0.9364683899096855,0.23118489353197574,0.30426658361881037,0.4906399556868239,0.5390094979647219
34035,8477314266.094875,0.7348952319827369,2.7952204122841433,0.5820783356819265,0.0034856105073125154,0.014768517298883786,-1.150841861642207,333823.17647058825,0.9370912488321396,0.5541265706446815,0.6342780026990553,0.7084986073919589,0.8897557666214383
49005,2593654271.0817966,0.8978340630379478,2.1121995433457195,0.858004573929142,0.0020280365104435698,0.012426683921771566,-1.4588488428848014,124538.11764705883,0.883836810962317,0.5536930940125389,0.5010900031142946,0.6462066360297168,0.73202170963365
15007,2264802280.148464,-0.3073641773497364,1.5551506220403783,0.65920640465105,0.007514202665836481,0.0060441086453053355,-2.178403281631815,70782.76470588235,0.8782310806602305,0.4320079553045485,0.543236790200353,0.6178252753883773,0.7622116689280869
37013,75941338.22233608,-2.674959567596389,2.126618885465701,0.6961939342081638,0.003934992783851658,0,0.5814608805017856,46515.64705882353,0.5250700716287761,0.22671824879972519,0.4011211460604174,0.38430315549630617,0.45658073270013566
34029,3697214121.1382947,-0.04884206015069381,2.795804906643377,0.30635476103312076,0.010096642591237284,0.002813495772295717,0.5810519674036939,605845.3529411765,0.902522578635939,0.49264913816778744,0.7911346413370705,0.7287687860469324,0.8962008141112618
18047,309805103.4775534,0.936870029490878,0.7960246543217088,0.968118057667922,0.0019762828134103,1.7066204309561405e-5,-1.892137075109669,22974.941176470587,0.7063220180629087,0.5548933688272066,0.3481781376518218,0.5364645081806457,0.4006105834464043
46045,2474750.4366308013,-0.6427121023172351,0.3639497502364406,0.9608450435261406,0,0,0.2914176167178013,3998.823529411765,0.12208034880099658,0.16638398914518318,0.2467559431122184,0.17840676035279937,0.0203527815468114
16023,10604648.255984334,-1.5408241146391077,2.5342557521999165,0.6310411841859991,0.377002229473444,0,-1.7600496453079602,2696.6470588235293,0.25786359389598257,0.5524233677667411,0.2807017543859649,0.36366290534956286,0.6424694708276798
45021,25516001.18543325,-0.35342920428027824,2.5503972972709303,0.4262431561513344,0.11761582127142842,0,1.9613901881083238,56312.41176470588,0.3609467455621302,0.6227933025707679,0.563272085539292,0.5156707112240634,0.6126187245590231
08085,306124204.4029484,-1.0491733270273595,2.6885965311775237,0.4176457408764208,0.0298684642809389,1.9769598592006787e-4,-0.967976644127353,41976.470588235294,0.7041420118343196,0.43447569041293804,0.6318903768296481,0.590169359692302,0.8717774762550882
48139,102387265.1337194,-1.2573333110588756,3.4954520072486894,0.3412127779290744,0.20350873301385722,0,2.299759172726073,176356.41176470587,0.5699159140454687,0.5499074811767362,0.5962836084293573,0.5720356678838541,0.7689959294436907
12003,100189461.8622388,-1.539219371919259,2.400101109693807,0.3779985794315506,0.36183796752471986,0,-0.47552538191120186,27785.41176470588,0.5661787605107443,0.5500879642595911,0.42645074224021595,0.5142391556701837,0.7584803256445047
26115,72978761.34363739,0.43252189912802486,2.7372276992650635,0.3578189275608626,0.24239618328796936,0,2.4142724429471163,152087.29411764705,0.5166614761756462,0.785217087272691,0.5957645593273123,0.6325477075918832,0.7079375848032564
36089,564138489.4612775,-0.8615324942258269,2.928935537397363,0.4627901731151548,0.053942424886142495,0.005343726406011453,-0.12577471488624486,109668.11764705883,0.7686079103083152,0.5007041446076232,0.7161839510017648,0.6618320019725678,0.9029850746268657
37075,14566313.573702415,-1.3295140634171574,2.370261842215139,0.5750256322695392,0.1281093740375835,0,-0.3438543251808461,8477.588235294117,0.2927436935534102,0.5189185471802945,0.3813972801827053,0.39768650697213664,0.5909090909090909
42035,222937798.91184315,-2.857920866607653,1.4769616519318702,0.9164210329627883,0.06297255952440795,0,-0.7703891975181123,38789.41176470588,0.6655247586421675,0.4048245745221787,0.20710059171597636,0.42581664162677413,0.41757123473541385
31109,4179543337.0130935,1.079542824290936,1.9804209370927706,0.7083257477732811,0.003388574874424491,0.007478476858485681,-0.5668910525971559,307718.35294117645,0.9071940205543444,0.5863622314733492,0.6128931796947992,0.7021498105741643,0.7618724559023067
13275,51479414.96472665,-1.1237005625583478,2.80693730139942,0.5231137988193244,0.13049130667969402,0,0.9196060111785022,44985.23529411765,0.46838990968545624,0.539584483304012,0.48427281220803486,0.49741573506583436,0.6794436906377205
48451,1177622494.4457903,-0.37531088557970804,3.1451168973734935,0.18250702212211095,0.024374110389497505,0.0010629129128534238,-0.7774877459650847,115945.11764705883,0.834942385549673,0.4986596893470342,0.7060105886016816,0.6798708878327963,0.9481004070556309
38015,470824316.9483374,-1.2890350127399195,2.8090749434403057,0.4311674576295921,0.05627748181535786,0,-0.20944394107860997,92084.94117647059,0.7517907194020554,0.46536605549407273,0.43278314128516554,0.5499799720604313,0.7907055630936228
54001,100760957.90157409,0.20870850870689495,1.0096527194108225,0.9701901348318298,0,0,-1.2897834636834915,16285.588235294117,0.5671130488944254,0.30427408412483037,0.135783245094986,0.33572345937141396,0.17164179104477612
18117,29047216.74774211,-0.45571824840388686,2.0896173271820864,0.8836552288299334,0,0,0.24456882385237536,19731.823529411766,0.3777639364683899,0.1960651289009498,0.29419703103913636,0.28934203213615867,0.255427408412483
26067,25617944.920927558,3.986225248054353,0.6683114541203548,0.945691626965286,0.008126497809246092,0,2.1720977008946947,64894.705882352944,0.36156960448458425,0.70840924272788,0.36115436520294825,0.4770444041384709,0.0878561736770692
18063,378613224.2028084,-0.8665466655716578,2.584213485970564,0.6251924712949377,0,0,0.8750558820558321,163242.4705882353,0.7265649330426658,0.14297829036635007,0.44804318488529016,0.43919546943143534,0.5329036635006784
19035,13275715.609820727,-0.6366475033655199,2.2477071849375276,0.8782983672711988,0.1202026007430175,0,0.2330171645392676,11672.941176470587,0.28371223917782623,0.5815684965589252,0.29575417834527146,0.38701163802734095,0.4090909090909091
02060,229710693.38300323,-0.9135321593021182,2.7161058804355793,0.35101754533730334,0.005535306005322177,0,-6.466306230943343,918.1176470588235,0.6686390532544378,0.34015396237975726,0.300529430084086,0.436440815239427,0.7862957937584804
49017,102087573.31037149,0.3130736017213529,2.4744006897933524,0.4154005282090564,0.04886940040976271,0,-3.0617484099688417,5094.529411764706,0.5692930551230146,0.6702557081598748,0.3044742032596284,0.5146743221808393,0.764246947082768
12061,339628138.99054307,-0.8244518718886482,2.0250476632037104,0.6788252848519212,0.03623855548009532,0.015129551819284444,0.8746084978244449,151888.35294117648,0.7169106197446279,0.47003074443776743,0.7333125713692515,0.6400846451838823,0.7398236092265943
45003,54835849267.698524,0.2452676864669847,1.3670204262064132,0.8716157613314917,0.20185049680499811,3.190049566615896e-5,-4.065186331475093,167099.17647058822,0.9838056680161943,0.7536179323821772,0.36374961071317347,0.7003910703705151,0.7550881953867028
13185,2095977420.5426745,-0.2759217985423028,2.4870880290875785,0.42566515005206174,0.0054167966757996885,0,-1.3696709914367242,114751.58823529411,0.8723139208969168,0.42157811779143994,0.36084293574172116,0.551578324810026,0.7720488466757124
26007,212967975.23357177,0.31540259564417994,2.497776216472786,0.4702571580417294,0.005068542791118178,0,-1.1656807551006425,28984.058823529413,0.660230457801308,0.51778930996321,0.3582476902314959,0.512089152665338,0.6930122116689281
31137,4174657.2825926547,-0.3538218635245549,2.554412354911697,0.488751019164549,0.520934968577901,0,1.0137012444965967,9103.882352941177,0.16381189660541887,0.6854159472268825,0.4999480950897955,0.44972531297403223,0.5817503392130258
51077,22869444.24788489,-2.5012380290173404,1.8150085449200082,0.8409214434393413,0.05236975390398807,0,0.12025366460721323,15519.64705882353,0.3475552787293678,0.39947772070599813,0.3069656389494446,0.3513328794616035,0.36906377204884666
04017,1538972311.8522024,0.853632777458639,3.3025676335941028,0.2045662299170309,0.08031039836051766,0,-1.1484092777985582,108295.41176470589,0.854873871068203,0.7709062403413793,0.41752309768504103,0.6811010696982077,0.8948439620081411
56031,164362733.9782692,-1.2532836671185663,2.4497923926845173,0.4575822821452886,0.006262773507529545,0.007411897134842536,-2.739579401927921,8633.823529411764,0.6337589535970103,0.31461396334052094,0.5950378905844492,0.5144702691739935,0.8473541383989145
16039,1853347355.866389,0.1128270712988666,2.7904800046253606,0.3229230397029752,0.003521553957682384,2.5023412081152686e-4,-3.4132444865584217,27420.058823529413,0.8648396138274681,0.47457329856456465,0.5689816256617876,0.6361315126846069,0.925033921302578
21115,39292569.21623002,1.4839264106198282,2.001435514389041,0.6580426666865943,0.009550698752148031,0,0.16366414501752313,22837.117647058825,0.42541264403612583,0.6577309979524857,0.38679539084397385,0.4899796776108618,0.4491180461329715
48217,50922298.54500068,-2.7879484503279652,1.9955021398804667,0.7546241782542022,0.005870000969590537,0,0.5888126884545488,35894.58823529412,0.46652133291809406,0.23784475327860607,0.37776393646838996,0.36071000755503,0.3989145183175034
21205,29607250.928817105,-0.06744794607010718,2.3244580502226118,0.503653778766252,0.1357429944075309,4.790388501545569e-4,0.5331388530860022,24179.647058823528,0.3796325132357521,0.6791445849636859,0.7163915706425827,0.5917228896140069,0.7496607869742198
37039,143826315.6453394,0.9686838634179047,2.341679927247271,0.730995477389728,2.816274892950113e-4,0.015287049615995845,-0.8177209098301835,28142.882352941175,0.6156960448458424,0.5330814274410423,0.6007474307069448,0.5831749676646099,0.7106512890094979
08107,36737042.71095776,0.28823916447455744,2.620739404886161,0.37522171329735654,0.08436802038227886,0.21999098159439728,0.3326457231247236,24424.882352941175,0.41420118343195267,0.7080971078294083,0.814803280390325,0.6457005238838954,0.8405698778833107
51007,15520157.638674764,-0.23108062956854525,1.9491364439484449,0.9644131809253494,0,0,0.23872202142177235,12990.882352941177,0.29959514170040485,0.22879918588873813,0.24031973424685973,0.2562380206120009,0.16316146540027138
18033,24760128.246802628,3.482463567485251,1.2897897993147125,0.8557671928170203,0,0,1.580572604562386,42924.23529411765,0.35689816256617873,0.4825305291723202,0.39240112114606046,0.4106099376281865,0.12279511533242876
46109,87696092.46438465,0.12004545225851615,2.8325598914771457,0.21898355860141455,0.1859454277197726,0,-1.8549620638084763,10227.764705882353,0.5465587044534413,0.7306296219757471,0.38212394892556834,0.5531040917849189,0.8324287652645862
18027,700197745.4527133,2.2017154816614077,1.470659655933207,0.843546777580414,0.02455174716893015,0,-2.1704137008423463,32763,0.7854251012145749,0.7547577062764153,0.1768919339769542,0.5723582471559815,0.5030529172320217
35061,117086432.4481729,0.7937664114188472,2.9392765747229967,0.46269937455182847,0.09264188853849833,0,0.9078857712220242,76823.94117647059,0.5895359701027717,0.7743220497983756,0.4984947576040693,0.6207842591684055,0.7337177747625508
49047,199417150.8556268,1.0106856836731968,2.791539350736745,0.36091957875582314,0.02826203799959382,0,-0.7952918906417049,35446.64705882353,0.6530675801930863,0.7019998839832537,0.41170974774213637,0.5889257373061588,0.7761194029850746
23017,72305333.88846834,0.6291917557707905,2.1608923118103425,0.5040265475214386,0.15904813073937546,0,0.9672805529659974,58107.05882352941,0.5160386172531921,0.7895899215889943,0.4923699781999377,0.5993328390140414,0.6163500678426052
50015,17594903.04728654,-0.6039460276593474,2.000734482162184,0.9005411857794036,0,0.022253418608194922,1.1213936130681275,25288.176470588234,0.3126751790719402,0.1719810040705563,0.6570123533686287,0.38055617883704174,0.35922659430122117
21217,228651149.3628472,-3.2872837749957444,0.5665895480478075,0.9342943524502414,0.03255614846610243,8.737661060753152e-5,-1.42982257900103,25512.58823529412,0.6683276237932109,0.3388934132398673,0.3969687532440569,0.46806326342571175,0.453527815468114
51071,116932169.72582863,1.9852037028934184,1.8607319210750894,0.9630284034484642,5.722417837508993e-4,0.7449492734228628,-1.3873037283019163,16847.29411764706,0.5892245406415447,0.6018504671033609,0.46994705699159134,0.5536740215788324,0.5407055630936228
40061,90408866.27172679,-0.8964528783721644,2.134873872986362,0.643020021727791,0.07507002052850094,0,-1.590036238439829,12432,0.5509187169106198,0.5240347270751362,0.2832969998961902,0.4527501479606488,0.6421302578018996
54041,34617733.57808541,-0.9705443282636352,2.0312573291198817,0.8014875944280004,0.14574692803691017,0.0415346571383414,-0.20642811803157338,16447.470588235294,0.40423544067268763,0.5579986295521844,0.6231703519152911,0.5284681407133877,0.6757123473541384
41049,46422218.301737495,0.5718502560632626,2.171070266595751,0.4207001048559879,0.03479965703493785,0,-1.0370404786366048,11533.29411764706,0.4493927125506073,0.670907395976938,0.38129347036229627,0.5005311929632806,0.6472184531886025
16077,45861094.97436497,1.2157947721505593,2.1471114972740803,0.7555429513695617,0.0024798086113261173,0,-1.609824923098312,7836.235294117647,0.44721270632201804,0.5875049511052861,0.23813972801827052,0.4242857951485249,0.47150610583446406
40113,673527515.2388399,-0.35386634364449066,1.0461391624624423,0.8644774381447641,0.038968204099253556,0,-1.5863322738617303,46971.94117647059,0.7819993771410776,0.5389537555436518,0.1893491124260355,0.5034340817035883,0.4416553595658073
40135,332488544.7385283,0.4496608240065392,2.082368018823162,0.5873865474387641,0.04251096797561216,0,-1.074267197945608,41324.94117647059,0.7144191840548116,0.6748661275513488,0.33125713692515313,0.5735141495104379,0.6770691994572592
13189,2887038.086882843,0.23935400294381637,1.5404833245981835,0.865334089222231,0,0,2.6916617781357144,21621.235294117647,0.13422609778885083,0.3102103120759837,0.4233364476279456,0.28925761916426,0.07293080054274084
33001,308461109.80879563,0.6279893514148327,2.4437565758690902,0.6893006618349724,0.17021998915099967,0.02621984411640547,-0.3916933800562722,61737.41176470588,0.7060105886016818,0.7929273291041603,0.6516142427073601,0.716850720137734,0.8419267299864315
20009,8517634.683559224,1.0143729909276082,1.8853268392038414,0.7193955103594354,0,0,1.9169023005484622,26485.882352941175,0.2310806602304578,0.3980664857530529,0.4669365721997301,0.3653612393944136,0.21370420624151967
16005,513406629.90601104,0.680591106021943,2.4785281163147572,0.49348247426923536,0.0031114609732507538,0.010082668182633491,-0.4056138886895616,85653.17647058824,0.7601993148551853,0.5446781169756972,0.6997819993771411,0.6682198104026745,0.826662143826323
46081,162642431.04869545,0.21094978661026076,2.005515915636065,0.49478510813954574,0.028874498210160342,0,-1.0895561511063636,25506.235294117647,0.6328246652133291,0.6105585209315056,0.3562753036437247,0.5332194965961865,0.658751696065129
12123,1804711710.933805,1.7808991057500982,0.339690109194189,0.9630157380506769,2.979865983755461e-4,0,-3.7152431719971792,22068.941176470587,0.8629710370601059,0.5873529057209852,0.06996781895567321,0.5067639205789214,0.30529172320217096
40051,114965470.208829,1.6813922466026696,1.3592588016084466,0.9151220744125402,0.041090690116090046,0,0.4089465433847708,54586.35294117647,0.5864216754905014,0.773958024597363,0.28703415343091454,0.5491379511729263,0.324966078697422
36053,204740849.71053758,2.4792539725428746,1.6060056751374678,0.9267559144866829,0.021946508544226313,0,0.22384491355546787,70724.35294117648,0.6564933042665836,0.7515219267118589,0.26741409737361155,0.558476442784018,0.35719131614654004
56003,48690909.72551365,-0.601706030182509,2.444214910029311,0.5497545236023277,0.00864533351959401,0,-1.051300457772779,11791.058823529413,0.4571784490812831,0.39576711088391164,0.3446486037579155,0.3991980545743701,0.6068521031207599
20059,5959943.157603725,-2.605944662679022,2.3075005521968195,0.6215123403781607,0,0,2.235555804122732,25821.941176470587,0.19962628464652757,0.04172320217096336,0.5160386172531921,0.25246270135689436,0.2900271370420624
17177,33862671.180737294,-0.3530441215535589,2.484152800383696,0.7950911789839777,0.0017887413906357787,0,1.3579539467664439,45567.94117647059,0.3998754282155092,0.3744685209405695,0.40838783348904806,0.39424392754837556,0.3850067842605156
17137,8215709.148937674,1.04611817791697,2.2546911869778663,0.6989802913623118,0.018868379241162456,0,2.3457862107992815,34333.94117647059,0.22578635938959826,0.6735053100320949,0.48904806394684935,0.4627799111228475,0.36261872455902305
48035,127632762.93675068,-1.2630217388321032,2.1871491671812113,0.4649585307560657,0.003777485783140687,0,-1.349706147092518,18299.70588235294,0.6001245717844909,0.29272124076284634,0.34921623585591194,0.41402068280108306,0.6397557666214383
05145,64864737.326309964,-2.4931481279575696,1.7708060732006863,0.6775639724381071,0.37153763911612486,0,1.5206330661392111,77955.94117647059,0.5010900031142946,0.5102069811264319,0.46548323471400394,0.4922600729849101,0.49219810040705564
17095,9954253.297618132,-0.15085965040849025,1.9243470255368533,0.6627761767532659,0.20808920258387775,0,2.7499560759778245,50906.882352941175,0.2507007162877608,0.6860884818030453,0.5116786047960137,0.4828226009622732,0.40366350067842605
36021,83333476.36314607,-1.2591054287992556,2.3856783634859378,0.800244560718304,0.10474713362976303,0,0.911585327547577,61514.82352941176,0.5384615384615384,0.5126637263672529,0.3799439426969791,0.4770230691752568,0.5288331071913162
40077,1927262.7995991604,-1.7663002254332483,2.3497635873096248,0.3555365643730437,1,0,1.9853137842354995,10380.941176470587,0.11149174711927748,0.5687766306017734,0.5815426139312779,0.4206036638841096,0.5556309362279511
06051,390396843.4240223,0.03874038320535789,2.6836220095726318,0.22928196828732658,0.07757769243753372,0,-2.883458251192946,13904.29411764706,0.7315478044222984,0.6632347689499306,0.3474514689089588,0.5807446807603959,0.8551560379918589
28133,5833506.190078002,0.23347313444586426,1.6157423525742285,0.8074413820410414,0.3715678412795149,0,2.307632555632434,26700.41176470588,0.19775770787916536,0.7747905353900928,0.4416069760199315,0.4713850730963965,0.2968113975576662
54091,57362680.59030675,-0.9814863492129238,2.165568078797404,0.44780808613387846,0.014046162285413907,0,-0.6810923196821566,16780.764705882353,0.4848956711304889,0.3833002957520649,0.39676113360323884,0.4216523668285976,0.608887381275441
55135,634832886.5556564,-1.4563482140559607,0.6903203336180113,0.9945147669559065,0,0,-1.3807093719273138,51744.35294117647,0.777639364683899,0.09226594301221167,0.10474410879269179,0.32488313882960085,0.18826322930800543
55137,19297212.986850213,-2.2929589747258614,1.8767640080703532,0.9758974244271753,0,0.30066066356674465,0.9811000863682281,24499.70588235294,0.32388663967611336,0.052408412483039346,0.6131007993356171,0.32979861716492326,0.30868385345997285
48503,21948946.947855707,-3.8329774833348047,0.4959264082731443,0.9917881652567297,0,0,0.398931716228742,18157.58823529412,0.34132668950482714,0.01662143826322931,0.22464445136509914,0.19419752637771856,0.036635006784260515
20011,26809017.27195198,0.3028658522109602,2.2251317125248318,0.3821867940160083,0.08926075608249748,0,-0.12089643094333956,14699.117647058823,0.3684210526315789,0.7143074026841563,0.45136509913837847,0.5113645181513712,0.6377204884667571
30047,1341169571.0661829,0.0588399571125251,1.8557513819900657,0.7686195448248344,0.06338069293527179,0.0035201940451397096,-2.938430519319841,30304.058823529413,0.8452195577701651,0.6519308404234974,0.4675594311221842,0.6549032764386156,0.7988466757123474
02198,337405561.3478699,-0.9497818852661926,2.1005113487340674,0.6814415609272672,0.05662001382434045,0,-3.9883846233207256,6084.705882352941,0.7162877608221738,0.4974086572058635,0.20886535866292952,0.47418725889698893,0.6940298507462687
17087,9417697.262033923,-0.2672898685652605,2.74345034308357,0.3445032638286355,0.00819895782800772,0,0.7234504018457261,12864.29411764706,0.24509498598567425,0.4441544781104497,0.5168690958164642,0.4020395199708628,0.5773405698778833
72151,268269459.86296365,NA,0.7081775746767276,0.9971520159110474,NA,0,-1.103821194818289,35168.2,0.6882591093117408,NA,0.11585175957645594,NA,NA
20175,3048759.045435333,0.9171719845089648,1.3502443692649628,0.9447708327321485,1,0,2.6894935648031133,22381.941176470587,0.13983182809093742,0.8815310403711085,0.3756877400602097,0.4656835361740852,0.18012211668928088
13013,41098826.558608845,-2.7208288488171064,0.819764131326587,0.9359981002614208,0.1153003641498826,0,1.9869552974036209,78472.58823529411,0.4300840859545313,0.4496380821344181,0.3609467455621302,0.41355630455035985,0.20318860244233378
27059,55341365.15350874,-0.5861465785765354,1.0350619608495253,0.9845546427574197,0.0316134228714222,0,0.6613038219194912,39784.05882352941,0.47928994082840237,0.4873225646226873,0.2514273850306239,0.40601329682723786,0.1957259158751696
02170,668944219.2315298,0.053934326209510886,2.4710851702398275,0.4292438325905388,0.008433046242144741,0.01341372161094559,-0.4077493365072953,101874.41176470589,0.7810650887573964,0.5019564230224356,0.7223087304058965,0.6684434140619095,0.8558344640434192
21083,57643755.71421622,3.86670359395133,0.8983159311775207,0.947847301331078,6.771460545176871e-4,0,0.5146127914666206,37094.82352941176,0.48520710059171596,0.6362441073916263,0.271566490189972,0.46433923272443806,0.15298507462686567
37165,46368364.10487406,0.8151030804878747,1.450258720531048,0.9007033856180621,0.04586683655130233,0,0.6470926987118005,35064.705882352944,0.4490812830893803,0.7225883245459712,0.3120523201494861,0.4945739759282792,0.2974898236092266
27067,1061429279.0851117,0.24479976591477737,0.076075957617179,0.9960469223141762,0.0036392079079104944,0,-2.176467602350411,42955.35294117647,0.8234194954842728,0.496434297813175,0.06913734039240112,0.462997044563283,0.2462686567164179
08093,103668327.11900678,0.7990409872327167,1.528374114319667,0.6347422319949869,0.013780268096640888,0.0013445591973702104,-1.2360338171896859,17194.470588235294,0.5717844908128309,0.6268708833315659,0.5685663863801516,0.5890739201748495,0.6614654002713705
26149,2953169.633577805,0.5634984381645314,2.6487446760035604,0.648117008166752,0.035680534832001266,0,4.240117422702908,61051.64705882353,0.1379632513235752,0.6715467343551871,0.5377348697186753,0.44908161846581257,0.4097693351424695
20035,2078192386.9110115,1.1626592220623486,0.7276242961119529,0.9891860766745235,3.348632886207876e-6,0,-3.1401769152505654,35422.529411764706,0.8713796325132358,0.5425452895841434,0.05325443786982249,0.48905978665573385,0.2971506105834464
16009,35115653.75124032,-2.0362583721748067,2.4087389783785476,0.5364036071829895,0,0,-1.0587694684313589,9454.176470588236,0.40641544690127684,0.06258480325644505,0.3472438492681407,0.2720813664752875,0.49592944369063774
28041,1177907.7285767952,0.3709419431354988,2.134298509816402,0.5553528202925513,0,0,2.9221668338098157,13924.529411764706,0.08377452507007163,0.3278493894165536,0.5521644347555279,0.3212627830807177,0.24219810040705564
26143,1512391.610844026,NA,0.9005115871330154,0.9608674360238582,NA,0,3.497243214702631,24016.882352941175,0.09623170351915292,NA,0.37786774628879893,NA,NA
49023,80740165.09842086,-2.1583238651774863,1.8833950203748346,0.7163006769416173,0.004600263299196231,0,-1.628456145076789,11247.64705882353,0.5325443786982249,0.24904376822391955,0.2551645385653483,0.34558422849583087,0.4908412483039349
72041,36623854.35818069,7.6241720583523485,0.8833484628210349,0.9463864528670394,0.02299597205027075,0,1.1260118688766665,41171.6,0.4135783245094986,0.7872333314299336,0.3136094674556213,0.5048070411316845,0.162483039348711
30045,12592341.944143632,-1.0545619707176037,1.2721206398821605,0.7766711136658863,0.08134514407853827,0,-2.3690323059554177,2020.1176470588234,0.2768607910308315,0.5156328033724618,0.20118343195266272,0.33122567545198534,0.38297150610583447
20087,38405894.95526155,-0.5087356081146321,1.9814673738910964,0.6117890311950661,0.032340121350891496,0,-0.11171649998751593,18753.117647058825,0.42260977888508255,0.50019702453301,0.38814491850929095,0.4369839073091278,0.5145861601085482
01077,102504972.29189748,-0.88650301875313,3.074129370989666,0.396535010457015,0.0955282952886682,0.001421147406510375,1.3390344450749918,93550.88235294117,0.5702273435066957,0.5409174296127306,0.8089899304474203,0.6400449011889489,0.8544776119402985
45071,20328471.07057982,-0.5529448450900603,2.7953021303781913,0.3018528181953054,0.030240411760250246,0,1.592222322550883,37971.41176470588,0.330426658361881,0.4880583192617709,0.5780130800373715,0.4654993525536744,0.6299185888738128
19091,746970.0264358047,-2.7429586605399816,1.492456223392304,0.9084616169119966,0,0,2.82299673927399,9652.29411764706,0.06571161631890376,0.03629579375848033,0.40350877192982454,0.16850539400240286,0.04647218453188602
54075,27859934.74462962,-0.7320660823364324,2.6008246662954826,0.3520465603664587,0.1464714713865172,0,-1.0113973716533637,8371.470588235294,0.37309249454998444,0.5812216925936904,0.39977161839510017,0.45136193517959167,0.7340569877883311
02100,34402135.74099882,-0.2246717101656195,2.1651684470506636,0.5175277271519315,0,0,-3.117906611783829,2392.6470588235293,0.40236686390532544,0.2299864314789688,0.2757188830063324,0.3026907261302089,0.5057666214382632
36121,998509983.1813512,-1.6670107802676704,0.20265525257989284,0.9968294740690483,0.034174790414574066,0,-2.1946416546539207,40763.17647058824,0.8181251946434133,0.39634051005674853,0.06726876362503893,0.4272448227750669,0.30427408412483037
31171,26978344.72036099,0.5773351726923188,2.1722464247420086,0.4979734979027636,0.2392022838000941,0,-4.764595215197319,686.4705882352941,0.36873248209280596,0.8008365215279043,0.26461123222256827,0.4780600786144262,0.6923337856173677
21185,49128041.43279459,1.6677072753356885,2.7067262289580225,0.8244835513326774,0.12572824557263215,0.008835402274112392,1.5242594292464542,65036.294117647056,0.45811273746496417,0.8562763246982432,0.7007162877608222,0.6717017833080098,0.6967435549525102
18059,134398914.6710504,1.6491638090883463,1.8179149294525323,0.873030470072082,7.967461984781928e-4,0.037983740483882644,0.7480579273770801,75718.94117647059,0.6079103083151666,0.5884020415321825,0.6510951936053151,0.6158025144842214,0.521370420624152
48155,9119830.814791078,-4.217434602698976,1.907416720997493,0.6852564742726486,0,0,-2.82352735438035,1208.8823529411766,0.2407349735284958,0.012720488466757123,0.22516350046714417,0.15953965415413238,0.35074626865671643
21233,1252131.4306805884,-0.9006512091916168,1.9155575694924518,0.8629140532176498,0,0,2.777395859471403,13175.70588235294,0.08657739022111492,0.14009497964721845,0.4265545520606249,0.2177423073096528,0.10413839891451832
51159,12430766.158055684,0.38092263957133987,2.7558325211384838,0.6836191274302917,0,0,-0.08559946218754233,9054.941176470587,0.2756150731859234,0.33005427408412485,0.3612581750233572,0.32230917409780185,0.4056987788331072
42099,43893077.69201666,3.536868653654107,0.6488679443080563,0.9706963796040242,0,0,1.1124994396093817,45991.05882352941,0.4406726876362504,0.4832089552238806,0.2944046506799543,0.40609543118002844,0.051560379918588875
30107,22084223.20054066,2.28881180210389,0.5151761696261882,0.9364910963794969,0,0,-2.8639497923268595,2111.3529411764707,0.34226097788850823,0.46404341926729986,0.10308315166614762,0.30312918294065194,0.1183853459972863
13071,37264802.14943581,-3.6984019485933306,2.856238133042562,0.7994424129214214,0,0,1.2687043518769163,45763.64705882353,0.4163811896605419,0.018826322930800544,0.40215924426450744,0.27912225228528326,0.3721166892808684
17135,29844313.102600805,2.4397560923933526,1.5718022952033235,0.787522022852301,0,0,0.7991902628755408,28978.764705882353,0.38025537215820615,0.46777476255088196,0.37703726772552687,0.4083558008115384,0.21506105834464043
06003,12675035.504055481,-1.7067775815905701,1.7162765880326023,0.7134261360116138,0,0,-3.255628976085431,1129.4117647058824,0.27841793833696665,0.07666214382632293,0.2060624935118862,0.1870475252250586,0.332089552238806
04011,31984236.354577765,0.5037475060036662,1.6192521064991052,0.6881653187270109,0.06221077759231615,0,-1.0123925005188832,9164.941176470587,0.3924011211460604,0.7136884578745912,0.2981418042146787,0.4680771277451101,0.47116689280868385
05035,88521093.0573953,0.09120869889397731,2.2229598058577187,0.48998658383374405,0.030994240634194658,0,0.5053760123726028,48949.64705882353,0.5474929928371224,0.5960716095238872,0.4651718052527769,0.5362454692045955,0.6061736770691994
31177,35027846.47057498,-5.735205691333473,2.154679933608615,0.645483165565472,0,0,0.1091737922804088,20419.176470588234,0.4057925879788228,0.004070556309362279,0.38741824976642797,0.265760464684871,0.3812754409769335
29033,49946611.95634382,-5.866163547374452,0.526298464066648,0.9446665634202805,0,0,-1.5120452762460783,8844.058823529413,0.46153846153846156,0.0033921302578018998,0.14388041108688882,0.20293700096105075,0.1319538670284939
21027,11145090.09411506,-2.43315547000444,2.28800513966235,0.7410463735079695,0,0,1.2476191813135944,20329,0.2640921831205232,0.04647218453188602,0.42551645385653486,0.24536027383631467,0.2805291723202171
35025,23572665.56620472,-1.0795383569358101,1.797233092346053,0.736187177404373,0,0,2.3598843963532823,69537.35294117648,0.3522267206477733,0.12296472184531886,0.475241357832451,0.3168109334418477,0.22014925373134328
20205,3160306.969126401,-1.6467017520253346,2.065729302812237,0.6200405191163588,0,0,1.253275280195858,8873.529411764706,0.1426346932419807,0.08039348710990502,0.4735804007059068,0.2322028603525975,0.26221166892808684
21079,4370755.20179689,2.1349624468614365,1.4242286324293278,0.9784480839188714,0,0,1.9371598148120786,17273.41176470588,0.16754905014014326,0.458955223880597,0.3259628360842936,0.317489036701678,0.03629579375848033
19021,30787372.02505578,5.0167748391935465,0.2022104379886253,0.9860335951193426,2.349480293615317e-4,0,0.23503501896470042,20376.352941176472,0.3864839613827468,0.6336789363439679,0.22090729783037477,0.4136900651856965,0.06682496607869742
17105,3374237.039263947,-1.4861355863576886,2.3436523979230466,0.8349107553365196,0,0,3.343420607544775,36867.470588235294,0.14699470569915915,0.09006105834464044,0.4505346205751064,0.22919679487296865,0.18690637720488468
22001,381679758.71428317,0.9088468007325687,0.4225216611123148,0.9903695118776101,1.4470675236892152e-5,0,-0.6326357601636813,60607.529411764706,0.728122080348801,0.5191343791155355,0.1563375895359701,0.46786468300010214,0.19165535956580732
72035,319993589.3643733,5.705150941158967,0.1616151979938608,0.9887634738795047,0.9903016692864008,0,-0.8907179208940859,45487.2,0.708813453752725,0.990765452206992,0.14211564413993563,0.6138981833665508,0.31716417910447764
27087,4536720.788005608,0.7753764312014209,1.745930568725317,0.8176886413431238,0.45144087526395993,0,0.1502498881416498,5436.64705882353,0.17346620990345687,0.8464324623919934,0.32004567632097997,0.4466481162054768,0.3575305291723202
17051,5248547.754335381,1.4416313861037455,1.7691826585846462,0.8850701067393393,0.07606628526224554,0,2.1016385019249433,21731.470588235294,0.18779196511990034,0.8128511659229812,0.3975916121665109,0.46607824773646417,0.24762550881953868
20147,12266679.590830868,-0.09286676143409878,1.5655125148601263,0.781952854392077,0.12249385069317369,0,-0.8893568833565324,5277.64705882353,0.2737464964185612,0.6672041504990986,0.26741409737361155,0.4027882480970904,0.3931478968792402
27151,89488717.43775713,3.530108841346447,1.1511367895498132,0.9979170716403118,0,0,-1.9689460143889264,9613.470588235294,0.5490501401432576,0.4830393487109905,0.07328973320876155,0.36845974068766996,0.16010854816824965
26019,86664777.85135427,-0.2785278278616019,0.6309400445869571,0.968328262426169,0,0,-1.0076852354986139,17762.58823529412,0.5443786982248521,0.22065807327001358,0.15446901276860792,0.3065019280878245,0.12991858887381275
39125,18049842.569569472,0.14450095513194938,0.06114732274203891,0.9990586363210534,0,0,0.6660412112658977,19036.29411764706,0.31734662099034566,0.2971506105834464,0.22973113256514066,0.28140945471297757,0.018317503392130258
39147,1003228081.1362059,4.334916525742921,0.11721219432952298,0.999103104608534,0,0,-1.7289116663777224,55623.529411764706,0.8190594830270944,0.49135006784260515,0.07972594207412022,0.46337849764794,0.16621438263229307
21187,165562.2861194132,NA,1.1883421284632127,1,NA,0,4.521628136361586,10957.470588235294,0.023045780130800372,NA,0.32845427177410985,NA,NA
05041,76056276.36307442,2.8547898990732232,1.046046798552184,0.9661682508708799,0.0011636861443076161,0,-1.4863500534058847,11876.529411764706,0.5253815010900031,0.6308846775414239,0.12872417730717325,0.4283301186462001,0.2194708276797829
51115,68388681.7070434,0.24830065097293819,2.239724175256926,0.7950115377777268,9.865551883774116e-4,0,-1.8377365952108609,8777.470588235294,0.5076300218000623,0.4645423819144394,0.21229108273642686,0.39482116215030955,0.4827001356852103
48105,909502.1330418882,-0.8491273593823703,2.167159427847705,0.8528492622475295,0,0,1.0690056474611014,3450.0588235294117,0.07349735284957958,0.1451831750339213,0.3662410464029897,0.19497385809549686,0.1651967435549525
28013,12785448.380698498,-0.5501881033230429,1.0821848506964369,0.6817742541052615,0,0,0.5651469477988182,14180.29411764706,0.27997508564310186,0.18012211668928088,0.4052735388767778,0.2884569137363868,0.18317503392130258
20007,187916.38458727655,-1.871466202893501,1.3674550278286741,0.9338079600360429,0.2026882372790591,0,3.071546171128322,4570.470588235294,0.024914356898162567,0.511753833311127,0.39032492473788016,0.30899770498238993,0.13364993215739485
72129,296189788.5992797,-7.291579549985167,0.022155977726919625,0.9996252328881411,0,0,-1.0572701652440695,38718.4,0.7019620056057303,0.0010176390773405698,0.11346413370704868,0.27214792613003985,0.11397557666214382
05055,13848102.398157403,-0.8862428276666776,1.4500852169959868,0.6824576740754059,0.6837279778532988,0,2.213219426986458,44411.705882352944,0.2883836810962317,0.6245873701269568,0.49112426035502965,0.46803177052607275,0.3622795115332429
28069,10969712.453123188,-5.262254323307497,1.0181583630700448,0.925624437375007,0.12492849320877669,0,0.1529236883156139,9760,0.26191217689193397,0.4234457154924956,0.2637807536592962,0.3163795486812419,0.2198100407055631
45005,568593.6077425051,NA,1.601265878437433,0.9125996440227605,NA,0,3.0090625710809666,9114.35294117647,0.05512301463718468,NA,0.40444306031350563,NA,NA
39047,4375649.747653996,-2.597280987055914,1.4944903283829638,0.8210717500396933,0.14944429612742094,0,2.7088022696588596,28781.70588235294,0.16817190906259732,0.4682481199395625,0.44513650991383785,0.36051884630533254,0.24491180461329715
40009,617330.3495720581,NA,1.9415445068127943,0.744336309872749,NA,0,4.291634467931779,22456.823529411766,0.05761445032700093,NA,0.5006747638326586,NA,NA
21103,1365258.5578775052,NA,0.7667485648490513,0.992678560467099,NA,0,2.9564368439767397,15702.470588235294,0.09187169106197446,NA,0.3377971556109208,NA,NA
47073,121164303.65428448,3.3392637074752933,0.3760945057442364,0.9769516116510311,0,0.01952116781154088,0.4229428494281896,57038.64705882353,0.5929616941762691,0.4818521031207598,0.5537215820616631,0.5428451264528973,0.24151967435549526
51011,14491583.674434317,2.642226968075514,2.717895347146914,0.5937868258776178,0,0,0.5963203479783203,15724.35294117647,0.29212083463095606,0.47116689280868385,0.44098411709747737,0.4014239481790391,0.42028493894165536
48117,37945050.588332735,0.12066201503873586,0.037018873901565726,0.9447646849455933,0.0022407961141711914,0,-0.09027831796796416,18869.529411764706,0.42011834319526625,0.464600163692378,0.2339873352019101,0.37290194736318477,0.11601085481682497
46087,5002010.935761446,-2.080089351199037,0.9281403847391834,0.9446792741702523,7.014213573670925e-5,0,0.10284826330743009,5620.117647058823,0.18280909374026783,0.19431966601679163,0.24561403508771928,0.20758093161492627,0.0814111261872456
48177,2693784.701271252,0.36467158504163955,1.5796640971450675,0.9045392760200119,0,0,2.6520832889952684,20120.70588235294,0.12893179694799128,0.326831750339213,0.4025744835461434,0.28611267694444925,0.06173677069199457
42131,10884720.040715229,-5.560569104016389,1.38648762731477,0.9346812303365335,0,0,1.7180309102520162,27309.529411764706,0.2600436001245718,0.004918588873812755,0.3517076715457282,0.2055566201813709,0.06614654002713705
13027,7630987.794910063,-3.0045153668887092,1.6926282630473966,0.7967656496344897,0,0,1.2599838178213862,15957.882352941177,0.21800062285892247,0.029172320217096336,0.4024706737257344,0.21654787226725106,0.16824966078697423
20067,265401.1276138205,NA,1.3299033188720866,0.9781517704086294,NA,0,3.4826800879764797,7533.529411764706,0.032388663967611336,NA,0.3633343714315374,NA,NA
18021,31698406.14235443,1.7154397152712306,2.5688738103924154,0.8496042827542714,0.15877135030514897,0,0.6044174364482175,26514.647058823528,0.3905325443786982,0.8715176848495725,0.33655143776601265,0.5328672223314278,0.4996607869742198
12029,23527016.183807928,2.417638746848226,1.7791248770077035,0.764756527203589,0.017209344170121422,0.006854797507411127,0.19232721885313098,16584.29411764706,0.3516038617253192,0.7302893892715328,0.6386380151562338,0.5735104220510285,0.5366350067842606
29063,105317.84378175226,-1.464725771914269,2.184477908901148,0.6463218285777845,0,0,5.128672349915581,12136.529411764706,0.015882902522578637,0.09192672998643148,0.543652029481989,0.21715388733033303,0.19708276797829036
13159,6857546.375818457,1.1632659882809886,1.8621101549930064,0.6732947842613419,0.0011476973933548015,0,1.2146176853924147,14430.882352941177,0.21021488632824664,0.5655939876133995,0.4506384303955155,0.40881576811238723,0.2907055630936228
19159,9997829.084641045,2.223406593625697,0.8785109969977776,0.977823146487292,0,0,-0.7945051499567748,4908.764705882353,0.25132357521021487,0.4623473541383989,0.16038617253192153,0.29135236729351177,0.05834464043419267
51595,7936546.271904081,2.924954904923638,0.5259284429822215,0.9808147615177039,0.30480784159315183,0,-0.35962974947968135,5617,0.223294923699782,0.9341761315484882,0.18509290978926607,0.44752132167917874,0.1655359565807327
13251,323795.2201368534,NA,1.3739183524165446,0.877158728619556,NA,0,4.244234617371732,14209.70588235294,0.03924011211460604,NA,0.4398422090729783,NA,NA
17189,448324.5021830037,-2.9853517103088265,1.933024707819432,0.7588878950479648,0.48268009078428237,0,3.913587845320817,14160.588235294117,0.048894425412644035,0.5029584270304517,0.49018997197134845,0.3473476081381481,0.3073270013568521
17059,172934.7930470809,NA,0.9605661295729113,0.9611454671315871,0,0,3.3423679708435614,5174.058823529412,0.023668639053254437,NA,0.37579154988061864,NA,NA
48137,7262067.396659259,1.0237722348792335,1.9582778786506525,0.7204148734397128,0.20179514716216498,0,-1.9981263825513678,1794.1764705882354,0.21426346932419807,0.8411374988783538,0.2386587771203156,0.43135324844095585,0.501696065128901
22107,84919544.77328391,-3.7777891403617296,1.0317280041999355,0.7570481962165907,0,0,-3.030756778383731,4604.294117647059,0.5409529741513547,0.01780868385345997,0.1900757811688986,0.2496124797245711,0.30800542740841247
19037,59671852.34767349,3.4905255276345173,0.06587782639884689,0.9968322922825513,0,0,-1.2152947946437644,12101.823529411764,0.4901899719713485,0.4828697421981004,0.10993459981314231,0.36099810466086374,0.06716417910447761
21237,1757259.1579537117,NA,0.08822473716870896,1,0,0,1.4855565255928462,7020,0.10557458735596388,NA,0.2627426554552061,NA,NA
17139,1806464.3741780282,0.3929395491103769,1.655171487719676,0.7681523588267789,0,0,2.5710214424780498,14646.29411764706,0.10806602304578013,0.3319199457259159,0.46558704453441296,0.3018576711020363,0.11906377204884667
72009,21575117.466715716,1.2752283977505794,1.2072366205971115,0.9434692761169527,0.8039325947355466,0,0.8439704578187384,24089.6,0.33945811273746496,0.9052053677685539,0.2967922765493616,0.5138185856851268,0.25576662143826323
08025,7260132.735565767,6.208271731381025,0.5966346098819006,0.996066015037245,0.8727945148730534,0,-0.2481143352972734,5700.882352941177,0.21395203986297104,0.9876106804291532,0.1736738295442749,0.45841218327879973,0.155359565807327
48313,321762.1603231947,0.8160049891171006,0.9514027757494041,1,0,0,4.208695794518582,13822.29411764706,0.03892868265337901,0.3794097693351425,0.3254437869822485,0.24792741299025667,0.0030529172320217096
05025,1115318.6392579796,NA,0.16871272809990487,0.9686615381157193,NA,0,2.16232050407961,8129.823529411765,0.0815945188414824,NA,0.34278002699055327,NA,NA
46095,133813.54599333924,NA,0.8902254431826767,1,NA,0,2.157052341331357,1995.8235294117646,0.018374338212394894,NA,0.28952558912073084,NA,NA
13243,471713.0410456083,1.8774380953938152,1.3954555722628763,1,0,0,2.787218409173899,6957.764705882353,0.050451572718779196,0.45115332428765265,0.30634278002699056,0.2693158923444741,0.00983717774762551
29227,601691.4901706099,5.0624226997463015,0.8670766541674166,0.8855152643635457,0.6023143825780857,0,0.6853185623616079,2037.8823529411766,0.05668016194331984,0.9747021179400863,0.32295235129243227,0.4514448770586128,0.1787652645861601
18009,141331.6429180521,NA,0.8630341463348367,1,NA,0,4.849698950431289,12258.64705882353,0.018997197134848955,NA,0.33032284854147204,NA,NA
31139,343057.7574976308,-1.1391567863212355,1.5140029974852032,0.8571093926676823,0,0,3.1638421724406016,7230.294117647059,0.04048582995951417,0.11804613297150611,0.43683172428111705,0.19845456240404577,0.05495251017639077
08115,5985.9961670921175,NA,-0,1,NA,0,5.5052119901621435,2340.529411764706,0.002491435689816257,NA,0.3321914253088342,NA,NA
13249,7051.712052316968,NA,-0,1,NA,0,6.469260237551996,4931.235294117647,0.002802865151043289,NA,0.33343714315374234,NA,NA
46075,143375.12572680393,1.2428377918803513,1.220229457711858,1.0000000000000002,0,0,0.941430201447494,935.6470588235294,0.01962005605730302,0.4151967435549525,0.23170351915291187,0.22217343958838912,0.011194029850746268
21223,28977.381989904756,NA,0.4998741733468536,1,NA,0,5.9095408023974265,8667,0.006851448146994706,NA,0.3328142842312883,NA,NA
47015,1376404.2206738158,-1.35207895218055,1.1626829287086164,0.9712954972067548,1,0.04395344681056208,2.7948651728425906,14188.588235294117,0.09218312052320149,0.5937087879966174,0.6777743174504308,0.45455540865675,0.29986431478968795
40055,808372.3271194039,2.8876963098211927,0.2715740745648339,0.9999999999999999,0,0,1.9928538372230822,5876.176470588235,0.06882591093117409,0.47574626865671643,0.29450846050036333,0.2796935466960846,0.0020352781546811396
48327,314035.1670352855,NA,-0,1,0,0,1.3821479178969405,2101.5882352941176,0.03799439426969791,NA,0.25641025641025644,NA,NA
24037,52925561410.68137,0.3473909390633061,2.6357563913059714,0.21990711102047675,0.009234687093580995,0.005693533465860447,-4.651624689090882,110796.41176470589,0.9828713796325133,0.5512467721512677,0.6168379528703415,0.7169853682180408,0.9698100407055631
42133,34184854821.540737,-0.5355209259122375,1.3638299959448121,0.9222577040991258,0.0022426837643021304,4.024280839266142e-5,-2.1043881055868305,446697.1176470588,0.9753970725630645,0.35316607887869816,0.3759991695214368,0.5681874403210665,0.6010854816824966
22005,368612619.71747833,1.3613975410427646,1.4146552899461817,0.8389956475168432,0.13617401693578282,0,0.4340435561306414,119841.35294117648,0.7237620678916226,0.8446779356995311,0.32959617979860895,0.6326787277965875,0.45047489823609227
18055,35272269.761248164,-1.2152516600802876,2.450411316064071,0.8351373416287,0.07485815417091986,0.002185820064371471,0.7889747158737844,32143.823529411766,0.40766116474618497,0.4955460445993752,0.6245198795806083,0.5092423629753894,0.6404341926729986
27145,1463068026.565108,0.5243719293008233,2.1826546156078077,0.454040933280527,0.010009300779310133,0,-0.5436129387034098,156184.76470588235,0.8502024291497976,0.5769487867639395,0.40205543444409847,0.6097355501192785,0.7116689280868386
06103,437813305.77256155,-0.7904096399788116,2.3836227274992834,0.6137733382598545,0.10694717265036423,0,-0.6892053908962039,63924.294117647056,0.7461849890999689,0.5577530003471438,0.3475552787293678,0.5504977560588268,0.7299864314789688
42069,6132674363.570902,-1.1656033057240869,1.7488820525781543,0.8106342349006472,0.002116975301827407,8.614081964142126e-4,-1.5026415526147714,213633.17647058822,0.9252569293055123,0.2848511360124138,0.4772137444202222,0.5624406032460495,0.6974219810040706
48491,16794336586.697939,0.43432293509323827,1.9823191647592653,0.907717394250151,0.0036228046252361084,0.004283575921363116,-1.1049515443654943,540570.4117647059,0.9582684521955777,0.5206932408462334,0.47461849890999686,0.6511933973172693,0.6991180461329715
29510,42082782234.04484,-2.858712827015399,2.2863482800134354,0.7999929823431602,0.07397632790746843,6.547652676737544e-4,-2.8812586415663057,306717.4705882353,0.979757085020243,0.4161780141014729,0.4329907609259836,0.6096419533492331,0.8537991858887382
08077,2481845024.1079936,-0.9806638907711687,2.281793375203599,0.6907469354486044,0.020784990624347126,0.0027278996098078377,-1.1183840674369199,151478.82352941178,0.8816568047337278,0.41152601448940396,0.5651406623066543,0.6194411605099287,0.8212347354138398
20045,596143694.7845038,-0.07949842452281786,3.4917917513499526,0.33536905394715505,0.03036198607910597,0.04562333799156668,-0.08212624745191147,117068.23529411765,0.7732793522267206,0.5655632839627696,0.7870860583411191,0.7086428981768697,0.9419945725915875
36019,289548999.2288764,0.41000889705030374,2.9121493474937052,0.3218382083878082,0.02428721953439009,0,0.07330878246109129,80504.88235294117,0.69884771099346,0.6258697857043802,0.4785632720855393,0.6010935895944599,0.7781546811397557
25015,3117821392.1592336,0.6941791708312124,2.8166621074210805,0.7274703440023585,0.008657835058575685,0.024434993624638413,-1.2567446719531876,160735.29411764705,0.8944254126440361,0.5906423883497434,0.5823730924945499,0.6891469644961098,0.8592265943012212
41005,4115760387.3184586,-0.305248570740666,2.751158446086413,0.7201991210671087,0.06224899666997214,0.004965031027395045,-0.14618891062209902,402214.8823529412,0.9065711616318903,0.587159393413693,0.6303332295235129,0.7080212615230321,0.8653324287652646
25023,22159022382.707844,0.9417036713275699,1.620816321824194,0.88371191177021,0.0025110194545575003,6.831478822001676e-4,-1.4584548717996035,513994.4705882353,0.9660541887262535,0.5637522217660105,0.4429565036852486,0.6575876380591709,0.6618046132971506
19013,789698884.818802,0.28929686557553325,1.0677209336539286,0.875414475162743,0.012502673192751265,1.6657327649154192e-4,-0.18568748688506748,131644.4705882353,0.796013702896294,0.5596361198199202,0.514585279767466,0.6234117008278934,0.5118724559023067
17183,1077435222.022139,-0.24749113971397207,2.4311903165406616,0.42855940531268333,0.07042595952386449,0,-1.298086648392213,77509.88235294117,0.825288072251635,0.607029640465916,0.3633343714315374,0.5985506947163628,0.8042740841248304
48439,443672660358.1427,-0.02780442874913902,1.4770131458351619,0.9127872569550594,0.0011068882678845493,1.6014876954972745e-4,-2.3979129251679265,2001290.1764705882,0.9993771410775459,0.418725170830127,0.3772448873663448,0.5984490664246725,0.6343283582089553
34025,31102398823.907852,-1.1189304484774034,1.935534657750596,0.5204404263464623,0.006294510537883759,0.00165884266740668,-1.486556829199535,631218.8235294118,0.9732170663344752,0.3273292401175032,0.5958683691477213,0.6321382251998999,0.8368385345997287
23011,867210037.736082,-0.5032899038083158,3.2342905915165505,0.17625185556090786,0.15053010942273604,0.003383296581339241,-0.37932051355412894,123227.41176470589,0.805979445655559,0.6151195425677225,0.7484688051489671,0.7231892644574162,0.9759158751696065
24013,932803256.8602266,-0.5748041356590932,3.275670140991112,0.5756147751279099,0.046525244829938986,0.032153011160082165,0.03235747650776624,169729.4705882353,0.8122080348800996,0.5215837600121092,0.7245925464548947,0.6861281137823677,0.9090909090909091
12121,24635303.93720253,1.9279018792577318,2.3122990400367742,0.6136301080732793,0.16929307133872107,0,1.6181883922192495,43857.705882352944,0.35596387418249764,0.8858795157025947,0.49631475137548015,0.5793860470868576,0.5305291723202171
47065,1605340594.8492422,-0.24897994625877828,2.7393339590805525,0.42908287079279916,0.06770515716467106,0.0171013556647251,0.6152352437532799,357100.29411764705,0.8579881656804734,0.6036844154160877,0.7980898993044742,0.7532541601336784,0.9118046132971506
26077,819551177.5793774,0.23001545428454762,3.0267243525532597,0.5090388995725288,0.04990868316687362,1.6489791065375483e-4,0.7991897593811533,258614.64705882352,0.8009965742759265,0.659046043239804,0.7227239696875326,0.7275888624010878,0.8687245590230664
18141,26558520028.61885,-1.4769050178861178,0.9704156506570213,0.9621941984575446,0.0020288493277088853,0.0011055063844510112,-2.615516514983175,269721.1176470588,0.9697913422609779,0.258235942713106,0.3535762483130904,0.5272011777623914,0.5461329715061058
08035,18711713676.0814,2.7083810171877545,2.0214653378653966,0.9247415711763864,0.0025511145811745292,0.0027287128814003224,-1.9568376693389806,330697.17647058825,0.9620056057303021,0.6482032359608407,0.41513547181563376,0.6751147711689255,0.7045454545454546
21117,892651938.4782357,1.9480656865162373,1.7845814530020532,0.7830056257398166,3.8246929736970105e-4,0.018862429675674735,0.036934841377981455,165365.88235294117,0.8087823108066023,0.5968143886144066,0.6383265856950068,0.6813077617053386,0.6529850746268657
27147,98168896.35589723,0.7010783806577283,1.7349221776494625,0.8890641096849072,0,0,-0.028725675323630035,36827.882352941175,0.5643101837433822,0.3675373134328358,0.27291601785528913,0.40158783834383566,0.2662822252374491
47123,222449409.9838102,-1.6734375067033103,0.7935917266696653,0.8901132628274885,0.2398919649711737,0,-0.508596054170027,46047.23529411765,0.6649018997197135,0.5279344305979666,0.23793210837745252,0.47692281289837757,0.3816146540027137
08119,85704984.62529159,-0.07141276644787808,2.5703925623755755,0.5883060190115104,0.24652585134827923,0.05614056650590001,-0.5355521235375107,24087.176470588234,0.5434444098411709,0.7075294868343653,0.6877400602096958,0.6462379856284106,0.8531207598371777
54057,2722591754.969006,0.333215594093641,1.628814307568742,0.8624761321714115,0.006227427064731009,0.003674536536401141,-3.8001912285204313,27377.41176470588,0.8863282466521333,0.5295132327069335,0.4122287968441814,0.6093567587344161,0.6984396200814111
41053,34476375.66741623,0.9635371259776075,2.6148803425396028,0.42205450540427203,0.02131427720859937,0,2.229920946736617,82038.5294117647,0.4029897228277795,0.6726835625117262,0.5745873559638742,0.55008688043446,0.578697421981004
48187,864960874.5556275,-0.09100968015163602,2.694039484143069,0.7981784086155406,0.07441373408972718,0,-0.013854181678997459,156613.82352941178,0.805356586733105,0.6359854489621486,0.3185923388352538,0.5866447915101691,0.6845318860244234
48449,50831758.0663023,1.606281712037232,1.4455194274261156,0.8982747417922027,0,0,0.4203813399076888,32076.58823529412,0.466209903456867,0.4360583446404342,0.29814180421467873,0.4001366841039933,0.1862279511533243
47155,519465344.70803946,-1.1924619402225858,2.1720095198156284,0.46603935510306016,0.051462253084332485,2.4342396305809494e-5,-0.25377280638482524,95428.82352941176,0.7608221737776394,0.4678552038495807,0.6570123533686286,0.6285632436652828,0.8242876526458616
16085,238458803.77869272,0.5887514950913442,2.2715502704985826,0.22838537909829112,0.08866572881264984,0.0042967925298590115,-2.770817254163059,10814.764705882353,0.6742447835565244,0.7494315859217304,0.6340703830582374,0.6859155841788307,0.9148575305291723
42025,311107253.5106988,-1.745170578157678,1.3240218628207385,0.9340904147706565,0.0336314785822543,0,-0.3285712091725891,64730.94117647059,0.7066334475241358,0.391429738717598,0.22360635316100905,0.44055651313424765,0.3612618724559023
17019,1349302757.0768523,-0.09904740087694464,2.4912118623134654,0.5928990591083588,0.06918061982432303,0.08977889870454162,-0.03823377905290833,206740.82352941178,0.8458424166926192,0.6291123631251648,0.7250077857365307,0.7333208551847715,0.8792401628222524
01081,562266103.0428989,0.22620926233703642,2.941870812227107,0.6237131040221542,0.21309674417935293,0.05115640387199319,0.45163830302453634,160254.76470588235,0.7679850513858612,0.7513765658861822,0.7430706944876985,0.7541441039199138,0.8941655359565808
42071,3640892532.7182226,0.5569725424001781,2.0834989286439316,0.7616552609829839,0.012299439266729485,0.02357630062298416,0.4185725423555103,538684.7647058824,0.9018997197134849,0.5908697766405719,0.6756981210422506,0.7228225391321025,0.7530529172320217
16027,311697884.0797777,-0.8551427094134496,2.9254819214033376,0.5649143903759242,0.050121999655886096,0.0036282210294124435,1.5007598620951779,217054.88235294117,0.7072563064465899,0.4958793661497577,0.7845946226513029,0.6625767650825501,0.8354816824966079
19163,1523402164.5636086,-0.06428039525063056,2.9357651403570966,0.6252176927126051,0.04336430578145272,0,-0.44923868003185824,170731.70588235295,0.854251012145749,0.5978230771810469,0.35752102148863285,0.6031983702718096,0.7788331071913162
26027,241872718.16681135,1.0049773245343214,2.655323822113997,0.9885555730752845,1.2082500853245406e-4,0,-0.4157385613282156,51745.05882352941,0.6767362192463408,0.5313043545254235,0.17222049205854875,0.4600870219434377,0.4168928086838535
06115,3054618347.5258718,0.566684127239693,2.6572178601905594,0.20322649980699597,0.037447334304251824,4.752604250288692e-4,-2.3467412381369948,77173.4705882353,0.892868265337901,0.676060964081034,0.6198484376622028,0.7295925556937126,0.9542062415196744
17113,142059877.67728758,-1.6771707609604043,2.5431179987475745,0.598480525867056,0.034787006333776904,0,1.9317249135598848,171694.4705882353,0.6135160386172532,0.39716769586209955,0.5126128931796948,0.5077655425530159,0.6041383989145184
53029,2736739309.2870383,-8.913879497889354e-4,2.3690017863854926,0.36087328601174606,0.06140840875216324,1.4266040309555183e-4,-2.1399491895633207,82276.17647058824,0.8866396761133604,0.6395990760353815,0.5877712031558185,0.70466998510152,0.9240162822252375
08051,202063668.89467144,0.7029307297922411,1.8600033194972783,0.5506400001602921,0.022567124550105094,7.119393771835243e-4,-1.9788733663450506,16358.29411764706,0.6558704453441295,0.6534502745880726,0.5567320668535244,0.6220175955952422,0.7734056987788331
08081,94029344.44256651,-0.41422379573154977,2.478527377032994,0.3435744201583085,0.019335802892077807,0,-1.531617598297101,13260.823529411764,0.5580815945188414,0.4738523859115789,0.3729886847295754,0.46830755505333194,0.7316824966078698
51179,10004570011.398018,1.3721948903179921,2.9424359275414047,0.22623936532346756,0.018562720868670092,0.008604665007169172,-2.574241524723676,145416.5294117647,0.9430084085954531,0.6942233630535608,0.6526523409114503,0.7632947041868214,0.9830393487109905
01117,3286836417.577459,-1.80516797891595,2.489879338965656,0.7241083118693873,0.022629104430924314,1.319919370648568e-4,-0.8902702125034816,212039.35294117648,0.8962939894113984,0.35765391026285953,0.5357624831309042,0.5965701276017207,0.819538670284939
33017,373511584.40017945,-0.9202004807347706,2.9409117967623586,0.5554603165325628,0.005664283831078343,0.03400082772269051,0.5216785024722083,128097.70588235294,0.7253192151977577,0.33963732530642465,0.7646631371327727,0.6098732258789851,0.8364993215739485
51199,3429214783.146686,0.3879784949051057,2.939068929325516,0.12394855803891952,0.031164650978880968,0.006234941538790457,-2.6560462238691915,67905.94117647059,0.8987854251012146,0.6421993693402182,0.6535866292951313,0.731523807912188,0.9871099050203528
39055,189217131.33177504,0.9174015333622432,3.1303858389033077,0.5697814280342458,0.05541238595325251,0,0.7370112698308445,94230.82352941176,0.6487075677359078,0.7462631051338317,0.4558289214159659,0.6169331980952351,0.7228629579375848
29179,11136156.856845163,-2.365247354869428,1.8649530720061689,0.7775580103527634,0.22884748760339468,0,-0.5190550333784749,6323.411764705882,0.26378075365929615,0.4970921037008436,0.29180940516972903,0.35089408750995627,0.4399592944369064
02110,714330391.1091149,-0.3628966981500348,3.4462159018270477,0.17977805013458362,0.15849524282034336,2.4309174431505425e-4,-2.228617267823441,31946,0.786359389598256,0.636957089212346,0.6195370082009758,0.6809511623371926,0.9901628222523745
46071,65316190.648253374,0.4816921381841244,2.6625821981436335,0.3007319830578952,0.16894049293019414,0,-3.3793070480523117,3074.9411764705883,0.5023357209592028,0.7737722165271294,0.3256514066230665,0.5339197813697996,0.8103799185888738
21109,91901288.97650622,-2.128338434539062,1.899460316856712,0.9604381429071046,0,0,-1.5032370923183536,13309,0.5540330115228901,0.059023066485753055,0.13246133084189762,0.24850580295018024,0.2845997286295794
19169,2125242195.2020054,0.07682851701440896,2.154309287226314,0.7316300682580941,0.01295022525753933,0.007034110638967125,-1.6585785140794893,95683.58823529411,0.8744939271255061,0.5292400721841694,0.5391882072044015,0.6476407355046923,0.8039348710990502
26105,817206046.5684813,0.8031166505914058,0.2741879018428153,0.9541170334292469,3.059900650418523e-4,0,-2.514049946673111,28914.823529411766,0.7997508564310184,0.5189936634916146,0.0999688570538773,0.4729044589921701,0.2771370420624152
24023,338418359.8465574,-0.2872640686347978,2.470353999845407,0.8265471964253545,4.1677749459318657e-4,0,-1.6081981950122022,29381.70588235294,0.7165991902834008,0.36325319114030863,0.2066853524343403,0.42884591128601657,0.5675033921302578
23029,1000616432.8596126,-1.0635301159815853,2.176885351282644,0.5221670592814647,0.012894863659748993,0,-2.5668866760635556,31919.764705882353,0.8184366241046404,0.36981516175725493,0.28755320253295963,0.49193499613161834,0.7354138398914518
48163,1017596248.4256035,-0.1339407681976148,0.30684849236632183,0.9938671130026727,0.023964555067224204,0,-3.4004330132599083,18608.352941176472,0.8209280597944566,0.5365053943255121,0.04214678708605834,0.46652674706867564,0.3181818181818182
18039,932666050.9195564,-0.8731296300067761,3.1703809421104,0.592549064420322,0.1312179079137042,0.0011845776963308777,0.30301000882348184,202944.29411764705,0.8118966054188727,0.5623065443415098,0.6853524343402886,0.686518528033557,0.8958616010854816
51141,213810317.104071,-0.8572106056429227,1.620525444473243,0.9746442895323035,0,0,-1.8950746638860192,17947.235294117647,0.660853316723762,0.14433514246947082,0.10505553825391882,0.3034146658157172,0.2764586160108548
51041,3111744241.003107,-0.9834342659697874,2.6766447485601494,0.34175389952750934,0.026449734945564404,0.0026978608257343336,-0.10237238715165436,344183.64705882355,0.8941139831828091,0.4310598809559417,0.738191632928475,0.6877884990224086,0.912483039348711
17085,30648184.58369407,1.262577824193711,1.9975796178186864,0.7452635416934542,0.012109778852537832,0,0.3603153335438373,22068.58823529412,0.38554967299906573,0.6571963465601488,0.36613723658258074,0.4696277520472651,0.39382632293080055
36075,361081960.5006495,-1.6131465048306275,1.7283730167484703,0.739127518335872,0.01361071623773727,0,0.45164630940208866,119601,0.7215820616630333,0.33040651633434215,0.3758953597010277,0.4759613125661344,0.4769335142469471
40039,118285231.70711267,1.2859792842694766,2.8280368437025496,0.3456647937890428,0.08896480184074874,0,-0.604885113320651,28466.941176470587,0.5907816879476798,0.8135324244146367,0.4262431225993979,0.6101857449872382,0.7886702849389416
30003,448374491.2373712,1.295516670580497,2.923106913124121,0.3244473131934712,0.012660971786096863,0,-3.116013360636902,13066.235294117647,0.7486764247897851,0.6624046374068807,0.32617045572511155,0.5790838393072592,0.828697421981004
16021,63410833.660450585,-0.8351024913805976,2.2289834807243976,0.44334806282126427,0.028684156964746882,0,-1.3098806446487057,11834.470588235294,0.49672999065711615,0.45164503588814897,0.35845530987231394,0.43561011213919304,0.6682496607869742
22109,1532924393.6467676,0.9605550562407394,1.5470224911204054,0.703141109691988,0.043443763098966214,1.560852628024711e-4,-1.1164875852083131,110316.35294117648,0.854562441606976,0.7306223709291038,0.5299491331879996,0.7050446485746931,0.7408412483039348
51139,964830482.0267756,1.580946753787682,2.4344711407861053,0.7405055881979583,0.07119465005553427,0,-2.9724068569662863,23836.823529411766,0.8146994705699159,0.8152960149154029,0.20004152392816363,0.6100123364711608,0.7438941655359566
17037,58908797.73099777,-1.368936732745789,2.546371728902835,0.7230202284605206,0.10765686961992844,0,2.044471922357778,103400.94117647059,0.4892556835876674,0.505842984023225,0.4714003944773175,0.48883302069607,0.5491858887381276
45039,2327702.287076749,-3.1791616031713126,1.5975046755988165,0.7968830032271915,0,0,2.960658667268443,22401.352941176472,0.11865462472749923,0.026458616010854818,0.4615384615384615,0.20221723409227185,0.09938941655359566
29207,82241564.38688798,0.0012308531878915119,2.5097681317318674,0.42515021952946375,0.34873008553597135,0,-0.19690993303341037,29317.058823529413,0.5362815322329493,0.7332916624746553,0.4356898162566179,0.5684210036547408,0.742876526458616
28051,21690748.7134017,1.6137398858731853,2.1050879643895013,0.6697708575634712,0.004672574181992233,0.002470510386591602,0.38552477507730487,17857.29411764706,0.339769542198692,0.6301287559288636,0.6710266791238452,0.5469749924171335,0.580393487109905
46017,207531241.21627682,0.1507386681399865,2.4628140226885358,0.2410403392459933,0.23941351435390293,1.7682958480530402e-4,-5.214590605261845,1963.0588235294117,0.6577390221114917,0.7463902250452964,0.5690854354821966,0.6577382275463283,0.9345318860244234
06015,107154528.90928958,-0.6594728730125539,2.469199231844319,0.3624193155954401,0.2966939660902275,0,-0.5493398449806264,27664.41176470588,0.5764559327312364,0.6210981438226975,0.4255164538565348,0.5410235101368229,0.76797829036635
29105,10235563.935620395,-2.939754314131399,1.2726221033133591,0.8819820963291265,0,0,2.189037747620946,35794.94117647059,0.25381501090003117,0.030868385345997285,0.4025744835461435,0.229085959930724,0.07598371777476255
29041,26725528.470937088,0.6712040910176,0.8740332108609871,0.8656024742423014,0,0,-1.1242492952143954,7559.470588235294,0.3681096231703519,0.36295793758480327,0.21187584345479082,0.314314468069982,0.15671641791044777
29039,39061809.00924006,-1.555129295628209,2.4203963630021343,0.32393778801278145,0.15349323524054284,0,-0.553870814733475,14159.882352941177,0.4241669261912177,0.5121553600189978,0.4344440984117098,0.4569221282073084,0.7187924016282226
13085,22713977.862968706,-0.9765856408657765,1.4058951904555834,0.9466992475112253,1.2369189022507125e-4,0,0.8702377542380756,25358.70588235294,0.3466209903456867,0.2684090478560015,0.29575417834527146,0.3035947388489866,0.14891451831750338
29213,118871529.38966665,-0.44411375030289335,2.8206217115484957,0.31556634658629446,0.0793332351081868,0,0.3678088453551089,54308.41176470588,0.5910931174089069,0.585197532106275,0.5008823834734767,0.5590576776628863,0.7703527815468114
31079,231590812.74121377,0.3630962649517997,2.511837350765892,0.3751243792322291,0.005962914177420206,0.05043811012630786,-0.12803523347305276,60807.705882352944,0.669884771099346,0.5307369601255881,0.7744212602512198,0.6583476638253846,0.8436227951153324
29173,174230299.60729223,1.1786868562834343,1.7732778977907346,0.5481346987345553,0.009500775923150935,0,-2.534566820097434,10274.470588235294,0.6390532544378699,0.6395909186079078,0.281324613308419,0.5199895954513989,0.6027815468113975
05105,8409109.850612378,-2.5793659303523153,2.462624603529931,0.38835442418353566,0,0,0.4995080441709743,10294.941176470587,0.22983494238554966,0.042401628222523746,0.4924737880203467,0.25490345287614,0.4358887381275441
40097,31015105.600211095,-0.33249425041850067,2.329395645340928,0.8661815091115566,0,0,1.2727977168053313,40646.17647058824,0.388041108688882,0.2126865671641791,0.36945915083566905,0.32339560889624336,0.26492537313432835
22013,56617384.35513236,-1.8889263316788139,0.9941357636712318,0.9873561866283181,0,0,-0.9911311087318071,13554.882352941177,0.48302709436312674,0.06835142469470827,0.1386899200664383,0.23002281304142444,0.12381275440976934
49033,1730284.35424408,1.851342740457211,1.4477884335523317,0.8926797897222846,0,0,-0.11891061235510123,2407.176470588235,0.10401744004982871,0.4497964721845319,0.2650264715042043,0.27294679457952165,0.09430122116689281
46129,10568626.036252568,0.16824256073208232,2.9767209703765007,0.4056403132261492,0.1840975187855694,0,-0.705474439281394,5400.705882352941,0.25755216443475554,0.7364040609486726,0.40683068618291296,0.46692897052211374,0.716078697421981
17103,34655710.626797296,-2.8296188927054935,1.1022015916751977,0.9161143054874121,0.1015089755393043,0,0.9241924169154844,34740.58823529412,0.40454687013391466,0.43756452298536463,0.3223294923699782,0.38814696182975245,0.25135685210312075
17149,7940370.365995131,0.9792796523101543,1.546988779485241,0.8509164019924857,0,0,1.1836212180270977,15576.411764705883,0.22360635316100902,0.3933175033921303,0.3736115436520295,0.33017846673505624,0.12686567164179105
48493,11793830.213544475,-0.27178756505650803,2.025927367797028,0.8059451892678646,0.1548525696907384,0,2.4914647407461143,48002.41176470588,0.27032077234506385,0.6508856700284331,0.4479393750648811,0.45638193914612596,0.3585481682496608
20053,27583716.752332054,1.1635592884806591,1.5791796430560867,0.6007920841895031,0.00799327561163226,0,-1.4190039632434746,6353.058823529412,0.37215820616630335,0.6298918506393157,0.30821135679435274,0.4367538045333239,0.4423337856173677
08057,17932822.643206745,-1.1908042538657515,2.0514343135936044,0.4355095598917737,0.014204229682907518,0,-3.323398500158457,1358.235294117647,0.31610090314543754,0.36666582826439853,0.29481988996159036,0.3258622071238088,0.5922659430122117
19109,5509728.014774105,0.6193072467674323,2.870465908150149,0.35716103976748725,0.12468564923106343,0,1.4960727587358609,15040.470588235294,0.1921519775770788,0.7748730160456598,0.5612996989515208,0.5094415641914197,0.6238127544097694
28007,43211360.813341394,1.532595956643851,1.6219497609248779,0.8591384849209784,0.001467194148623706,0,-0.24780597503585058,18529,0.436935534101526,0.5926424309496424,0.2737464964185612,0.43444148715657654,0.29782903663500676
31121,17149831.605626967,-3.7769718612864125,1.8522486289661038,0.7387778778291743,0,0,-0.6374401461301564,7778.235294117647,0.3095608844596699,0.01797829036635007,0.30115228900654,0.20956382127752002,0.296472184531886
13025,3518008.8581336373,-0.7293467295166138,1.5800465331585563,0.7782319512324063,0.4477540615010741,0,2.2521103269248686,18427.764705882353,0.1504204297726565,0.6281566978371034,0.4534412955465587,0.41067280771877285,0.2947761194029851
21071,279432515.20892423,0.5093416787758152,1.8981867304105833,0.7400888687827633,0.0031575491647428083,0,-1.0574546663202928,37252.294117647056,0.6929305512301464,0.524320123739111,0.2744731651614243,0.49724128004356055,0.5139077340569878
24045,553125840.3738734,-1.2804033621684958,2.3996607794791327,0.7421154744795364,0.0139439653672415,0,-0.2155469497169843,102015,0.7658050451572719,0.35616846537942465,0.32886951105574586,0.48361434053081415,0.6105834464043419
51167,66540731.95066144,-2.4927827437943932,0.9886274303138574,0.9847162589739397,0,0,-0.09445576822796478,27272.882352941175,0.505138586110246,0.044945725915875166,0.20139105159348072,0.25049178787320064,0.10617367706919946
51083,15562745.59729305,0.9939983209318086,1.2758999308147563,0.8422476144784309,0.02527098127663614,0,1.728708781973238,34831,0.2999065711616319,0.6894279286750797,0.40548115851759575,0.46493855278476914,0.21438263229308005
16013,51407976.76293479,-0.3047146472552509,2.519729953821926,0.6510640170351444,0.10175678250332028,0.054308710262691066,-0.11393016197709722,22704.176470588234,0.4680784802242292,0.6205647387040023,0.6937610297934186,0.5941347495738833,0.7913839891451832
30093,234994925.95107335,-0.7892714344987581,3.4247415535441412,0.44567433282976393,0.1298035249788618,0.08643650375469059,-0.9836688045534986,34884.117647058825,0.6714419184054812,0.5699492608011137,0.7041420118343195,0.6485110636803048,0.9474219810040706
20021,109011266.06569822,-0.1280452243621042,1.630440061535655,0.48850872289634656,0.01657350646899384,0,-1.0320580311950998,20339.41176470588,0.5789473684210527,0.5081387333690448,0.3628153223294924,0.4833004747065299,0.569538670284939
29153,290839.90343114076,-2.693425385066128,1.7605106048884618,0.7505753765844885,0,0,3.70631283278398,9277.529411764706,0.03612581750233572,0.03850067842605156,0.4918509290978927,0.1888258083420933,0.11194029850746269
47113,82746900.17172495,0.16830274180724736,2.6348951820330173,0.3958979656834025,0.05380979344383758,0,1.6281021132248212,98299.70588235294,0.5372158206166303,0.6569143488242881,0.5592235025433406,0.584451223994753,0.6746947082767978
24015,1611001465.9199398,0.5055838132533736,2.958876683927534,0.4251062181003545,0.0018331636522807902,0.00484625148032952,-1.273338930740413,102775,0.8582995951417004,0.5082802420761922,0.65161424270736,0.6727313599750842,0.903663500678426
01029,21483551.157928277,-2.109895364185318,1.6569215820158083,0.6890368723247944,0,0,0.13907232005164624,15078,0.3388352538150109,0.059871099050203526,0.3742344025744835,0.2576469184798993,0.27578018995929443
26091,30755495.662534125,-2.3367405553187375,2.9553819074905716,0.6685128780312857,0.006869358346742357,0.010908770895154702,2.626743806645674,98881,0.3861725319215198,0.2636460165922075,0.8084708813453753,0.4860964766197009,0.675033921302578
28027,128420593.56116323,-1.9678527433283097,1.3306896831502453,0.9140795340816509,0.36053030324078916,0,-0.9777590966475188,23492.941176470587,0.6010588601681719,0.528722755325214,0.1956815114709852,0.441821042321457,0.4226594301221167
40069,27382117.19400769,-0.7372880280605472,1.9995582164233006,0.7420219647868113,0.036096620065927273,0.10651804132276928,-0.6098568557864121,10790.882352941177,0.37091248832139523,0.47767085505248397,0.6281532232949237,0.4922455222229343,0.6668928086838535
13241,31907283.988394607,-0.5332308087565067,2.478589660846997,0.4133946396861254,0.2691302837660262,0,-0.10332291594179724,16683.58823529412,0.3914668327623793,0.6374116391987956,0.4461746081179279,0.4916843600263676,0.6919945725915875
51137,41441391.35969733,-0.6862814275991784,2.229044924991268,0.7003618838422676,0,0.014224095441454341,0.7867532767336256,35703.470588235294,0.43070694487698535,0.1619742198100407,0.717637288487491,0.43677281772483906,0.5410447761194029
28067,122346019.47295307,-2.029289458366396,1.8751481567991235,0.7390171757831018,0.02000916395414938,0,0.671916540896985,67669.88235294117,0.5954531298660853,0.3378071158146234,0.39042873455828925,0.44122966007966596,0.4562415196743555
54049,1915628366.9516377,0.06500330247507691,1.848984361543764,0.43469776434430196,6.338456211862815e-4,0.009778674035173638,-2.3569611703001185,56317.76470588235,0.8673310495172843,0.42916497853237,0.6175646216132046,0.6380202165542864,0.8259837177747625
27099,84597174.28906195,-3.892664784123868,0.5117906899138078,0.9699572010796566,0,0,0.2343523647263237,39716.529411764706,0.5406415446901277,0.01594301221166893,0.23512924322640924,0.2639046000427353,0.08683853459972862
20151,1932846.210493335,-4.708483184707499,1.452825176166785,0.9177236991815744,0,0,1.8419194260551643,9460.64705882353,0.11180317658050451,0.009328358208955223,0.36810962317035195,0.1630803859866039,0.05189959294436906
31157,172728908.80204666,-0.7887717627930648,1.6599818371309576,0.7893177925567962,0.010436436332740138,0,-0.6158514593168819,36294.23529411765,0.6384303955154158,0.3845811251630352,0.2797674660022838,0.43425966222691154,0.4443690637720488
35003,65398514.742057815,1.369487337598061,2.0076799930160707,0.5663370868036831,0.016228949521482218,0,-3.1248472235300553,3640.9411764705883,0.5026471504204297,0.6838667157925077,0.2605626492266168,0.48235883847985145,0.6065128900949797
48457,14911456.64479135,-0.548927445988177,2.2855721871742483,0.46265503646032335,0.46913921776870354,0,1.0183377205690989,21176.941176470587,0.2958579881656805,0.6534046156537408,0.5063843039551542,0.48521563592485845,0.5898914518317503
38067,598964544.3185351,-0.20178514170730466,2.073983963992994,0.5229168417789591,0.39420437206420533,8.83936945517323e-6,-4.345497476041593,7021.823529411765,0.7735907816879477,0.7008134314762496,0.4971452299387522,0.6571831477009832,0.8805970149253731
22077,181856310.08298138,-0.2190108723540387,2.355253938530546,0.44833831156603543,0.004713323466690328,0,-1.441138105880528,21767.235294117647,0.6462161320460915,0.4243856324136287,0.3505657635212291,0.4737225093269832,0.6858887381275441
46027,5239980.307129211,0.1330102810850402,2.110085143748762,0.6911483170179855,0,0,1.4713410205399373,14314,0.18748053565867331,0.29579375848032563,0.45790511782414617,0.3137264706543817,0.2466078697421981
05003,12417794.218714144,-0.5638822807486328,2.5869052886123174,0.49109665419703674,0.18059958811992677,0,1.1360591247211238,20283,0.2749922142634693,0.6129513663237828,0.5059690646735181,0.46463754842025673,0.5973541383989145
05071,48395158.06989205,-0.8559954148242426,1.9067340785709006,0.6877565386114634,0.10982152478596703,0,0.15001103825860876,25972.41176470588,0.456555590158829,0.5544939947738081,0.37568774006020966,0.4622457749976156,0.5149253731343284
48331,2759646.4610207966,-1.5720289267826963,2.252150630659621,0.6041511153089469,0.3424228328335525,0,2.950297870053337,24896.882352941175,0.13080037371535347,0.5443656421844141,0.5387729679227654,0.4046463279408443,0.44301221166892807
20015,414142728.6266312,1.8177526759366618,1.2131226769771033,0.8607322762651244,0,0.015586880057083767,-0.568595211929157,66730.64705882352,0.7396449704142012,0.44827001356852103,0.5560053981106612,0.5813067940311277,0.46573948439620083
27045,6664300.609919446,0.435243971878597,2.2552836406838925,0.7206629489267166,0.006177297170223461,0,1.814289684871718,21045.647058823528,0.20710059171597633,0.5424137510661304,0.4628879892037787,0.4041341106619618,0.3368385345997286
17023,2431884.242735524,-1.341696176056125,1.904060859285889,0.7391766682299662,0,0,2.3899783581842944,15815.588235294117,0.12083463095608844,0.09989823609226595,0.47461849890999686,0.23178378865278373,0.16994572591587517
27167,50297257.471011415,0.04343342978283893,2.31114261909227,0.9527586135496001,0,0,-2.002880285234293,6424.176470588235,0.4627841793833697,0.2771370420624152,0.1176165265234091,0.28584591598973136,0.32971506105834464
35051,74277350.63266684,1.7396871434513201,2.3602414791138426,0.539642675031726,0.01731772331705744,0,-1.513651914485656,11483.235294117647,0.5210214886328247,0.7077186938327129,0.32097996470466106,0.5165733823900661,0.6506105834464043
51169,3129205.8263744256,-3.359923226776422,1.6604297849971545,0.8067914040369093,0.060838636333055626,0,2.652594508268774,22222,0.14201183431952663,0.3923232036211727,0.45136509913837847,0.32856671235969254,0.24423337856173677
46031,17676450.256097574,0.6040253809269842,2.975068111183304,0.31651548244153627,0.1059244853601234,0,-1.6660621210641786,4021.6470588235293,0.3139208969168483,0.762314089961923,0.37350773383162045,0.48324757357013054,0.7645861601085482
39065,85655228.66636443,-0.49299369197253107,1.6011975748831835,0.9812074392402945,0,0,-0.1360176515686252,31351.823529411766,0.543132980379944,0.18995929443690637,0.20139105159348072,0.311494442136777,0.19097693351424694
48419,35810250.79007087,-0.8178824202843877,1.4047342572083097,0.8638945991430736,0,0,0.401434893875621,25132.70588235294,0.4095297415135472,0.14789687924016282,0.3146475656597114,0.2906913954711405,0.18385345997286295
51183,150030101.2884025,-1.297654485709323,0.26797942583635553,0.9873621170183711,0.1874818613049677,0,-2.221379708431108,11447.64705882353,0.6231703519152911,0.5411713295428486,0.0805564206373923,0.414966034031844,0.3066485753052917
16061,39120996.570560396,2.5626523794096965,1.496385111992678,0.3901577811752788,0.1518895808484703,0,-2.5548899470478674,3778.470588235294,0.42447835565244474,0.8970003553012855,0.3240942593169314,0.5485243234235538,0.6227951153324288
45077,384334272.13271964,-0.5244117087730835,2.1386352307144283,0.8663008291366918,0.041004157316600585,7.48539172758302e-4,0.45922212390468364,125261.05882352941,0.7296792276549362,0.5188724350555476,0.5758330738087823,0.6081282455064221,0.6706241519674355
28093,31324113.23210145,1.035434118744682,1.7356263827767608,0.7776157883877579,0.6952928229742864,0,1.0629302010565402,35615.94117647059,0.38959825599501713,0.8833990912625794,0.4006020969583723,0.557866481405323,0.41926729986431477
19027,92725197.32327777,-0.6079526240934339,0.8162973244743824,0.8632218378493008,0.7083883197183064,0,-0.8551423562052562,20543.41176470588,0.5559015882902523,0.6547643001969565,0.2311844700508668,0.4806167861793585,0.3853459972862958
51079,90702773.44080742,-3.879058447746713,0.97262399483871,0.9883009953551422,0,0,-0.9023352470220437,19624.70588235294,0.5518530052943008,0.016112618724559023,0.14170040485829957,0.23655534295905314,0.13975576662143827
51051,30958651.859728523,1.745238326907165,2.3943278952941207,0.49574000707045696,0.2513300284811408,0.11638758009624475,-0.24815534922290686,14861.764705882353,0.38772967922765494,0.8949290485085957,0.7394373507733832,0.6740320261698779,0.8147896879240163
31069,1893099.1329287144,-2.2664375265522168,2.466442875763131,0.4392605150847416,0,0,-0.5538766873284842,1916.4705882352941,0.11055745873559639,0.053256445047489824,0.4052735388767778,0.18969581421995466,0.4155359565807327
42061,79163166.10360587,1.4946579658963195,1.8819348959677604,0.6074046072380486,0.027307787446431708,0.0016370105233210633,0.49249548061061554,45081,0.5306758019308626,0.7315609282789912,0.6977058029689608,0.6533141777262715,0.6726594301221167
21215,16540645.650580246,1.6814111959628413,1.8401881812890035,0.8096259064592435,0.9488864817517377,7.291987779230643e-4,0.7166225287486357,18579.823529411766,0.30613516038617256,0.9321102630407808,0.6190179590989308,0.6190877941752947,0.5702170963364993
30039,9445027.32019824,-1.4760059413762772,2.3498509165427444,0.35683650347839824,0.11338119271274992,0,-1.3586605405094028,3256.6470588235293,0.2457178449081283,0.5020595238418946,0.378282985570435,0.37535345144015264,0.6699457259158752
47045,99410613.79851055,0.8100402411977701,1.9249677586221625,0.6800570654433127,0,0,-0.016186273349484775,37443.94117647059,0.5658673310495173,0.378561736770692,0.3670715249662618,0.43716686426215695,0.3887381275440977
56009,14497277.08272249,-0.9579175169735947,1.9265057083365784,0.7000511378773824,0.03831650603262146,0,0.40667447092465603,13876.117647058823,0.29243226409218315,0.4631578851959912,0.3876258694072459,0.38107200623180676,0.41078697421981003
16073,175083165.45001307,-1.0733051976337276,1.2305929381382017,0.9086339901959304,0.011417202217026096,0,-2.3323458024976107,11781.117647058823,0.6399875428215509,0.3611207036415663,0.13754801204193914,0.3795520861683521,0.3683853459972863
30095,120810028.5597811,-2.7945435729003254,0.604404830582485,0.9205210788393798,0.1366042440253735,0,-2.3280026974026877,9246.235294117647,0.592338835253815,0.45644602184921634,0.1300737049724904,0.39295285402517394,0.3605834464043419
17155,4472235.271249087,-1.0019987289816514,1.1986011163057564,0.987359095681088,0,0,0.25602313311147645,5775.294117647059,0.1700404858299595,0.13127544097693353,0.22090729783037474,0.1740744082124226,0.042401628222523746
51091,306868.1407220997,NA,1.6429025912710056,0.9820021413559248,NA,0,1.5184908331645093,2264.8823529411766,0.03674867642478979,NA,0.3064465898473996,NA,NA
37041,41668299.20234787,-1.4651717245907836,1.722022304108556,0.8498406772067179,0,0,-0.6052822456967338,14283.764705882353,0.4322640921831205,0.09175712347354138,0.2528807225163501,0.2589673127243373,0.2645861601085482
31179,26008683.757263348,3.0830851790931018,1.0413859511971129,0.999417579684267,3.358468882344951e-4,0,-0.7435880814472594,9548.117647058823,0.3640610401744005,0.6207497536910094,0.1340184781480328,0.37294309067114756,0.11465400271370421
51029,14416623.579430655,-0.9323330408807724,2.192593347622702,0.9823745084275,0,0.1774741516619268,0.7226520274351185,17034.70588235294,0.291497975708502,0.13738127544097695,0.5874597736945915,0.33877967494802347,0.3449796472184532
01027,23468597.10201112,-1.5660544121903275,0.7371002660610431,0.9163189353743865,0,0,-0.0893132312081801,13745.764705882353,0.3506695733416381,0.08412483039348712,0.2536073912592131,0.2294672649981128,0.08853459972862958
29017,1734463.7083504142,NA,1.0443083696461595,0.928717527050343,NA,0,2.2862471319155606,11812.529411764706,0.10432886951105574,NA,0.3772448873663448,NA,NA
21163,212008101.96664506,-0.43622043850190195,1.7374116784727476,0.8568003909037123,0.0029575325876079416,0,-1.1541913752775665,29117.882352941175,0.6596075988788539,0.37679633350826486,0.21582061663033322,0.41740818300581733,0.42096336499321574
51678,71528314.88036458,-0.1177610905341524,0.28277549882484315,0.9876991589291324,0.00201467328393297,0,-2.173782190155877,7241.411764705882,0.5151043288695111,0.4161474237484467,0.08200975812311845,0.3377538369136921,0.17367706919945725
13207,2684005.079964178,-1.1770876463588298,3.0167083271185224,0.3817192320529945,0.10426798573785073,0,3.1320280576994484,27562.352941176472,0.12830893802553722,0.5214858708824252,0.6042769646008512,0.41802392450293785,0.583785617367707
46021,2406258.077136931,-2.3111885937978265,0.44699176842647886,0.9917502351782292,0,0,-1.2744153026561127,1395,0.12021177203363438,0.05223880597014925,0.1147098515519568,0.09572014318524681,0.028493894165535955
45087,39353989.88918698,1.8481806301863237,0.8321708771520544,0.8969933569336702,0,0,0.457427114517845,27757.647058823528,0.42572407349735286,0.4496268656716418,0.30156752828817607,0.39230615581905687,0.1112618724559023
48325,169949149.23792496,-4.106468987990263,0.852092501101416,0.9731514306347261,0,0,-0.12683410188712374,49602.35294117647,0.6368732482092806,0.013738127544097693,0.2086577390221115,0.2864230382584966,0.14382632293080055
55065,1941794.970090432,1.7612627244425187,0.7488664499004344,0.9204631723208507,0,0,2.707593458905032,16813,0.11211460604173155,0.44487788331071915,0.3936468389909686,0.3168797761144731,0.01797829036635007
48247,10348495.692699837,-0.6114930517057449,1.9444702741907345,0.6526815299680881,0,0,-0.7712214828779299,5099.705882352941,0.25568358766739335,0.17062415196743555,0.3259628360842936,0.25075685857304086,0.33242876526458615
72095,22365849.415812165,2.0252203961399076,1.2483712321953975,0.9518552270084353,0,0,-0.3326188682600875,11338.2,0.3453752725007786,0.45573270013568523,0.21042250596906467,0.33717682620184286,0.11431478968792401
31049,345549.3331331442,NA,1.1798342336526768,0.989497722217208,NA,0,1.1298594430877857,1894.9411764705883,0.04110868888196823,NA,0.2767569812104225,NA,NA
30075,16678030.586073661,-0.9705318588140859,1.1140184345228166,0.8978938522779681,0,0,-2.879494943758991,1735.9411764705883,0.30706944876985365,0.13381953867028493,0.12768607910308316,0.18952502218107392,0.1824966078697422
17047,595350.6917456739,NA,0.9841065804657652,0.8402767773614466,NA,0,2.437329198599126,6439.705882352941,0.05605730302086578,NA,0.43070694487698535,NA,NA
31107,57213067.11316974,1.8894381984838962,1.5779614458420506,0.7694523029807101,0.00182271701737517,0,-1.7111061438452735,8482.176470588236,0.48427281220803486,0.6161551959640674,0.22775874597736945,0.44272891804982395,0.39077340569877883
13119,18325633.929888632,-0.44530465662786156,0.9576256177702986,0.9977015401131413,0.004201571511978794,0,0.9316758968312131,22916.882352941175,0.3192151977577079,0.3866311320062105,0.252154053773487,0.31933346117913514,0.07327001356852103
48317,72630.91931141721,NA,0.9401565522509028,1,NA,0,4.227869370361928,5235.882352941177,0.011834319526627219,NA,0.3258590262638846,NA,NA
21039,2129522.773622235,NA,0.5133935176163336,0.9645806204837254,NA,0,0.7437993785090702,4882.35294117647,0.1155403301152289,NA,0.27343506695733416,NA,NA
48255,16157271.637776384,-0.4600632744469877,0.6939925092675481,0.9919978908311435,0,0,0.4254946401359717,15093,0.30364372469635625,0.19504748982360923,0.2263054084916433,0.24166554100386958,0.03561736770691994
18139,29611526.569521174,3.761703120891447,0.4401831389734629,0.9914145674546005,0,0.0636901457425096,-0.00798201741236128,16913,0.3799439426969791,0.4860922659430122,0.5223710162981418,0.46280240831271097,0.19335142469470828
48009,27332507.177652173,-4.298424288849429,0.9276679218447141,0.9484577329001331,1,0,-0.9080201627265986,8850.764705882353,0.3706010588601682,0.5065310403711086,0.17429668846672897,0.3504762625660019,0.29172320217096337
28147,22867121.73413594,-3.8696793578594573,0.11910114885673075,0.9918762694411533,1,0,0.02813302148299132,14602.235294117647,0.3472438492681408,0.510771203193361,0.1992110453648915,0.3524086992754644,0.17740841248303935
46115,5335809.712873354,2.206078302222622,0.9081960373706699,0.9341314805935206,0.08309905443081621,0,0.24413181670934317,6439.058823529412,0.18903768296480847,0.8526227035708686,0.26191217689193397,0.43452418780920365,0.17333785617367706
72029,1510136.6264227415,-0.9734423707243565,1.8738533715862138,0.6579667407450563,0.8960188404564303,0,4.501275401655278,46578.8,0.09592027405792589,0.6232906790514543,0.5362815322329492,0.4184974951141098,0.35549525101763907
13263,6145193.873857135,4.2003563665459875,1.435338424333105,0.8920545198912043,0.04481338158551899,0,0.0761475305616538,6326.235294117647,0.2030520087200249,0.8325220091925144,0.2777950794145126,0.43778969910901727,0.23846675712347354
29117,51710971.99769491,-2.8820823527511266,0.15376874586922124,0.9929609909850832,0,0,-0.7614244550889747,14859.29411764706,0.46963562753036436,0.03290366350067843,0.1448146994705699,0.21578466350053757,0.0641112618724559
37117,667833.738492897,0.5404637003129356,1.5335098486591725,0.8350816704938648,0,0,4.248738657258849,22993.41176470588,0.06135160386172532,0.34718453188602444,0.4602927436935534,0.28960962648043437,0.060719131614654004
19195,641147.8579023993,NA,0.6177396588000705,1,0,0,2.5867718317334902,7464.705882352941,0.05917159763313609,NA,0.30198276756981207,NA,NA
19063,81208764.49041349,-0.04565124029061529,0.09405039830920034,0.9999906652977091,0,0,-1.8636274614885668,9665.882352941177,0.5344129554655871,0.26119402985074625,0.07183639572303539,0.28914779367978954,0.08548168249660787
29185,260077.49151506252,1.4864036898770703,1.890219615595583,0.6462032437127656,0,0,3.8606199965876056,9541.823529411764,0.031142946122703206,0.4294436906377205,0.534620575106405,0.3317357372889429,0.16078697421981003
72115,998691.8884119054,NA,1.3163914086123767,0.8866380974247591,0.26511220558805215,0,3.944955625175516,24541.6,0.07816879476798505,NA,0.43143361361984844,NA,NA
38039,42007034.974996954,1.152782918807036,1.111901071480184,0.9996203822497959,0,0,-3.3767379671299627,2301,0.4344440984117097,0.4095997286295794,0.03166199522474826,0.29190194075534576,0.13704206241519673
26117,5551959.302789852,-1.1350637923311062,1.7950311234002092,0.8333196449011631,0.3446168618492615,0,3.6948400589214154,64620.882352941175,0.19370912488321396,0.5801421930246744,0.4545832035710578,0.40947817382631535,0.2937584803256445
48269,3125824.697051123,NA,0.11999037055977657,1,0,0,-4.051561401904388,264.70588235294116,0.1417004048582996,NA,0.00903145437558393,NA,NA
42023,13461359.668682344,-3.45998764408367,1.0153605012951303,0.9996546476614684,0,0,-1.1501043520185437,4723.764705882353,0.2855808159451884,0.021879240162822253,0.1076507837641441,0.13837027995738493,0.06139755766621438
72143,1262225.957962238,-1.3332415553803045,2.0936581853569622,0.6807560644499555,0,0,4.38603622413634,38341.2,0.08751167860479601,0.10057666214382632,0.5267310287553203,0.23827312316798088,0.1960651289009498
29149,1017547.677235668,-1.510187823790032,1.2957327108468473,0.9068589391844939,1,0,2.5914409491824593,10159.882352941177,0.07910308315166614,0.5830235776845414,0.3996678085746912,0.3539314898036329,0.1855495251017639
20179,252598.89721023449,NA,0.6260965154668772,1,NA,0,1.8576711323359392,2491.8823529411766,0.030831516661476176,NA,0.2788331776186027,NA,NA
40045,940874.4397831163,2.8385580242584414,0.8293098289567618,1,1,0,1.240856060945251,3952.470588235294,0.07505450015571473,0.9695568205610678,0.24893594934080765,0.4311824233525301,0.0708955223880597
13043,203996.41283119933,NA,1.4272399066374244,0.962412092541493,NA,0,4.310661554556834,10941.470588235294,0.02678293366552476,NA,0.38544586317865664,NA,NA
20025,100620.67115211544,NA,1.1780556578167103,0.9999999999999999,NA,0,2.488616933145183,2058.0588235294117,0.014325755216443475,NA,0.310702792484169,NA,NA
29197,26711.204431073464,NA,0.11058467900881457,1,NA,0,4.943265363260777,4337.470588235294,0.005917159763313609,NA,0.33063427800269907,NA,NA
40025,2919698.4973638724,3.970352215580734,1.2715075464467416,0.9310147503446786,0,0,-0.7200853130462507,2286.294117647059,0.135783245094986,0.48829715061058343,0.20056057303020866,0.27488032291192604,0.08276797829036635
31005,992777.6124299244,NA,-0,1,NA,0,-2.103080303783758,449.52941176470586,0.07754593584553099,NA,0.04879061559223502,NA,NA
20093,4483.476507821026,NA,-0,1,NA,0,6.571234448574374,3910.823529411765,0.0018685767673621925,NA,0.3335409529741514,NA,NA
48383,15615.305427566736,NA,-0,1,NA,0,5.151557393265381,3491.1176470588234,0.004671441918405481,NA,0.3313609467455621,NA,NA
12091,31580095585.73611,-0.13683836726299958,3.1387106208663145,0.17806667543411472,0.025045825794961205,0.0062741513760192925,-3.2387851606400413,200338.41176470587,0.9735284957957022,0.5389973751211151,0.6373922973113256,0.716639389409381,0.9979647218453188
48141,31608992448.100655,-0.008680398478318807,2.9835303971676077,0.3062295251039392,0.03816015977422192,7.360665362352054e-5,-1.0775220195274278,835960.1764705882,0.9738399252569293,0.5974940609396088,0.6454894633032285,0.7389411498332555,0.9616689280868386
51610,5220232691.411938,-2.6609701529960184,1.0636783379204264,0.7141842842387189,0.03749201518640068,0.0031613039822023527,-5.504098228269214,13653.882352941177,0.9174711927748365,0.3653366207766052,0.46745562130177515,0.5834211449510723,0.755427408412483
27161,73640587.5849057,-2.5608952999245655,2.8661842184434394,0.251280400711522,0.005081252229817135,0,-0.7497633790188308,18914.117647058825,0.5197757707879166,0.23980162949145692,0.4365202948198899,0.39869923169975446,0.7333785617367707
01089,186584877279.88535,0.12084226255181107,2.697256998136989,0.3291622458363543,0.04069028620229384,0.013518083087164942,-4.106182569011264,365245,0.9978199937714107,0.6274284208398706,0.6177722412540226,0.7476735519551013,0.9918588873812755
51003,5007687549.979997,-1.0564653580687633,2.8928154395480385,0.511406533203831,0.04744749153249501,0.025194746100543067,-2.3509387451519554,106685.41176470589,0.9159140454687014,0.4732042103202334,0.6116474618498909,0.6669219058796085,0.9609905020352781
12086,19544498949.868088,-0.10526832340512016,3.649967410270481,0.14467132576248426,0.033348349157686266,0.004208792261432083,1.1464334471679023,2644761.411764706,0.9629398941139832,0.5661348703739455,0.8585072147825183,0.7958606597568156,0.9575983717774763
12011,11440876757.503794,0.05154093166934359,3.6016661723859027,0.20624434744193132,0.01699859750309233,0.001641902880416732,1.1684393305309657,1883834.294117647,0.9483027094363127,0.541530369649294,0.8377452507007163,0.7758594432621077,0.9362279511533242
44007,3513611673.7455525,0.6062228229666928,3.44798558037074,0.3095650490419082,0.0622034654110718,0.013966635344213154,0.7191418602801447,641756.4117647059,0.8994082840236687,0.7262445515182332,0.8288176061455413,0.8181568138958144,0.9589552238805971
37051,28267939575.33336,-0.10976477089246117,3.059385005615155,0.1253966253960578,0.022013623525687944,0.001410142501995066,-2.364772290178402,331713.4117647059,0.9713484895671131,0.5330635264196416,0.6374961071317347,0.7139693743728298,0.9898236092265943
42107,183473841.2493754,-0.346491452771037,3.1587710605293,0.2847537748171685,0.02749024165184361,0,1.4189068348658278,144881.70588235295,0.6474618498909996,0.5129277097841092,0.5712654417107859,0.5772183337952982,0.758819538670285
49021,289623340.4044032,0.0888223552946279,2.7154762386527387,0.3432875369128481,0.08339125025866234,0,-0.5770959237508264,52392.23529411765,0.699159140454687,0.6762215067856201,0.42863074846880517,0.6013371319030374,0.8049525101763908
48037,4240953244.949177,0.003545625132009178,3.0137289125033,0.33342980741224443,0.010523740347832424,0,-2.3971971455671235,92714.05882352941,0.9078168794767985,0.5056749636767882,0.3431952662721893,0.585562369808592,0.85719131614654
47147,56607178.6755838,-1.9083007587847831,2.5875478675536376,0.5471605892137241,0,0,1.5002454477558926,70295.35294117648,0.4827156649018997,0.06716417910447761,0.5102252673102875,0.3533683704388883,0.45827679782903663
18089,891321911.7895181,-0.8578017182408644,2.864391164540549,0.335050057673558,0.0201511491160262,0.002952263253433141,1.6931185728571745,493455.5882352941,0.8084708813453753,0.41988363882899227,0.8522786255579778,0.6935443819107818,0.8690637720488467
20185,38506976.86203787,1.3818658406858813,0.9809107699302237,0.8884077694887573,0.03543095107325676,0,-2.378949628692907,4200.117647058823,0.4229212083463096,0.7448297771481451,0.14689089587875012,0.4382139604577349,0.31886024423337855
42029,41221566387.66677,-1.8403388972048553,0.7601900282599773,0.8950925496397986,0.0035413303041356265,0.004373043907212907,-2.0588340894138124,520947.76470588235,0.9791342260977889,0.25493025852700424,0.437246963562753,0.5571038160625154,0.5895522388059702
02020,30210685654.46274,-0.0998873064234509,3.4108709002279087,0.19564249650103577,0.07617601386272627,1.7529403579289194e-4,-2.622237977125182,292386.5882352941,0.9725942074120212,0.6366247873403976,0.6037579154988061,0.7376589700837416,0.9996607869742198
06037,305876807161.9249,-0.1661528599821125,3.019829384975886,0.3723679809942583,0.04073052058228017,0.015294308289942571,0.39679219519236436,9920081.764705881,0.9990657116163189,0.573490943895933,0.7952870341534309,0.789281229888561,0.9525101763907734
51510,56417618077.89494,0.2119700278735479,2.785554110937851,0.15127057025434845,0.02249959545628293,0.0023916985041057557,-4.241265503203026,151568.70588235295,0.9841170974774214,0.5893520419400538,0.610505553825392,0.727991564414289,0.9888059701492538
06067,86299691121.19652,-0.1513382949563109,1.3057246724433171,0.8396546021806813,0.022090719664150257,7.998665861918628e-4,-1.1894595464955866,1507532.8823529412,0.990968545624416,0.5255956281627026,0.4806394684937196,0.6657345474269462,0.6824966078697422
26161,6738161899.227224,-0.18324485413870306,3.4836372398690365,0.31431022245160306,0.04456019613765248,0.07268322264951824,-0.8037491961390241,360768.23529411765,0.9289940828402367,0.5776190553880262,0.7467040382020139,0.7511057254767589,0.9908412483039348
53035,17410074444.59858,0.02834863614867089,3.019983863726642,0.15678087004483532,0.14626135940217624,6.67708437644617e-4,-2.2281494589327786,263566.82352941175,0.9598255995017129,0.6996122502807515,0.631267517907194,0.7635684558965528,0.9989823609226595
37063,27428365560.66445,0.5386519016875262,2.6754880919684596,0.5915977320019981,0.006794384163039181,0.004381032413680793,-2.4689662816352707,303538.5294117647,0.9704142011834319,0.5584351652196297,0.5544482508045261,0.6944325390691959,0.9026458616010855
36065,6657191325.3488455,1.056275811954606,2.6128442999702193,0.5232361401474903,0.0030542387138548155,0.09622780870444574,-1.4640269938880925,231364.82352941178,0.9283712239177826,0.5814931536523975,0.6550399667808574,0.7216347814503458,0.8975576662143826
09011,135298859530.96594,0.6818124358629483,0.5030870591023408,0.9717284965193538,8.316485950716419e-4,0.003425307053261038,-4.237990587399921,270731.9166666667,0.9956399875428216,0.5152912110970018,0.33738191632928477,0.6161043716563694,0.5193351424694709
28057,3181262.1237979145,0.6862338192043573,1.9363437697457089,0.7834390353993576,0,0,2.7263552276717915,23587.529411764706,0.14325755216443475,0.36533242876526456,0.4628879892037787,0.3238259900444927,0.1560379918588874
38035,1615298662.671816,-0.11686914756752742,2.7628808204146247,0.2549309215249241,0.04969246611967949,0.0017631811900288622,-1.8582028907454646,69956.70588235294,0.8586110246029275,0.5995193689051554,0.6446589847399564,0.7009297927493465,0.9586160108548168
13115,54055563.79968519,-1.6479478290203318,1.8925449434800057,0.7765256449692705,0.059282597139442735,0.004114834950310109,2.0418733868828864,97523.23529411765,0.475552787293678,0.44478633884684793,0.7297830374753452,0.5500407212052904,0.5800542740841248
34001,5371189575.994119,0.20210328859316817,2.765230771860721,0.20415154220687526,0.030150106369854244,6.104913515952421e-6,-1.0026071882133858,272337,0.9187169106197446,0.6120432860293178,0.6632409425931693,0.7313337130807439,0.9436906377204884
48121,3864702583.034282,-1.2245312889158697,2.7848728913079768,0.545664513117776,0.030642000886872023,0.0025067032527431735,0.9893036709471614,816995.5882352941,0.9050140143257552,0.42104550575597144,0.7558393023980069,0.6939662741599112,0.8646540027137042
46121,290926300.96940136,1.2829544379185513,2.8937255102260817,0.22248815013195244,0.04220850202277233,0,-3.1278204116511894,9741.882352941177,0.699781999377141,0.7539105800927952,0.3428838368109623,0.5988588054269662,0.8521031207598372
42055,9518112652.727476,0.6251974676486718,2.687644733410323,0.2568848600291887,0.008837706952657365,0,-2.44210067800422,153542.23529411765,0.941762690750545,0.5829996718901393,0.35606768400290667,0.626943348881197,0.8510854816824966
48273,1499860334.7988098,-0.7560143950871279,1.5627799471514325,0.6350364334985481,0.1522935408818449,0,-3.003675552434971,31251.29411764706,0.8530052943008408,0.5806789970714835,0.23928163604276964,0.5576553091383647,0.7008141112618724
55087,1132415792.1945813,-0.7903289814268426,2.0902198099206646,0.8577319770735569,0.014835354278870732,0,-0.0338105940683501,184677.11764705883,0.8308938025537216,0.4056179976415971,0.2893179694799128,0.5086099232250771,0.5254409769335142
40071,1153118595.9353793,-2.931820686465855,0.7952951494030476,0.9507560708716016,0.0022130677391909914,0,-2.1942601957811156,44842.117647058825,0.8333852382435378,0.20171788624739304,0.11211460604173155,0.3824059101775541,0.3314111261872456
27109,772598097.3495514,-0.10305072673938298,2.2665622408505097,0.8357896203023585,0.0060679259358742965,0.004423729069143829,0.07345271969241277,153985.23529411765,0.7941451261289318,0.4552490326650588,0.5902626388456348,0.6132189325465417,0.6960651289009498
29183,4025866930.892252,-2.2067452424555114,3.046373878306315,0.560009226706388,0.01178410599050539,2.7612496743607633e-4,-0.17699584753660277,388402.17647058825,0.9056368732482093,0.2951098941437828,0.6475656597114087,0.6161041423678002,0.8772048846675712
13063,1223313003.0245435,-0.5254747717478558,3.3608773920212105,0.2830745368722395,0.005768345543944894,8.206889610943515e-5,0.5164350718764649,279548.29411764705,0.8383681096231703,0.38693930148854927,0.75760406934496,0.6609704934855599,0.8921302578018996
12089,428322526.3317877,-0.466491013350133,2.18579308999278,0.6909353342064014,0.006006734402420766,0.01370987304665935,-0.2594106428226015,83695.82352941176,0.7433821239489256,0.398775275562432,0.650368524862452,0.5975086414579365,0.751696065128901
41017,805679856.3592876,0.5494077156790418,2.3037599556716564,0.18425402180053552,0.34900557726876863,0.006381497286404062,0.2828762693794482,181803.58823529413,0.7978822796636562,0.8106296265076511,0.8052527769126959,0.8045882276946678,0.9192672998643148
13113,725071162.1384181,0.01629142469460021,2.6843645905196163,0.38554039641950666,0.025888964244749055,0.0137941241978995,-0.3305964487530999,113063.4705882353,0.7879165369043911,0.5703302806426965,0.7399563998754282,0.6994010724741719,0.8992537313432836
37105,23622382.88168358,0.11720334475918293,2.697397462711048,0.6540318484799167,0.018114959982559485,0.012462079270915343,2.1631317832123425,61145.705882352944,0.35284957957022733,0.5597723035396891,0.8021384823004256,0.571586788470114,0.671302578018996
51155,125780169.35043177,1.1500654540414104,2.3257051895527554,0.7807095605884277,0.01723971721705474,0.2397174365917639,-0.38557208350663386,34268.882352941175,0.5976331360946746,0.6727849638671282,0.6302294197031039,0.6335491732216355,0.7282903663500678
36083,327023436.75893205,-0.5616970952671103,3.358852788294138,0.4263426526708715,0.012594321814382251,0.12795289999280074,0.98745372664390485,159607.23529411765,0.7116163189037683,0.4220800261762784,0.8437662202844388,0.6591541884548285,0.8782225237449118
54011,582968143.3745937,-0.2772015441454805,3.138913331052939,0.26554363615748167,0.02249717219421015,0,-0.38044100838858647,94716.76470588235,0.7714107754593584,0.5055690304172342,0.456867019620056,0.5779489418322162,0.8246268656716418
23019,1802329252.3109422,-0.9038510561221251,2.692145307356485,0.6280759769184185,0.0023175283907000783,0.007364583266811151,-0.7798789177507772,153350.11764705883,0.8626596075988788,0.31243706318108855,0.6295027509602408,0.6015331405800693,0.844640434192673
24035,4551121307.746965,0.4022324766476011,1.8405786714229868,0.9560361221303083,1.1743541777764216e-4,4.219626623435454e-4,-3.4135522251371917,49632.23529411765,0.912488321395204,0.4680437310623055,0.33053046818229004,0.5703541735465999,0.6322930800542741
35035,4721021151.858206,0.5462087327595917,2.7434833991685847,0.3345430784720743,0.03628420898181358,3.3757727482709043e-4,-3.0112687001721175,66330.4705882353,0.9146683276237932,0.6713484635485354,0.5756254541679643,0.720547415113431,0.9545454545454546
51063,127879493.22758523,-5.62923594707425,1.8298079045748497,0.8495163793987207,0.3942510520349813,0.05164138905633768,-1.600425026883435,15525.882352941177,0.6007474307069449,0.4720116397426241,0.5188414824042354,0.5305335176179349,0.7415196743554953
26147,742401778.8147497,-1.3830264061005764,2.857090914126007,0.48284885412658923,7.64246475603433e-6,0,0.17828719525295494,160738.76470588235,0.7900965431329804,0.22927945443125056,0.4442022215301568,0.4878594063647959,0.7086160108548168
53075,251559291.30357513,1.0944575565271357,2.350693285745444,0.8422066085708076,0.038725617374581356,0.005207708117498666,-0.5989236116720004,47051.41176470588,0.6810962317035192,0.7348544896214864,0.5439634589432161,0.6533047267560739,0.739145183175034
36009,2329097652.196903,0.5000467043791907,1.7416282171113318,0.9115129512614618,0.5117455271505125,0,-2.0610038123955032,77919.64705882352,0.8804110868888196,0.8173880551695885,0.1448146994705699,0.6142046138429926,0.6099050203527816
54019,85121899.2301484,0.3719975981727419,3.1367623383670717,0.3174968662139559,0.006479213286964367,0,0.35913687094319147,43306.35294117647,0.5415758330738087,0.5374404394496818,0.49963666562856845,0.5262176460506863,0.7140434192672999
06027,343359633.1139894,-0.1265467779809093,2.3273342516063886,0.28311835503098204,0.014564081515015643,0,-2.3332581891402104,18373.235294117647,0.7178449081283089,0.5011299170027074,0.3545105366967715,0.5244951206092626,0.7747625508819539
46029,44946840.353045374,-0.6437427930327484,3.3244655498429436,0.374625629137771,0.18386974549737808,0,0.33842288897357076,28013.352941176472,0.4437869822485207,0.6024201274552724,0.484895671130489,0.5103675936114274,0.7649253731343284
47005,16527899.459989116,-1.2877182271536398,1.141177662243372,0.9271769967567944,0,0,0.5111949406332194,16213.411764705883,0.3058237309249455,0.10481682496607869,0.2873455828921416,0.23266204626105527,0.08717774762550883
36025,82817548.60272217,-1.3250610681324915,1.055621561051059,0.8229099920005435,0.030079367010972934,0,0.4740422032015868,45882.58823529412,0.5375272500778574,0.40953832132831924,0.339873352019101,0.42897964114175924,0.31512890094979645
17121,20869351.123772614,0.21041493873879702,1.8472084523709054,0.8637783789979502,0,0,1.5712341392972575,38103.882352941175,0.33447524135783246,0.3044436906377205,0.3872106301256099,0.3420431873737209,0.18487109905020352
21009,45441663.66819304,-1.4924420124362943,2.0193650887025605,0.5224390509360163,0.1916434502574251,7.448929411680155e-4,0.9968014085813778,43593.705882352944,0.4456555590158829,0.5279237806232093,0.7476383265856951,0.573739222074929,0.7181139755766621
37017,158628686.15231526,1.5879742482620216,1.6833227709805125,0.7967009513120193,7.640958705672831e-4,0.001992405538539904,-0.6821997083041678,32837.05882352941,0.6287760822173778,0.5846733040934877,0.54354821966158,0.5856658686574818,0.576662143826323
17021,4364215.141873545,-1.0777917862691773,0.9288194683957766,0.9479467391191757,0.15644803549334624,0,2.9532821482388303,33768.94117647059,0.16723762067891623,0.5519972554788455,0.3774525070071629,0.36556246105497486,0.11702849389416553
53039,4331035867.69954,0.40600363214535307,1.3511260341377018,0.9647296066212465,3.881773895831887e-4,0.024587794924028704,-4.614131886661798,21729.176470588234,0.9090625973217066,0.4770695846691121,0.3752725007785737,0.5871348942564641,0.5959972862957937
49057,12153590437.203033,3.172370843954237,0.9992006189957671,0.8713140901961184,0.004694995901033731,0.005828419987239787,-1.9529993081997492,249292.29411764705,0.951105574587356,0.6742212375905134,0.46008512405273533,0.6951373120768682,0.6160108548168249
51019,339827439.27667713,1.1468609446891058,1.7081298259290367,0.8319482250731428,0.004614013022746794,0.031225515387562384,-0.15083501789539314,77170.11764705883,0.7172220492058549,0.6009720707810918,0.6092598359804837,0.6424846519891435,0.614314789687924
51735,75202028.71026929,0.13429039764794481,2.4657694031063384,0.9763789357800875,9.537105959721725e-4,8.625472272604916e-4,-1.4277718481301989,12253.411764705883,0.524135783245095,0.4481035793885374,0.38274680784802245,0.4516620568272183,0.5563093622795116
18071,246037249.9108685,-5.38725204778504,0.4492055327760378,0.9847479602273576,0.18096219193659718,0,-0.6690126088601314,44268.23529411765,0.6786047960137029,0.4411373629212292,0.16132046091560262,0.4270208732835116,0.298168249660787
22003,198820705.31374735,0.6791968510979274,1.2549268454112723,0.818392545535472,0.005836815297905858,0,-1.3363867856619394,24743,0.6527561507318592,0.5670536006431679,0.22339873352019102,0.48106949496507273,0.3860244233378562
48001,409525747.5963309,3.998542090084438,0.33086540357707556,0.9611990043437751,0.05727852303779119,0,-0.7660048889555242,58138.41176470588,0.737776393646839,0.8515314210510574,0.17585383577286415,0.5883872168235869,0.3039348710990502
55063,9639963746.54902,2.925526386346114,1.3823790156483218,0.958890044471821,0.0014023442409781908,0,-2.8581103044373117,117627,0.942385549672999,0.6362495456766087,0.08792691788643207,0.55552067107868,0.4185888738127544
05013,3441885332.3082633,-0.5754561547754165,0.31897468848581995,0.9637295740390323,0,0,-6.57853910449931,5098.411764705882,0.8990968545624416,0.17639077340569878,0.05844492889027302,0.3779775189528045,0.2669606512890095
06035,1102199155.6766775,-0.4772954035613246,2.971008919441738,0.20274522282574875,0.15501097600415922,0,-2.6632599136328863,31926.470588235294,0.8277795079414513,0.621032317914889,0.3572095920274058,0.602007139294582,0.9067164179104478
17001,158839349.59131944,-0.8500078525844916,2.4275507417227784,0.44879210047307566,0.19415449099990192,0,0.3752843744082862,66097.11764705883,0.6293989411398319,0.5845593267040639,0.4675594311221842,0.56050589965536,0.7255766621438263
18109,128491201.180143,-0.6452057006619221,1.4767107210335608,0.9117550893800166,0.041876735179941796,0,0.6828228835390759,70402.35294117648,0.601370289629399,0.5007062972620954,0.30841897643517074,0.47016518777555505,0.3415875169606513
29015,64815729.13151262,-0.08931070361901661,2.539832757843941,0.2976040043481968,0.07304879380839946,0,-0.5861507134853727,19368.941176470587,0.5004671441918406,0.6353278696696876,0.43672791446070797,0.5241743094407454,0.7455902306648575
35005,973340057.46115,0.38036907123528607,1.7321238498156741,0.6804135813175045,0.037695273276958007,0,-1.4624562121733795,65018.58823529412,0.815010900031143,0.6565379741844612,0.2746807848022423,0.5820765530059488,0.6278833107191316
37193,54329917.17032393,-0.2258483048040123,2.332091407371135,0.5828312277422375,0,0,1.4894005469539573,67925.4705882353,0.4764870756773591,0.2298168249660787,0.49963666562856845,0.4019801887573354,0.4077340569877883
05031,176152494.94900697,-1.96878259135452,2.431666536849218,0.5333072441893202,0.04212153648974536,3.2836372327595657e-4,0.9776091682967875,105366.23529411765,0.640921831205232,0.40029402994138436,0.7341430499325238,0.5917863036930467,0.7784938941655359
49009,52558880.78258559,1.0528023876896047,2.3710513670692492,0.4129857464560918,0.0028624336981655095,0,-4.806873046069619,1037.1764705882354,0.4702584864528184,0.5798205411274834,0.2885913007370497,0.4462234427724505,0.6723202170963365
48361,316829239.1851594,1.6286363066139646,1.3457376195816546,0.8175324174641869,1.8616351864565435e-4,0,0.04374334843977443,83786.58823529411,0.708502024291498,0.5755299608715396,0.31236374961071317,0.5321319115912503,0.34701492537313433
36035,49624222.06216793,-2.9227083397510185,1.352772568920416,0.9137929508529425,0,0,1.2286144833251538,53852.529411764706,0.4602927436935534,0.03188602442333786,0.34153430914564514,0.27790435908751215,0.14213025780189958
37169,10613731.61019482,1.3510494062144343,0.7248346371278086,0.9876886431289352,0,0,2.5351842379804737,46084.64705882353,0.2581750233572096,0.4224898236092266,0.3362400083047856,0.3389682850904073,0.016282225237449117
05123,158774779.69596034,0.3453467604026841,2.7460881418487326,0.41389610587288866,0.061750090440798024,0,-1.0546545636337372,25689.470588235294,0.6290875116786048,0.6936931302677721,0.38181251946434136,0.5681977204702394,0.7801899592944369
27061,56048951.81770813,-0.6142532044048838,3.1353585879636436,0.29103383083133255,0.08328308990148606,0,0.8408904047827137,45173.705882352944,0.4808470881345375,0.5612308968910231,0.5357624831309042,0.5259468227188216,0.7564450474898237
28033,397357529.15072,2.273423993326759,1.6539979699940548,0.8318765594003782,6.285392436021767e-4,0,0.9440116535555281,176394.4705882353,0.7346620990345687,0.611497191578997,0.3675905740683068,0.5712499548939575,0.36295793758480327
51119,14198706.37116564,-0.03165191094756992,1.4769930030044969,0.7716223240886756,0,0,0.04661013478865394,10788.941176470587,0.29087511678604794,0.2637381275440977,0.3336447627945604,0.29608600237490207,0.2092944369063772
45025,37414877.340116814,-0.6057743578212023,1.8904709151233936,0.7368147667335172,0.05740074261030949,0,1.2551184229056511,45475.294117647056,0.417315478044223,0.534531636769695,0.42811169936676013,0.45998627139355935,0.4162143826322931
16081,22233395.23353193,0.6870630297186899,2.0871368249088675,0.5680200464943967,0.35678144153212094,0.08576787215674724,-0.34689493910315455,11187.764705882353,0.3441295546558704,0.8287644941624542,0.708813453752725,0.6272358341903499,0.7666214382632293
16075,91985654.78267525,0.4100247921048652,0.9699832223525249,0.9413015621756189,0.0019517625354340351,0,-0.6095447374815169,24035.176470588234,0.5546558704453441,0.4997868872072503,0.1992110453648915,0.4178846010058286,0.22184531886024422
13277,67117263.73254597,1.2662423466654715,2.3339826944596744,0.5804490357348323,0.899811401066196,0,0.5040166299075002,40731.82352941176,0.5054500155714731,0.9068675569139183,0.4392193501505242,0.6171789742119719,0.6584124830393487
05061,15146349.682802169,-1.1579348283452902,2.147531304708947,0.6035643647130668,0.2616969111657794,0,0.29359180517158484,13255.235294117647,0.2980379943942697,0.5692584853107391,0.41773071732585904,0.42834239901028925,0.5444369063772049
08113,10237753.263482003,0.2543420969781387,2.3454739726908858,0.36055169903217116,0.5284190282107198,0,-0.11713361907433768,7800.882352941177,0.2541264403612582,0.7888707084000657,0.45738606872210114,0.5001277391611417,0.6560379918588873
33019,3140092527.415692,1.5680001959980352,1.40058923418814,0.9871312834440507,1.5029276992991648e-4,3.5645942523187586e-4,-3.244563379650284,43427.35294117647,0.8947368421052632,0.5709584025581692,0.30530468182290044,0.5903333088287775,0.5251017639077341
27009,12742644.732135667,-0.5775679337756028,2.196228522224061,0.7325928933026303,0.19359112957338315,0,2.1362837402825967,39953,0.2793522267206478,0.6155999244078387,0.4688051489670923,0.4545857666985263,0.432157394843962
24047,308355507.81844634,-0.5039596199378735,3.0478202932446536,0.6592070708936498,0.028115349598182494,0,-0.6450826064768775,52208.58823529412,0.7056991591404547,0.492032232715091,0.33084189764351707,0.5095244298330209,0.730325644504749
51089,130146059.28202292,0.5954333124117444,2.0601001239244106,0.647664981441012,0.02069979839428864,0,0.20750958920441656,51864.64705882353,0.6038617253192152,0.6338827587332059,0.3936468389909686,0.5437971076811299,0.5440976933514247
53001,16099128.68411692,-2.383780681432915,1.276428217835564,0.7402867808282875,0,0,0.8238812467966269,19590.941176470587,0.3033322952351292,0.048846675712347354,0.39946018893387314,0.25054638662711654,0.18046132971506107
30083,43629481.64329975,-0.2171605167302726,1.6656333566017325,0.8258821486803021,0.06413767596360044,0,-1.0657986092942262,10861.70588235294,0.43911554033011524,0.6032485595342653,0.23492162358559118,0.4257619078166572,0.4318181818181818
54097,101018285.44095208,-0.5477808717289818,2.0952063343872185,0.6350665982239089,0.06165478770348884,0.012420704737095077,-0.6931017336165727,24196.29411764706,0.5686701962005606,0.5495328060009662,0.6401951624623688,0.5861327215546318,0.7751017639077341
22047,425761339.2409718,-1.4108341105526137,1.5863579918584143,0.5546767262595054,0.07016066678537049,0,-1.7006691963919582,32168,0.7424478355652445,0.4738937395369663,0.3090418353576248,0.5084611368199452,0.6631614654002713
49051,61265381.35869091,-0.5504754711607536,2.27770748144213,0.6985701847596174,0.010803070652718249,0.44787672371523163,0.1458410265002798,30267.823529411766,0.4923699781999377,0.41508945072415293,0.7032077234506384,0.5368890507915763,0.6997964721845319
45009,157354146.26907328,-0.27106561118873174,0.42690679252453684,0.9914593887204627,0,0,-1.9068241571070805,14542.941176470587,0.6278417938336966,0.223202170963365,0.08636977058029689,0.3124712451257862,0.14348710990502037
29081,2840359.550976453,-2.6605067315203925,1.3481391437337749,0.806903990830624,0,0,1.3029141763943692,8545,0.13266895048271565,0.039687924016282225,0.40039447731755423,0.19091711727218405,0.09260515603799185
40089,150762777.56583154,0.5194257981095696,2.4216086022692136,0.5238293737788674,0.001896706385066921,0,-0.6489033354335919,32458.235294117647,0.6234817813765182,0.5103077026962111,0.3768296480847088,0.503539710719146,0.6326322930800543
55015,75544313.81202357,-0.12963026578361792,1.4111944775944882,0.9383886431664231,0,0.004352883687284795,0.7106729911878588,50486.05882352941,0.5247586421675491,0.2467774762550882,0.5744835461434652,0.44867322152203415,0.3185210312075984
55121,48387293.82421465,1.7159363160745986,1.7225934277805444,0.760534267112182,0.03282218857999764,0,0.35275661528780566,29692.176470588234,0.456244160697602,0.7569578324446269,0.358974358974359,0.5240587840388626,0.4019674355495251
30105,257523401.3118362,0.803919138867947,2.1786268532902437,0.4190910509148135,0.2014059604847875,0,-3.4039518004889167,7488.823529411765,0.6857676736219246,0.8196000775861991,0.29772656493304267,0.6010314387137222,0.7896879240162822
01005,13929811.621780772,-1.087550459306085,2.444816678153312,0.6317848404387123,0.06199480194693911,0,1.3936062814770414,25942,0.2893179694799128,0.4923623819325671,0.4748261185508149,0.41883548998776493,0.5003392130257802
72097,1574663848.6889665,-2.1671688035783205,0.4992031721103951,0.8816244089457198,0.0021843958724778907,0,-1.6246389084326909,80267.2,0.8567424478355652,0.22683007353467677,0.1796947991279975,0.4210891068327465,0.35176390773405697
47077,22842365.48369191,0.8034406076478291,0.9317216934221333,0.8734759473517253,0,0,1.012124021289454,27954.882352941175,0.34693241980691375,0.3777137042062415,0.3513962420845012,0.35868078869921877,0.09090909090909091
48471,89872936.32433575,0.31307924278454813,2.271269461586217,0.647854399353392,0.011919907478883773,0,1.0937382398933715,72933.11764705883,0.5496729990657117,0.5610398771310147,0.45364891518737677,0.5214539304613677,0.5105156037991859
42047,307287163.49006087,-1.069781641639878,0.5702249010899616,0.9143767157383084,0.4037869009242412,0,-1.4309239282161106,30992.352941176472,0.7053877296792277,0.5935908451910605,0.16879476798505136,0.4892577809517799,0.39993215739484395
20047,531624.8927376341,NA,0.2047897035177821,1,NA,0,1.3442001838869253,2902.1176470588234,0.05325443786982249,NA,0.25495691892453026,NA,NA
37093,2144752978.0891986,0.35310458822187485,1.1196720182709,0.9371913679010168,0,0,-2.6001709595085205,51674.529411764706,0.8754282155091871,0.32513568521031205,0.10910412124987023,0.43655600732312316,0.32360922659430125
08079,13854877.86668414,2.3067842357514863,1.195595668785926,0.907546560995312,0,0,-3.8828918776060726,791.4117647058823,0.2886951105574587,0.46455223880597013,0.10733935430291706,0.2868622345554486,0.18419267299864314
38003,44308936.47171387,-0.3662942754982854,2.288964173680702,0.5154407003168007,0.030958372802690124,0,-1.079949162510644,10871.058823529413,0.44129554655870445,0.5175463999006606,0.35191529118654624,0.43691907921530376,0.6289009497964722
30059,7641875.034606388,-0.5265944714164679,1.917455299879234,0.4070799018319916,0,0,-1.9547961542550607,1909.5294117647059,0.21862348178137653,0.18453188602442333,0.3404962109415551,0.24788385958245165,0.42198100407055633
26039,148503606.75549585,-0.306452873264881,2.2427491670856754,0.6678321204634561,0.65986126964338,0,-1.9289251625082904,13794.29411764706,0.6206789162254749,0.6978782304545772,0.2600436001245718,0.5262002489348746,0.7109905020352781
54029,20298964.9597239,1.4623059028565866,1.1983745390316174,0.9294445874340701,0.002734651619589415,0,1.216251800176175,29590.882352941175,0.330115228900654,0.6061173681601103,0.330115228900654,0.4221159419871394,0.14009497964721845
39101,92297943.6715495,2.1648646592629515,0.7279871574611321,0.8917015364596207,0.005313278074937854,0,0.907842043333185,65648.23529411765,0.5552787293677982,0.6592124774197876,0.3348904806394685,0.5164605624756848,0.20454545454545456
51193,177791057.12193358,-0.056711673395929196,2.0974912553500924,0.8139453197666872,0.0029622235932981814,0.01681307268768573,-1.709800931924221,17956.647058823528,0.6421675490501402,0.4378494664589242,0.5164538565348282,0.5321569573479642,0.6909769335142469
22059,8399253.402033078,NA,0.8242944475334473,0.9221562266800063,NA,0,1.054951884952291,14848,0.2292120834630956,NA,0.3273123637496107,NA,NA
01083,903665303.1163965,1.0816538603510288,1.8696245582779873,0.7782659340898914,0.018507861111122435,0.020406441709111184,-0.8044036209495059,95619.94117647059,0.8100280286515105,0.6735391860156315,0.5860064362088654,0.6898578836253358,0.7394843962008141
36105,325983428.7407245,-0.19298199759448664,1.5023410149046301,0.86648333004058,0.04815735408058449,0,-0.10724672739672042,77272,0.7106820305200872,0.5842756295041462,0.2794560365410568,0.5248045655217634,0.4352103120759837
28115,37763415.57042154,1.8099112924138154,0.8588813760535655,0.9093428881358794,5.776461815860591e-4,0,0.6648916049205552,30979.529411764706,0.41918405481158516,0.5945547812041995,0.30841897643517074,0.44071927081698514,0.15061058344640435
48171,100998774.60802963,1.7698190637881037,2.7328478901267816,0.6573474141352155,0.017693710249353647,0,-0.5750367448474201,26156,0.5683587667393335,0.7110951890211903,0.33582476902314956,0.5384262415945578,0.6434871099050203
30073,49364330.643359736,-3.5848867299943024,1.4502981169510645,0.9719597643081722,0.901885743468073,0,-2.069476212420258,6072.058823529412,0.4593584553098723,0.5110007441386618,0.10038409633551333,0.3569144319280158,0.383989145183175
27091,3636213.4927687286,-3.8059946431704414,1.985056822237836,0.8089107842087345,0.36227499893118154,0,2.353719438054032,20142.41176470588,0.15446901276860792,0.48139211484932776,0.4426450742240216,0.3595020672806524,0.33717774762550884
23007,22142680.991162125,-0.5620833228867639,2.660245769386451,0.4799090675329717,0.1637446931261105,0.019309181083586917,1.168374029915498,30364.470588235294,0.3428838368109623,0.6096165646535042,0.8215509187169107,0.591350440060459,0.7903663500678426
37197,25730256.97764643,-0.552828472644256,2.4819364434579336,0.7061923657741875,0,0.28188434247078337,1.3511865026028744,37836.41176470588,0.3621924634070383,0.17944369063772048,0.7776393646838992,0.439758506242886,0.5495251017639078
54047,85312284.64369896,-1.3717242511706154,2.095715708848102,0.606128035269347,0.0029748384010975905,0,-0.8380835863972178,19663.41176470588,0.5418872625350358,0.27654585516578156,0.34153430914564514,0.38665580894882084,0.5437584803256446
21101,127422191.01374662,2.089724864465742,2.4815680092177277,0.9074129725041119,0.018391169308594205,0,0.03215745220736573,45549.76470588235,0.5998131423232638,0.7264668414168908,0.2666874286307485,0.5309891374569677,0.4793080054274084
38065,5530801.004798346,1.563802726984683,0.19336663982218066,0.9940422830040851,0,0,-1.656685131409666,1878,0.19339769542198693,0.4335142469470828,0.09280597944565555,0.23990597393824173,0.033582089552238806
26137,29464344.74805702,-3.493597078477441,1.089561728285344,0.8579323799971471,0.3560053313214606,0,0.5685189572968244,24672.529411764706,0.37900965431329803,0.484635485353339,0.32959617979860895,0.3977471064884153,0.30902306648575306
20121,7715914.970615754,0.99083697855521,2.176486254391547,0.6270995100988517,0.1745677422770917,0,2.3735613631244536,33549.35294117647,0.22111491747119277,0.8285342734315306,0.5176995743797363,0.5224495884274866,0.44742198100407055
06011,42734183.85200325,-1.0440211549809337,1.441985776600256,0.6801692368861545,0,0,-0.009369968683462251,21531.941176470587,0.43537838679539087,0.12703527815468113,0.36748676424789783,0.3099668097326566,0.2808683853459973
20123,56416074.44955976,1.9638166170895222,0.2260258282628678,0.9582812273587795,1.4498102176619654e-4,0,-2.1932975946861513,6111.117647058823,0.48209280597944565,0.5908101821009726,0.10744316412332607,0.39344871740124804,0.1757123473541384
13079,4451159.884507312,0.8063748118512439,2.987209815083428,0.29191372265272253,0,0,1.4190990103484054,12415.235294117647,0.16941762690750545,0.37822252374491183,0.5700197238658777,0.37255329150609834,0.4701492537313433
19191,5517321.200781528,1.3076033350081726,1.9261099036521312,0.7230689342360044,0.01186489322589599,0,1.958527415232008,20434.058823529413,0.1930862659607599,0.6602622930166075,0.4675594311221842,0.44030266336651724,0.2944369063772049
18029,5760204.316276637,0.6775456869310013,2.2453946739246815,0.6592908748732648,0.020483556549082686,0,3.2722521113183576,50081.82352941176,0.19682341949548426,0.6410296848785767,0.5216443475552787,0.45316581730977984,0.35888738127544095
48007,25214737.922642503,0.7921671209540584,1.593143275226059,0.8224116263906616,0,0,0.6954333178000104,24206.882352941175,0.359078168794768,0.37618724559023065,0.3535762483130904,0.362947220899363,0.2021709633649932
13109,6090058.718138732,-2.150553165378996,0.30087635937317,0.9121040738597004,0.08835761166735984,0,0.8941426710187531,10796.35294117647,0.20211772033634381,0.4527950065667291,0.32264092183120524,0.3258512162447594,0.14111261872455902
45061,4615747.306902633,1.3872364161072106,1.7845744681104354,0.5951983780558283,0,0,1.9158243309899086,17656.529411764706,0.17626907505450015,0.42469470827679784,0.5129243226409218,0.37129603532407324,0.22421981004070557
13107,874087910.0953336,1.6746747700807845,0.067893428148606,0.9936457120205857,3.031784192895132e-5,0,-2.948710481449022,22683.29411764706,0.8072251635004671,0.5720463994474703,0.051074431641233264,0.47678199819639017,0.2364314789687924
20057,21122939.374072082,-3.978585393886794,1.5218397380840212,0.7545536907438384,0.02428415675373013,0,1.3905077703943853,34086.05882352941,0.33727810650887574,0.3066729342901089,0.42707360116266996,0.35700821398721816,0.3056309362279512
51530,40764300.65715263,-1.9223540064328937,1.567423683754668,0.9552463844233775,0.015083407395401616,0,-1.7546238770493472,6588,0.42946122703207723,0.3230013849499089,0.12581750233572095,0.2927600381059024,0.3120759837177748
30033,2669973.366423613,1.1956683188960522,2.005790283769682,0.6145665778948364,0.1410321763795508,0,-1.5596967981459509,1237.5294117647059,0.12675179071940207,0.8353287307314765,0.2965846569085436,0.4195550594531407,0.507123473541384
19047,211887655.7504815,-0.5274316416280769,1.1127557871457003,0.837020954337079,0,0,-1.9807621801329989,16858.470588235294,0.6592961694176269,0.18419267299864314,0.18592338835253816,0.3431374102562694,0.30223880597014924
38069,12099261.308770081,NA,0.8373614009047683,0.9861123864812525,NA,0,-1.2315062821457907,4171.764705882353,0.271877919651199,NA,0.12529845323367592,NA,NA
20027,2901149.740267653,-3.432816035780661,1.7134801538437743,0.896089258706801,0,0,1.226251763064677,8237.411764705883,0.1348489567113049,0.023066485753052916,0.3508771929824561,0.169597545148938,0.09837177747625508
48161,2825998.5711698006,-0.27231220801100875,1.708862187037649,0.9756144181175843,0.13248389618064735,0,2.5779019152332574,19774.529411764706,0.13235752102148862,0.6430340327874202,0.3486971867538669,0.37469624685425856,0.17639077340569878
20079,74335669.04965253,-0.5634279364777353,0.9851280308586031,0.984250661096393,0,0,0.14235109429264786,34313.705882352944,0.5216443475552788,0.17791723202170964,0.21706633447524137,0.30554263801740994,0.1014246947082768
47023,565507.4920256991,NA,0.5400984931444885,0.9999999999999998,NA,0,3.980755718468559,17257.764705882353,0.05481158517595765,NA,0.33717429668846677,NA,NA
48351,5508678.643289266,NA,0.8421873223417183,0.9836484462831114,NA,0,1.342284896106908,13585.588235294117,0.19184054811585177,NA,0.2951313194228174,NA,NA
48219,969544.7474010114,1.8062483103168407,1.1398481152488433,0.966651575805004,0,0,3.8486883059599983,22582.941176470587,0.07630021800062287,0.44742198100407055,0.37620678916225475,0.2999763293889827,0.014246947082767978
48403,11414484.387574464,-0.4842252146345185,2.158651962189328,0.5679409492708757,0.04158506968627366,0,0.2087168275533594,10395.941176470587,0.2665836188103395,0.5259828793724944,0.42157168068099243,0.40471272628794214,0.49864314789687925
19005,54460391.70626583,1.5983743175893963,1.3242324938871308,0.7184420804470049,0.6041938431088351,0,-0.8970716363583872,14058.529411764706,0.47710993459981316,0.9156764456094459,0.2938856015779093,0.5622239939290561,0.48677069199457257
37007,14877741.824944703,-3.652968491292862,1.4002003878223677,0.8727898827494418,0,0,1.2585700625262595,24782.58823529412,0.2952351292432264,0.019843962008141112,0.3655143776601267,0.22686448963716474,0.11804613297150611
21031,6798051.490896267,-7.197175587998491,1.0278024195123077,0.854411085907648,0,0,1.0224452182229544,12637.176470588236,0.20896916848333852,0.0013568521031207597,0.36250389286826534,0.19094330448490818,0.07564450474898236
30065,3625652.149597767,0.4481758562595157,2.112911596355247,0.7595552643348207,0,0,0.17601616632746556,4768.705882352941,0.15384615384615385,0.3378561736770692,0.3470362296273228,0.27957951905018197,0.24525101763907733
31051,19012953.208435517,-0.21504417267769682,1.4433452473914006,0.7995363730987168,0,0,-1.1973414950052372,5751.941176470588,0.32170663344752415,0.23202170963364993,0.23980068514481467,0.2645096760753296,0.23337856173677068
72089,35642727.62782731,0.3665916239084659,2.292469188674422,0.8243339910101807,0.39753176154809466,0,-0.020237543191054547,18962.6,0.40828402366863903,0.7954434422893729,0.30540849164330947,0.5030453192004405,0.5172998643147897
54015,5855987.088149486,NA,1.5546775542276614,0.7336164147894135,0,0,0.6051755388827246,8691.882352941177,0.19806913734039241,NA,0.388352538150109,NA,NA
47185,3785781.326541465,-0.17067730280504456,1.5080741127766273,0.909397758781067,0.16974381557480056,0,2.7486267022950934,26853.058823529413,0.1572718779196512,0.6725093107970804,0.4012249558808263,0.4103353815325193,0.20793758480325644
29219,33268132.562385842,-0.7959697320933987,1.3086214848743123,0.9788374817068677,0.05804950725163312,0,0.9546788770385848,34503.23529411765,0.39769542198692,0.5129811862531032,0.27706841067164956,0.3959150063038909,0.21166892808683854
72107,771400093.3309315,-1.272411887319322,0.035478646237357164,0.9848818537785644,0,0,-2.8747289009169577,21931.8,0.7938336966677048,0.10634328358208955,0.06456970829440466,0.321582229514733,0.1994572591587517
31147,17989802.796407178,1.335486599386579,1.6049171670108069,0.8126206706259873,0,0,-0.6361346635580749,8034.823529411765,0.3167237620678916,0.421472184531886,0.26845219557770167,0.33554938072582646,0.22930800542740842
22123,384938.87124395184,NA,1.4820316648079859,0.7426537941559371,NA,0,3.6543244476187544,10788.176470588236,0.044534412955465584,NA,0.49486141388975396,NA,NA
20019,1197725.3052200973,-1.9921624008266665,0.9054212284567926,0.9068677168798289,0,0,0.7948585524095226,3452.6470588235293,0.08470881345375272,0.06394165535956581,0.3181770995536178,0.15560918945564542,0.03867028493894165
72131,25355329.246112715,-2.135110275107502,0.6181830614261454,0.9691518428011654,0.0403187460653006,0,1.4169781271064963,39136,0.35970102771722207,0.39151618478929817,0.311014221945396,0.3540771448173054,0.12584803256445048
48127,688260693.872999,4.8384074113387054,1.0970730887677866,0.9762492234796828,0,0,-3.982871079750864,9780.882352941177,0.7835565244472127,0.4937245590230665,0.056472542302501816,0.4445845419242604,0.2693351424694708
18065,2100096.148170284,-0.2771034146880069,1.8409680025119433,0.7004906567981888,0.19746878801532564,0,4.243524004614774,48849.17647058824,0.11491747119277483,0.6622182628486281,0.5186338627634174,0.4319231989349401,0.3256445047489824
72145,33420167.396338053,2.725566844586419,1.9623351257968609,0.8975592632901713,0.2630559324177867,0,1.6560402120823499,55007.1,0.39831828090937405,0.926611590435507,0.37350773383162045,0.5661458683921672,0.36736770691994575
48343,2656723.986832822,NA,0.7715468654982678,1,1,0.6587059885307239,1.9416744634392809,12468.70588235294,0.126440361258175,NA,0.6148655662825703,NA,NA
46089,687340.7256006208,4.691226555785199,1.0472158221309131,1,0,0,0.808031235923288,2413.1176470588234,0.06353161009031455,0.4925373134328358,0.22184158621405584,0.2593035032457354,0.011872455902306648
13123,23777681.29983485,-0.5853706219422268,0.49509975274454665,0.9618752412028865,0,0,1.0884769390487026,30191.29411764706,0.3534724384926814,0.17537313432835822,0.3002180006228589,0.2763545244812995,0.04002713704206241
29089,6608120.676804188,-0.7780144752144214,1.5092519520918524,0.9124570614494264,0,0,0.7165359465092053,10133.058823529413,0.20647773279352227,0.15162822252374492,0.3093532648188519,0.2224864067120397,0.10074626865671642
08073,453306.37170490844,1.8078951180931355,1.414694283972905,0.8831529687225866,0,0,2.476525007044376,5519.470588235294,0.049205854873871066,0.44759158751696065,0.4102564102564103,0.30235128421574736,0.045454545454545456
21169,482450.0609201973,-1.4804543360543079,0.5939763106695786,1,1,0,3.337512746148091,10158.529411764706,0.051385861102460295,0.5847196428134424,0.31610090314543754,0.31740213568711345,0.04375848032564451
31071,5691857.929621082,3.655232015548396,0.24779631861291737,0.9999615917546277,0,0,-1.6393989577553956,1935.9411764705883,0.1952662721893491,0.4854138398914518,0.08138689920066439,0.25402233709382177,0.029850746268656716
27029,157443.84930680908,0.12358027865785282,0.9776185942653576,0.9830914725942973,0.5030233640653584,0,4.22489709124726,8712.411764705883,0.022111491747119277,0.7688858041727961,0.36676009550503474,0.38591913047498333,0.06784260515603799
20157,64207.159918385885,NA,0.992038796382502,0.9982686284125276,NA,0,4.204585436323514,4752.64705882353,0.009965742759265027,NA,0.34454479393750653,NA,NA
31085,1564568.6546079535,NA,0.7147078580820523,0.9809265955313649,0,0,-1.4937692738810853,908.0588235294117,0.09872313920896916,NA,0.11637080867850098,NA,NA
31039,8577304.097791541,2.715970927222754,1.1052120275522492,0.9914521265343441,0,0,0.2798998309242196,9021.764705882353,0.23326066645904703,0.4728629579375848,0.21706633447524135,0.30772998629062437,0.04341926729986431
38001,263091.91710998694,-0.5797801438377999,0.6365652889212556,0.9999999999999999,1,0,1.681107098103254,2277.9411764705883,0.031765805045157275,0.6705405383358305,0.2826741409737361,0.32832682811824127,0.057327001356852106
05011,4353535.020929519,NA,0.8290747939195817,0.9939395344851083,NA,0,1.2409040913904528,10875.764705882353,0.16661476175646217,NA,0.2757188830063324,NA,NA
20189,19604.990687771606,NA,-0,1,NA,0,5.6139987300934,5507.411764705882,0.004982871379632514,NA,0.33229523512924325,NA,NA
20091,5709641592.538162,-0.14360136436881632,3.2613350272414334,0.43060641610504025,0.021199086907502725,0.0017185189171498101,0.09112748569756406,584090.4705882353,0.9218312052320149,0.5239516799315501,0.7202325339977161,0.722005139720427,0.9243554952510177
51760,4646606288.563304,-0.018544609134195866,3.1979302800719824,0.2666225343161145,0.021255065742179786,0.003928406092430278,-1.1814163867459637,219895.88235294117,0.9137340392401121,0.5480279872272813,0.6873248209280599,0.7163622824651511,0.9674355495251018
06047,1063768652.8993332,-1.1012936314488115,1.813004392962865,0.6157755564985364,0.06752365779945765,0,0.6115013812834423,271416.76470588235,0.8237309249454998,0.49819177024333605,0.4346517180525278,0.5855248044137878,0.6231343283582089
08005,172378112543.5671,0.7441116102131282,1.1957998313168192,0.9370437654983034,0.004652791349827202,8.768253967856713e-4,-3.2143238283126996,624844.6470588235,0.9971971348489567,0.5643240347723941,0.3553410152600436,0.6389540616271314,0.6102442333785617
37049,7091742963.824489,0.37871904523685984,2.830126665697344,0.24739466879060565,0.026583637254510926,1.4529017081195634e-4,-2.753383158162272,102913,0.9311740890688259,0.6286410450933527,0.592027405792588,0.7172808466515889,0.9650610583446404
29047,2101871650.4903207,-0.3375835752382095,2.7791138178352717,0.41738918139130354,0.01407587471230718,7.546636929944805e-4,-0.2568900498780336,239810.9411764706,0.8729367798193709,0.4630127509655222,0.6911657842831932,0.6757051050226955,0.8870420624151968
30063,1864993475.1758738,0.09293679673079325,2.455297057519799,0.5310061836517055,0.035465670595125884,0.004083666167651323,-1.2443626149206388,115401.35294117648,0.8657739022111491,0.6072736835045034,0.620990345686702,0.6980126438007849,0.8860244233378561
04003,17632294017.57142,-0.25744944527842506,2.6398196853389613,0.2874732954059687,0.07654588246990938,6.525985629359497e-4,-3.338124071848401,127652.94117647059,0.9604484584241669,0.6113455993851112,0.5857988165680473,0.7191976247924418,0.9816824966078698
48485,4379861243.39091,0.1177857783400249,2.5012693562960617,0.43556763802402326,0.040634239846654784,0.003599644085201402,-1.9053172282981257,131079.5294117647,0.9109311740890689,0.6262437810945274,0.6136198484376622,0.7169316012070861,0.9297829036635007
46102,700026278.4367136,1.298248094146441,2.8837611784405155,0.2772845698502366,0.04739199098991462,0,-3.4639722491498346,13935.933333333332,0.7851136717533479,0.7659476574134247,0.3283504619537008,0.6264705970401578,0.8673677069199457
40109,47904525438.53491,0.6325359098453873,3.013583460156938,0.3786411482531319,0.04214544364529178,8.018882665616999e-4,-1.6167402358452587,770482.0588235294,0.9810028028651511,0.6954067565252622,0.6198484376622028,0.7654193323508719,0.9708276797829036
39113,16018853573.668346,0.23038804492177434,3.508378157174017,0.2765982704237282,0.02407993687076967,0.05179168900454771,-1.0753462716858644,534296.0588235294,0.9573341638118966,0.5999304126117455,0.7323782829855704,0.7632142864697374,0.9932157394843962
54099,613325865.6280513,-0.7259488274369481,2.9563184094328063,0.2752461574072794,0.04665994392455927,0,-1.7189689338757879,40449.41176470588,0.7757707879165369,0.5030810150377644,0.37786774628879893,0.5522398497477,0.8554952510176391
12095,106079228954.49881,0.22552024918320512,2.7841447229486955,0.6193054433192712,0.004642533522330357,0.003567339561199657,-1.6022197937678362,1315351.4117647058,0.9937714107754594,0.4995369526932653,0.572822589016921,0.6887103174952153,0.8917910447761194
11001,529809049949.97296,0.21202925376873338,2.791856205147632,0.08281797407445551,0.026970594608635986,0.0022654055641936448,-4.254950744482026,659718.3529411765,0.9996885705387729,0.6052197112451951,0.6109207931070278,0.738609691630332,0.994572591587517
72127,11741794442.876118,0.8354228773288987,2.843195418046249,0.36358076209713275,0.03995908629661385,6.745194836399868e-6,-1.3729813371002493,357478.5,0.9498598567424479,0.7129309500955778,0.612374130592754,0.7583883124769266,0.9467435549525102
53071,1065244822.0618008,-0.17987520279984537,2.8844656033379863,0.2935718756289568,0.012769473760301455,0,-1.6674411691586095,60271,0.8240423544067269,0.4817658836442673,0.3767258382642998,0.560844692105098,0.833785617367707
45007,333414611.508977,-0.09180774582693019,2.3605262351221414,0.6550728436989159,0.14170484434371752,0.029577165189623347,1.2914763088096755,197625.70588235295,0.7147306135160386,0.6757237904121223,0.7776393646838992,0.7226979228706867,0.8018995929443691
06097,2644416776.0293145,0.06942846618598253,3.5688913164880525,0.3446990746452089,0.02791739956974969,0.0085287915266421,0.5952421557683174,490084.17647058825,0.8841482404235441,0.5846556296672948,0.8055642063739229,0.7581226921549206,0.9399592944369064
36007,2209829626.433232,-1.0126049458754736,3.102752623226321,0.5971891647299431,0.004128074246532669,0.05764258967258153,-0.6048480853728766,196968.64705882352,0.8772967922765493,0.3184545255141672,0.6807848022422922,0.6255120400110029,0.8883989145183175
33011,26019141132.185944,-0.17298791908651268,2.580876655652131,0.7921996430699322,0.017700009979607887,0.019681443461037725,-1.9509025296306564,412794.23529411765,0.9688570538772968,0.5036638179117168,0.5197757707879166,0.6640988808589768,0.8585481682496607
05057,64395969.1557174,-3.959500324459219,1.5563671402409835,0.8267615287194086,0.03089424398378658,0,-0.42721119133698526,21421.41176470588,0.4992214263469324,0.3250456136152903,0.2746807848022423,0.366315941588155,0.38975576662143824
26065,8572985460.355754,-1.9679936354484262,2.0774832174456694,0.9036957930274008,0.05409621924969021,0.003068206365577876,-1.399243136218377,285403.76470588235,0.9383369666770477,0.42217372329462177,0.4539603446486038,0.6048236782067578,0.7737449118046132
06089,1124688131.279148,-0.38331811133534544,2.949754811778684,0.11865514407677234,0.1837155590826705,1.8118333676300406e-4,-0.07186242946648819,179279.0588235294,0.8302709436312675,0.6410930182391015,0.7412021177203364,0.7375220265302351,0.9518317503392131
48459,14755320.74420138,-2.3348078286858858,1.8592515503901836,0.7055477802182538,0,0,2.023951563935825,40869.23529411765,0.2939894113983183,0.05139077340569878,0.47586421675490503,0.2737481338529741,0.2296472184531886
42125,977873822.5197077,0.28253587540053005,2.9284498252029203,0.7328202148513986,8.484304074151208e-4,0.46388645382368077,0.29522277456004065,208316.82352941178,0.815633758953597,0.4659305041562093,0.6996781895567321,0.6604141508888461,0.8046132971506106
51161,3031635806.3223076,-0.9235615558238877,1.5352829309588436,0.9159948687966419,0.0020428559322510555,3.0278523236600233e-4,-2.0361303322589843,94281.94117647059,0.8925568358766739,0.30623198001611546,0.39157064258278834,0.5301198194918592,0.6054952510176391
51099,11135210790.405684,-0.24949679681695613,2.8189867530276396,0.2305983588641548,0.015596339602323532,0.002387981167216164,-5.294784096760339,25864.058823529413,0.9479912799750856,0.4844407267724051,0.5972178968130385,0.6765499678535097,0.9769335142469471
17143,5716231744.56193,-0.9169923720693873,1.8954136404492756,0.9042562720760119,0.0023234158188459573,0.0012877719764768912,-1.6620783771242786,183544.4705882353,0.922142634693242,0.3119256377975308,0.4292536073912592,0.554440626627344,0.6791044776119403
40037,260661593.8413617,-0.015415439778205808,2.4050104969348225,0.8104401715116221,0.008008250158813122,0,-0.0049556234247486956,71319.23529411765,0.6870133914668327,0.4872501674538584,0.3132980379943943,0.4958538656383618,0.5298507462686567
35017,168214463.7612287,1.2985890782946719,2.452002167423073,0.18898050060788565,0.19639740794153648,0,-0.9600657896807081,28409.823529411766,0.6365618187480536,0.8591392418486906,0.43164123326066645,0.6424474312858036,0.8069877883310719
35015,6564196044.144714,-0.29807166677497676,1.5694082730019723,0.8190894120244542,0.006126640797957051,0,-3.560867837381539,57357.117647058825,0.9280597944565556,0.423013371836391,0.15488425205024395,0.5019858061143968,0.5651289009497965
34021,5302674121.843312,-0.40989113632334906,3.0717656450842683,0.4910455972866942,0.0053008351872712925,0.04228536593886966,-0.513846576815712,372965.9411764706,0.9180940516972905,0.4002259380815,0.7132772760303124,0.6771990886030342,0.9158751696065129
53053,18019010835.363255,-0.5439449984618285,2.976059312497952,0.20836876392175308,0.0329271519067179,0.00220750550094239,-0.4652858104511583,864164.4705882353,0.961694176269075,0.49660662346855633,0.7299906571161632,0.7294304856179314,0.9654002713704206
39151,373886974.1764347,-0.5285234600516375,3.400646530327207,0.3713651132461543,0.3223679785136725,1.613212228132103e-4,2.1426810718052756,374080.1176470588,0.7259420741202117,0.6436089048291065,0.8278833177618603,0.7324780989037262,0.8965400271370421
15009,1998463760.2285385,2.938308557257084,2.5489044476333103,0.4847855088712144,0.36679202128940025,0.014945040505589119,-0.8013159706352138,161872.76470588235,0.8691996262846465,0.9423695876601688,0.6845219557770165,0.8320303899072772,0.9396200814111262
22097,55717845.95239228,-0.23594872979253267,2.079249304188444,0.6402325313076379,0.03684946279755037,0,1.7664105475890437,82938.64705882352,0.48022422921208346,0.5517602368916938,0.49070902107339354,0.5075644957257236,0.4799864314789688
26049,524761013.19774705,-0.26202252217631994,2.8089873893348605,0.5312592766971532,0.010857870601411908,2.041489718509515e-4,1.9512624230200732,412390.82352941175,0.7617564621613204,0.4600325707951407,0.7801308003737154,0.6673066111100588,0.7930800542740841
39009,538565948.426829,-1.192137484073637,1.4628269923735877,0.8694806736815083,0.043715624803330626,0.008538445780051841,-0.8894262729352743,64216.23529411765,0.7639364683899097,0.454664756922257,0.5225786359389598,0.5803932870837089,0.6533242876526458
20149,59471107.98287001,-0.619547157253928,3.1462449664206034,0.6352959582933764,0.06191459743015151,0.11475345317679357,-0.19149048190970888,23749.647058823528,0.4898785425101215,0.539009384667118,0.6994705699159139,0.5761194990310511,0.8415875169606513
04012,371774573.1950729,0.9500941227177861,3.4044136835636145,0.2569817996994488,0.1611150374950187,0,-2.3248856775876865,19471.647058823528,0.7246963562753036,0.820447883555442,0.359285788435586,0.6348100094221105,0.8904341926729986
54071,29035274.31135047,-2.3911336633240516,2.093350608116954,0.6731055238084381,0.07581055596392289,0,-1.3366878997326164,6939.35294117647,0.3774525070071629,0.4332770017647235,0.28454271774109835,0.36509074217099496,0.5641112618724559
18127,241754880.90001705,0.3564513848169035,3.2255765246629675,0.3353755635069766,0.03942493868578742,4.5211976303097587e-4,1.3759647321355313,168983.9411764706,0.6761133603238867,0.6571434365791737,0.8125194643413267,0.7152587537481291,0.8683853459972863
27071,32844162.566746607,0.06951030736249031,2.693650501542666,0.3390680422419105,0.056439817195968404,0,-0.5578869154570638,12593.882352941177,0.39644970414201186,0.6429414686451147,0.4310183743382124,0.4901365157084463,0.7147218453188603
41059,2705334830.000521,-0.919424644887151,1.7565170057979196,0.6973387181973312,0.025005056811617705,0,-2.2177792873181583,77558.5294117647,0.8857053877296792,0.4329959104096932,0.23834734765908858,0.5190162152661536,0.6546811397557666
06017,1034750522.0313298,0.11720306813847614,2.765792596630131,0.4617294724609888,0.04562242194114528,0.01480422148278969,0.0724233124624541,186644.82352941178,0.8221737776393647,0.635421000300012,0.747534516765286,0.7350430982348876,0.9023066485753053
05047,212671843.03455183,-1.394145815682501,1.4228633365014394,0.7943062429462515,0.007114548538355043,0,-1.907464522480518,17738.235294117647,0.659919028340081,0.3097581413392139,0.20855392920170246,0.3927436996269991,0.44029850746268656
22127,71032728.99955486,4.104054649573083,0.9307178400194439,0.8363107294723906,6.249440159222712e-4,0,-1.1256925858131015,14406.882352941177,0.5132357521021489,0.6374495938960689,0.22620159867123432,0.45896231488981737,0.2727272727272727
36015,114168920.65422367,-1.2342771578675666,2.6195889183090757,0.6143391671391066,0.0023348583993833714,0.005344240925594307,1.0964898966256107,85580.4705882353,0.5851759576455933,0.28292031824843716,0.7558393023980069,0.541311859430679,0.7225237449118046
13313,42206562.96789054,-2.0627602754169967,2.2877888153869113,0.7225601628235996,0.010631383808765783,0,2.3755954418799665,103244.5294117647,0.43506695733416384,0.29620310272285866,0.48240423544067274,0.4045580984992318,0.41112618724559025
37101,459146139.3756436,2.035058626851418,1.2762841934517888,0.8434919130595292,0.005737620300445547,0,0.9709083416442351,197549.17647058822,0.7499221426346933,0.658145327289586,0.36437246963562747,0.5908133131866355,0.3381953867028494
21113,246691228.1303796,-1.5709125215626791,2.0461553584244974,0.7328095547054002,0.04127026315582703,2.456590998714984e-4,-0.43194477541492615,51865.529411764706,0.6789162254749299,0.41794874235127877,0.5641025641025641,0.5536558439762576,0.7204884667571235
39021,440712936.6475159,-0.10000367895122153,1.3181411311576767,0.9409758459364783,0,4.1509132209337636e-4,-1.4350771609085382,39222.705882352944,0.7471192774836499,0.2510176390773406,0.4024706737257345,0.46686919676224164,0.42299864314789687
25003,8373323953.17275,1.3066333063463134,2.2566982065212713,0.9662721270000579,6.338080112265625e-4,2.550114551911835e-4,-2.577967887315411,128964.82352941176,0.9361569604484584,0.5680753184342452,0.3357209592027406,0.6133177460284814,0.682157394843962
47189,373813551.96735245,1.4177528177190641,0.9165035399659774,0.9180464592952093,0.0545070033407454,0,0.6022708939250603,135175.70588235295,0.7256306446589847,0.7842705990905374,0.29834942385549673,0.6027502225350062,0.3239484396200814
51840,365085035.27333283,-0.27568861478292916,2.7858583789523568,0.43443739125037945,1.233125436076433e-4,0,-1.7903577205114902,27388.70588235294,0.7222049205854874,0.35745507296818874,0.33945811273746496,0.4730393687637137,0.7489823609226595
38055,354921615.2029459,-1.3631368512067645,2.3831581648152445,0.48395806993721424,0.04648900870149008,0,-3.366952109608136,9485.882352941177,0.7206477732793523,0.44356736992755297,0.28039032492473787,0.48153515604388103,0.7764586160108549
46037,7705913.002448879,-0.8105069838454746,2.1498840472683627,0.5368368167463876,0.026027341879952568,0,-0.35352396543995274,5530.882352941177,0.22018062908751168,0.4456642819787019,0.39240112114606046,0.3527486774040913,0.49762550881953865
08014,1545662508.6964695,-1.4068524992324178,2.1503564445824352,0.7524542572107114,0.04545335622692356,0.03991606808649238,-1.9001999472949296,66089.70588235294,0.8554967299906571,0.4373284107790434,0.5460396553513962,0.6129549320403656,0.8348032564450475
55097,236094961.65814608,3.085724759381545,0.6619813948312616,0.8471622333157056,1.3646464474837376e-4,0,0.07644216829216365,70495.11764705883,0.6729990657116163,0.6150743368238059,0.30125609882694904,0.5297765004541237,0.25508819538670285
31023,18966052.763061736,-4.163610766538307,2.455892069424439,0.5304509120998742,0,0,-0.6484195738243478,8253.058823529413,0.3213952039862971,0.013229308005427409,0.3752725007785737,0.2366323375900994,0.4633649932157395
08097,22994379.720608145,1.3106070190456673,2.318014790514201,0.6378212989497779,0.22590063835239294,0.09590882069881193,0.2827923648430056,17341.41176470588,0.34911242603550297,0.8671787265168056,0.7287449392712549,0.6483453639411878,0.7520352781546812
47043,37144442.58362094,0.5630290013578829,1.8956843048215604,0.6668236253350552,0,0,1.4791636992605668,52478.58823529412,0.41606976019931485,0.34989823609226595,0.4678708605834112,0.4112796189583307,0.29850746268656714
29071,55048596.86750697,-0.33610937332053936,3.119302445285915,0.44725391237451484,0.06273655434065842,0.0454887334166522,2.110918573785009,103310.29411764706,0.4786670819059483,0.5832558377723335,0.8836291913214991,0.6485173703332603,0.832089552238806
29023,418852569.254808,0.8233016550159462,2.7842671964994237,0.39963638623819875,0.023185891004513914,0,-1.2617250076097746,42528.64705882353,0.7405792587978823,0.6678277405104193,0.3739229731132565,0.5941099908071861,0.7940976933514247
29157,194702503.11725894,0.8301266958833367,1.8055520446239166,0.8446624944136225,0,0,-1.7106071763125936,19057.529411764706,0.6511990034257241,0.3805970149253731,0.19391674452403196,0.4085709209583764,0.3741519674355495
72147,405765184.0347571,-0.026703821509943992,1.4663089819140793,0.8747054498239093,0.02600470091154016,0,-3.5929068387562064,8926,0.7365306758019309,0.5618473491533044,0.12758226928267416,0.47532009807930314,0.4898236092265943
23003,860946938.6479903,-0.2396123558808938,2.6756709945046815,0.5636488422210613,0.056063123244206516,0.017199978692362314,-1.250355554572574,68974.76470588235,0.8047337278106509,0.5871591668184855,0.6362503892868265,0.676047761305321,0.9046811397557666
27055,38332386.36994677,-1.511333793062164,2.1419486657810314,0.6146038414444258,0,0,-0.10957755684245864,18755.882352941175,0.42198691996262844,0.08836499321573948,0.38700301048479185,0.2991183078877199,0.40400271370420626
40049,1091689466.4059794,-6.773351002570907,0.08633977446476826,0.9952889381729595,0.512532409693937,0,-2.9006904892291012,27118.941176470587,0.8271566490189972,0.47664596492850014,0.049517284335098104,0.4511066327608652,0.37347354138398914
18043,424640904.2971289,1.7668724386253079,1.6871414134178484,0.9136715480214656,0.0076977250955022605,0.15088432560384135,-0.3685559311492071,77429.82352941176,0.7418249766427905,0.6626545719208657,0.5635835150005191,0.6560210211880584,0.6004070556309362
30097,13226943.217649996,0.439198042054052,1.108858997584755,0.7551852575608965,0.3241154961951484,0,-1.5113730925325632,3677.764705882353,0.28308938025537217,0.7970949814599801,0.24208450119381295,0.4407562876363884,0.38704206241519673
27035,127115866.9254133,-0.544453461660181,2.9688395094062545,0.7393891612936013,0.014444089936739226,0,0.56340001039026,64599.882352941175,0.5995017128620368,0.4334777651186589,0.3828506176684314,0.47194336521637564,0.600067842605156
51015,671289383.4286717,-0.39976270305165684,1.3663203431647013,0.9308815412171925,0.0025223302660400855,0,-0.8670670880906859,75382.64705882352,0.7813765182186235,0.37853669800025197,0.1913214990138067,0.4504115717442274,0.35447761194029853
32033,178634035.84624836,0.5844970212015514,2.7503595613207126,0.1735314144120892,0.0375890725340724,0,-2.6738573517398554,9526.941176470587,0.6427904079725942,0.6794426709592862,0.3600124571784491,0.5607485120367764,0.8300542740841248
27023,58000064.77266422,0.7718824787437146,1.9746391730694723,0.6888816169138698,0.001102809466440996,0,-1.1747225056461474,12199.411764705883,0.48614138897539705,0.5277847644633455,0.2876570123533686,0.4338610552640371,0.4708276797829037
50009,17736877.599549383,0.45336265392016806,2.487561903649911,0.44546911225199776,0.004942948797528283,0,-1.0222821736363046,6167.529411764706,0.3148551853005294,0.5340897761148711,0.37568774006020966,0.4082109004918701,0.5864993215739485
22067,27706439.76216302,-0.4115101831214112,1.281018441504917,0.8284175443091296,0.5506145501702551,0,0.7147466280905788,26092.823529411766,0.3724696356275304,0.6782716269263991,0.3517076715457282,0.4674829780332192,0.34328358208955223
47035,44401642.2770054,-0.25142233337203024,1.8174638033298995,0.8607715409858149,0.0013114045972404547,0.05984364981106537,1.4881682391077458,59398.35294117647,0.4425412644036126,0.38440211494902965,0.7074639260874078,0.51146910181335,0.4552238805970149
16003,30434013.958616942,-0.5345363671867389,2.2166320664440353,0.27861701697559577,0.03124637150703801,0,-2.1346889431915987,4225.117647058823,0.3839925256929306,0.49395545953961295,0.3614657946641753,0.41313792663223964,0.6855495251017639
18107,16907150.401429877,-2.1527154608033054,2.812331050640459,0.7805480574071869,0,0,1.7876441227157598,38251.82352941176,0.3086265960759888,0.05783582089552239,0.43548219661579984,0.2673148711957703,0.3348032564450475
18145,36018459.52830868,-0.15452788426080843,2.421063492167087,0.7398150263462703,0.07804092617075613,0,1.2652079413668769,44643.294117647056,0.4104640298972283,0.6279540084239035,0.427488840444306,0.4886356262551459,0.5027137042062415
40073,383816747.2966878,1.1119227478247566,0.5845657301054121,0.9915416299057837,0,0,-2.7146009301844565,15371.764705882353,0.7293677981937091,0.4068860244233379,0.060521125298453236,0.3989249826385,0.1919945725915875
28095,125682884.93906139,0.7777822533179162,2.0357848518556514,0.7553145476801191,0.007820528187887716,0,-0.3302504505027203,35526.470588235294,0.5973217066334475,0.5927662652305968,0.3143361361984844,0.5014747026875096,0.48575305291723203
23027,284975217.367907,-5.507502219119107,0.3222131288437766,0.9722364066859871,0,0.005509720471477784,-0.9902250696001514,39453,0.6963562753036437,0.005427408412483039,0.4408803072770684,0.38088799699773174,0.31343283582089554
13137,31926601.616831932,-1.7987459979061864,1.5089466360432802,0.8105405537322017,0.010141787410715223,0,1.3954592106889026,44929.117647058825,0.39177826222360634,0.3050539115317927,0.40236686390532544,0.3663996792202415,0.27204884667571233
55093,80008253.39674695,-0.14416933598037218,1.4910157053246775,0.8828533473388067,0.006752569593496075,0.0017498194755704076,0.3635327673300643,41690.35294117647,0.5322329492369978,0.4546437968655538,0.5720959202740579,0.5196575554588698,0.4531886024423338
55103,2878328.4514957666,-3.3704875723443504,1.9661970944679847,0.7921867600994095,0,0,2.3825568982408387,17592.117647058825,0.13360323886639677,0.02408412483039349,0.45146890895878755,0.2030520908851926,0.1584124830393487
51035,12738896.31797681,-2.354526368231573,1.6092006183878744,0.8303477238555882,0.25587468573785543,0,1.6867010481371,29679.764705882353,0.2790407972594207,0.5017733340946933,0.40766116474618497,0.396158432033433,0.31987788331071915
51109,156525648.62354228,0.5827452829903788,2.39587425964303,0.8848399624961583,0,0,-0.524779242783895,36116.470588235294,0.6275303643724697,0.35278154681139756,0.2403197342468598,0.4068772151435756,0.39552238805970147
19059,4901098.707701431,-1.0608591942961976,1.5399410450245294,0.819233415007932,0.017326253438843534,0,1.8198452198550392,17241.58823529412,0.18094051697290564,0.38919505678022714,0.41887262535035813,0.32966939970116366,0.2126865671641791
39161,11721422.767205432,-3.782144838052238,1.0648081154116824,0.9533835351797209,0,0,1.7131717004844746,28587.117647058825,0.2700093428838368,0.017469470827679783,0.33810858507214786,0.20852913292788813,0.04511533242876527
19029,7655460.336319412,0.7405048754215837,0.45835583009799963,0.9655544185301222,0.23231986182896838,0,0.9882406489913239,13363.470588235294,0.21893491124260356,0.8186608404506888,0.29045987750441193,0.44268520973256803,0.12957937584803256
26085,108739238.58057588,1.0195587544751703,0.7160628436541788,0.9249294788447738,0.010137621115899954,0,-1.8390989176549453,11913.70588235294,0.5786359389598256,0.63104284099633,0.145541368213433,0.45174004938986284,0.2774762550881954
24009,634372827.7194083,-0.3538851389688915,2.614992139522896,0.3701327470350382,0.2893361198474448,4.2728658193523955e-4,-0.5185372161649465,91421.64705882352,0.777016505761445,0.6655376560447896,0.6782933665524759,0.7069491761195702,0.9216417910447762
01007,11821192.46374204,-0.6188431852760186,2.4011200271635866,0.5469884582459789,0.08039160958175895,0,1.3407765398707234,22477.41176470588,0.2709436312675179,0.5583840680003154,0.5017128620367487,0.4436801871015274,0.5240841248303935
55061,50820792.308631875,-0.14332481650507312,1.93353700390338,0.7147733366859794,0.004630669034513293,0,-0.25578951024687313,20516.529411764706,0.46558704453441296,0.43611193440703205,0.33748572614969374,0.4130615683637129,0.4314789687924016
05127,55276040.96023408,1.0055736044383767,1.690003110953729,0.61226699479077,0.04959713807160882,0,-1.3538687524620145,10498.588235294117,0.47897851136717534,0.7465708214257551,0.30748468805148965,0.5110113402814734,0.5451153324287653
39103,995142909.0958732,1.5143352265972112,1.9925933365099333,0.7872300517019015,6.415486555206207e-4,0.0012495603664742965,0.036847792883207255,177667.76470588235,0.8178137651821862,0.5790945300823266,0.5895359701027717,0.6621480884557615,0.6601085481682497
31045,26640944.50361823,0.8375948744977233,3.0367249335253517,0.24601413384657173,0.04137182411212145,0,-0.9003639680078048,8746.29411764706,0.36779819370912487,0.715605566628508,0.426969791342261,0.5034578505599646,0.7557666214382632
13297,153936896.33075303,-4.382232823617061,1.3609138522975652,0.971094227607156,0.02005243632789874,0.0027675636025177833,0.9099005536978914,92170.29411764706,0.6262846465275616,0.28691995025782,0.5556939686494342,0.48963285514493854,0.4121438263229308
49001,28347592.947044663,0.5440176619737613,1.3820682612313808,0.7920599055427523,0.0045213115962224855,0,-1.3576019930656702,6736.588235294118,0.37527250077857366,0.5389091162877542,0.23461019412436415,0.3829306037302307,0.3246268656716418
39005,22143705.999512933,-2.2127069777833768,1.7470105623772396,0.7892362422270043,0,0,2.0128892828566385,53052.58823529412,0.3431952662721893,0.055461329715061056,0.43963458943216027,0.27943039513980356,0.2025101763907734
20037,88790051.23004638,-3.3256500563134583,1.1687603852622694,0.932410478754584,0.012482243786125325,0,0.1608393079430042,39062.294117647056,0.5484272812208035,0.2672423091320588,0.25879788227966366,0.358155824210842,0.2544097693351425
26015,65249919.759057365,-0.2282051349520433,2.4588205998793016,0.6620968891576159,0,0,1.1397277957963057,60848.529411764706,0.5020242914979757,0.2294776119402985,0.4502231911138794,0.39390836485071784,0.4094301221166893
48467,38380172.11323556,-0.6531891442284525,1.5350543671300871,0.9143754620357838,0.01621733987216075,0.004497856304339413,1.5510396717659198,56233.76470588235,0.4222983494238555,0.42504978296711016,0.6435170767154572,0.496955069702141,0.3985753052917232
31035,78736875.50955704,1.0931969220387572,2.649474087336127,0.34787605713575925,0.10922671858080454,0,-2.487807971627124,6270,0.5303643724696356,0.814508596568986,0.33655143776601265,0.5604748022682114,0.7951153324287653
01043,49804738.39290034,0.6890613528591842,1.888016980794141,0.8071305755947223,0.1456125710041374,8.920401374370068e-5,1.9006217702969919,84154.17647058824,0.46091560261600745,0.7903621580565019,0.670092390740164,0.6404567171375578,0.5593622795115333
29181,23484917.60952059,-0.37318785506058383,1.9365729669355176,0.44767031240046795,0.12879013062624467,0,-0.18380515192735236,12919.764705882353,0.35098100280286515,0.6249174060468291,0.4308107546973943,0.4689030545156962,0.5851424694708277
39077,53803306.53582135,-0.3044858563591095,0.9872074237255727,0.9625227687397516,1.3416066300911446e-4,0,1.2795437985835045,58751.76470588235,0.475241357832451,0.3528652737406065,0.310495172843351,0.37953393480546943,0.12347354138398914
19079,12158546.531767221,0.5791820563919359,0.9604154188048653,0.9500604696901109,0,0,0.7181563899075619,15176.235294117647,0.2728122080348801,0.35244233378561735,0.28257033115332714,0.30260829099127484,0.053256445047489824
48489,205210939.24993518,2.8575864008780094,0.9298271430782148,0.950686895795977,0,0,-1.5918239824293707,21341.941176470587,0.6568047337278107,0.4755766621438263,0.13640610401744005,0.4229291666296923,0.21132971506105835
22085,122813231.09347032,-1.4023239984187192,2.0856761208119545,0.9099322042134625,0,0,-0.9326508167554426,23500.117647058825,0.5957645593273123,0.09497964721845319,0.2001453337485726,0.2969631800981127,0.3466757123473541
48213,4531118.573785737,-1.7920937007519395,2.671069579642872,0.45202240973628893,0,0,4.243685638851414,81200.4705882353,0.1728433509810028,0.07276119402985075,0.5995017128620367,0.2817020859576301,0.36329715061058343
36079,97947146.41957895,-0.5590077315440958,2.2528142746837387,0.7221165290241999,0.018809156800731308,0.03589343271692206,1.4691271283189515,98929.5294117647,0.5636873248209281,0.44997174357761205,0.7651821862348177,0.5929470848777859,0.6784260515603799
05017,48304425.50904129,1.0968006963210968,0.7310072372553345,0.7300866591347991,0,0,-1.1780675434886951,10786.764705882353,0.45593273123637496,0.4060379918588874,0.27146268036956295,0.3778111344882751,0.2330393487109905
18173,86412520.2883115,2.156887661635901,1.5883242223857483,0.8190360394835413,0.020945510979015713,0.009518828403202957,0.8922541836780584,62207.64705882353,0.543755839302398,0.739704193552188,0.6685352434340288,0.6506650920962049,0.5345997286295794
31025,19532681.180694308,3.6572749922537273,1.4781414493225955,0.8362401028613078,0.037437528782089356,0,1.058897798184492,25999.470588235294,0.32575521644347555,0.810900747673547,0.3729886847295754,0.503214882948866,0.27611940298507465
27111,499425452.34610367,2.3252080604748375,0.6542734527029809,0.904256836753787,0.0016494158851658707,0,-0.9541269398979675,58536.82352941176,0.757396449704142,0.6272134952854601,0.20336343818125194,0.5293244610569513,0.2930800542740841
17091,13014301.887250626,-0.016592146550422626,2.4465176889092173,0.5016797860467856,0.5639110447813304,0,3.6534271332405694,110391.5294117647,0.281532232949237,0.7460985970131127,0.5790511782414617,0.5355606694012706,0.5590230664857531
48487,3960206.8105431413,-1.2309504702490432,1.9382846549598423,0.9872704560178501,0,0,1.6040307906168523,12986.29411764706,0.1600747430706945,0.11041383989145183,0.3062389702065816,0.19224251772290932,0.06987788331071913
38063,18485206.332837984,3.2110447403234748,1.0014604875274,0.9006491311078453,0,0,-2.149700028247811,3009.294117647059,0.31952662721893493,0.48117367706919945,0.14803280390324924,0.3162443693971279,0.15739484396200815
12065,1951941.6188220251,1.5306777056240204,1.737572380156171,0.8606079182926593,0,0.030951382190627933,2.4835357375241216,14549.529411764706,0.11242603550295859,0.43130936227951155,0.737776393646839,0.42717059714310307,0.25610583446404345
13169,12145155.621089756,-1.4260091126844987,2.712276862296681,0.48083289597836243,0.16757648033341715,0,1.6800898654484555,28633.058823529413,0.27250077857365307,0.526324131755143,0.5365929616941763,0.4451392906743241,0.6014246947082768
05107,159137391.57023138,0.5632313360611985,1.6690554628920689,0.5537975467775123,0.0054226746319320064,0,-1.5329316820862149,18757.352941176472,0.6297103706010588,0.5499676422043545,0.3163085227862556,0.4986621785305563,0.5583446404341926
17145,4877051.537614806,5.359599359303731,1.0705928477702422,0.9514682692949771,0,0,2.1523386279951455,21407.823529411766,0.17969479912799752,0.4960990502035278,0.3559638741824977,0.343919241171341,0.029172320217096336
40087,8788507.15572049,-2.906803856727784,2.1961576337498365,0.7661274811636,0,0.5100873658022914,2.484300557591614,39337.64705882353,0.2360635316100903,0.032225237449118045,0.7971556109207931,0.3551481266600005,0.4131614654002714
48179,1287690.6853848568,NA,1.4394283770878855,0.8548582962571747,NA,0,3.5384064317881267,22190.941176470587,0.08782310806602305,NA,0.44399460188933876,NA,NA
38021,10273188.211562473,1.5692805128024077,1.4901448528285668,0.8398659485236976,0,0,-0.7763287554860598,5058.058823529412,0.25474929928371226,0.43402306648575306,0.24800166095712659,0.31225800890886396,0.19436906377204885
38037,2482779.852611631,0.019385867207528662,2.061205110015089,0.5922388772161599,0,0,-0.5213966392553849,2342.235294117647,0.12270320772345064,0.2737449118046133,0.3641648499948095,0.25353765650762444,0.3229308005427408
48293,56176940.49792953,-3.013468314452144,0.27941783984388807,0.9810284592575989,0.6716186287115454,0,-0.17733972423656755,23086.941176470587,0.48115851759576456,0.5114676435639257,0.1991072355444825,0.3972444655680576,0.23371777476255087
47083,7527550.88427037,1.4927756631982394,0.21202935772481804,0.9961940678007357,0.0010024748293397533,0,0.2831187786400577,8293.823529411764,0.21582061663033322,0.5834287299157337,0.20948821758538358,0.33624585471048346,0.036974219810040704
55021,637352112.9897618,-0.48099054059980517,0.1409788035598025,0.9670321985317099,2.686985351169073e-4,0,-1.2318097602988518,57243.35294117647,0.7782622236063531,0.33160191935204647,0.14138897539707254,0.41708437278515736,0.230325644504749
26079,5761932.253095395,1.399157776967142,1.8930860549540784,0.75602101923769,0.007051186496556541,0,1.6930517463732235,17645.176470588234,0.1971348489567113,0.6388025938806605,0.44171078584034057,0.42588274289257083,0.26967435549525104
31155,163502836.89552945,-1.316555451803314,1.6401654489364685,0.5407855431404722,0.07869699837038072,0,-1.3502711021391995,21545.176470588234,0.6331360946745562,0.48954467052603623,0.32918094051697294,0.4839539019058552,0.6319538670284939
27129,2598239.971445113,2.410053994388191,1.214606239806699,0.8274490190207171,0,0,2.238848470733469,14952.235294117647,0.12488321395203986,0.4669267299864315,0.4298764663137133,0.34056213675072816,0.05970149253731343
38097,52791216.17693785,-0.8907848716744908,0.6385094207929959,0.8458639270662468,0,0,-1.71207615935179,8038,0.47150420429772655,0.14111261872455902,0.19308626596075987,0.2685676963276818,0.1997964721845319
36123,18671746.115777258,0.5716270733033522,1.7690635000292372,0.7244244356348007,0.052461542529736664,0,1.044146061782001,24991.764705882353,0.320460915602616,0.7076449370926385,0.4225059690646735,0.483537273919976,0.3758480325644505
20197,2216295.2595092612,0.6699035731786669,1.9458724302268637,0.768447569854561,0,0,1.2449919066589272,6980.764705882353,0.11709747742136406,0.36261872455902305,0.4132668950482716,0.29766103234288627,0.1852103120759837
21023,379957.92860204884,1.9785920227205853,1.1020031936610115,1,0,0,3.290256979767371,8409,0.04360012457178449,0.45505427408412485,0.3152704245821655,0.2713082744126916,0.00508819538670285
51097,71085051.36324097,1.605819714996633,1.655761800750736,0.9937960230133811,0,0,-2.2371169351803024,6916.176470588235,0.513858611024603,0.4358887381275441,0.07027924841690024,0.3400088658563491,0.21777476255088196
51057,18296562.520511497,-0.9004188408910565,1.3182564325130817,0.9223319115228361,0.03772987450750083,0,-0.18728391858273366,10930.058823529413,0.31890376829648087,0.4670848934413377,0.24343402885913004,0.3431408968656495,0.24898236092265943
51125,13475791.917115247,0.7708919908762546,1.3615197056938928,0.8100699575818855,0.7920424254025175,0.09826754584404994,0.5822298021387501,14848.29411764706,0.28589224540641545,0.8609484912837888,0.679746704038202,0.6088624802428021,0.5322252374491181
54013,2928446.1320400345,0.047699898908881266,1.6257904505146796,0.8653370321418296,0,0,0.9817739429231508,7052.235294117647,0.13671753347866708,0.27781546811397556,0.35316100903145436,0.25589800354136566,0.1116010854816825
05067,5710976.813718504,-0.9163093685408992,1.9803845880398971,0.6417834081560809,0,0,1.6692003476439727,17267.647058823528,0.19557770165057614,0.13941655359565808,0.48572614969376104,0.27357346831333174,0.2459294436906377
26109,15128206.125746064,-0.3829715348102152,2.0443643888510272,0.7845345826448608,0,0,1.1590036143472517,23462.117647058825,0.29741513547181564,0.20522388059701493,0.40236686390532544,0.301668626658052,0.2398236092265943
27039,601570.650304262,NA,1.5190699466595303,0.9651650866148654,NA,0,4.1847403709347315,20571,0.05636873248209281,NA,0.38108585072147827,NA,NA
35011,1161097.2133796038,3.128110765235327,1.0986971041140663,0.9098965565471291,0.7339891901771476,0,-0.13004788980412801,1835.8823529411766,0.08315166614761757,0.9647893706907256,0.25412644036125814,0.43402249239986707,0.2167571234735414
54063,12951866.388804428,4.169398294179258,1.2748582256704855,0.9276286240657304,0.12113468787563052,0,0.4397120288360782,13164.470588235294,0.28090937402678295,0.9046610860798938,0.2819474722308731,0.4891726441125166,0.23880597014925373
48173,41039195.7155032,-0.5525195185970393,2.070567354892362,0.6524263889083983,0,0,-4.266122142441046,1259,0.42977265649330426,0.17978290366350066,0.21675490501401432,0.2754368217236064,0.45488466757123475
13165,2146633.8338384414,-0.03206792524381541,1.8471751571464505,0.6308329130111403,0,0,1.6109909331783134,8704.823529411764,0.11616318903768297,0.2635685210312076,0.4884252050243953,0.2893856383644286,0.21200814111261873
31095,7244322.783022039,0.8155211141688046,0.45116962874380345,0.997182895265787,0,0,0.1298861455486831,7307.705882352941,0.213640610401744,0.37907055630936226,0.19744627841793835,0.2633858150430149,0.01967435549525102
48501,43202543.93663317,1.7330332074220127,1.0563162605578462,0.9999999999999998,0,0,-1.5057054768392988,8069.529411764706,0.436624104640299,0.44301221166892807,0.08585072147825185,0.3218290125958263,0.1044776119402985
19077,1314451.1527110245,2.5476896314661417,2.108536938217151,0.7547520342555311,0,0,2.4202726423883703,10745.764705882353,0.08875739644970414,0.469640434192673,0.4684937195058652,0.34229718338274745,0.17978290366350066
21069,10644540.437986067,-3.0429988352613684,1.8019327563007543,0.7207330587119826,0,0,0.8048345320785062,14718.941176470587,0.25848645281843663,0.027985074626865673,0.4072459254645489,0.2312391509699504,0.23710990502035278
17017,19262436.05868531,3.620897556882852,1.4474139622040674,0.785473348186445,0,0,0.02191647432207867,12984.117647058823,0.3232637807536593,0.48473541383989144,0.32617045572511155,0.37805655010622075,0.20759837177747625
31163,3140600.8911486454,2.1009399730863585,0.947398278897851,0.9911109045494468,0,0,-0.36066569865818443,3042.235294117647,0.14232326378075366,0.45793758480325647,0.17273954116059378,0.25766679658153463,0.033921302578018994
29075,2762013.7954385346,1.291787390312491,1.0348497398096093,0.9461509970935498,0,0,0.9330411660896,6569.823529411765,0.1311118031765805,0.4180800542740841,0.30239800685144813,0.28386328810070427,0.035278154681139755
21183,44568132.55262989,-2.966180623643206,1.4235223258745135,0.8607134873635416,0,0,0.10803305484027838,23923.70588235294,0.4428526938648396,0.029850746268656716,0.2960656078064985,0.2562563493133316,0.2065807327001357
46003,4582401.011537513,1.6694591599444948,1.4940938364790513,0.9723307940936537,0.026069174731653086,0,-0.8925261216906952,2747.823529411765,0.17440049828713797,0.7368734529212201,0.15799854666251428,0.3564241659569574,0.20556309362279512
72047,288978573.12848556,4.853317568219039,0.03951080240346741,0.9980925786310886,0,0,-1.187891847768444,34943.3,0.6982248520710059,0.49406377204884666,0.10889650160905223,0.4337283752429683,0.11872455902306649
72111,6244267.4509754935,6.565493918102411,0.9332127403131223,0.9339919734865991,0.08325160080598977,0,1.9347104144442733,21829.1,0.203986297103706,0.8895917116911345,0.3602200768192671,0.48459936187136926,0.13568521031207598
31017,233915.51788809692,-0.32082501438191713,1.7756947536948327,0.8493102407315647,0,0,2.2111642852086235,2991.6470588235293,0.029585798816568046,0.2135345997286296,0.4198069137340393,0.22097577075974564,0.08412483039348712
38033,2615362.854950878,5.081766378733972,1.5406902999388514,0.9226051916751455,0.07133934190287991,0,-0.9997639444208116,1767.235294117647,0.12550607287449392,0.8760125406851695,0.18966054188726253,0.39705971848230864,0.26255088195386705
40029,5305780.487395453,5.2362873313247125,0.14467359666293192,0.9993135009526275,0,0,0.04227470787929179,5614.117647058823,0.18872625350358144,0.4955902306648575,0.18665005709540125,0.29032218042128005,0.014586160108548168
47057,1579026.2227960974,0.5351072533178218,2.0686496270691577,0.9023890778824861,0.3235978923982869,0,3.4059445109772173,23264.352941176472,0.09934599813142324,0.8062563390009327,0.417315478044223,0.44097260505885966,0.26797829036635007
21171,647824.9560032908,NA,0.3185951433248496,0.9991694818130176,NA,0,3.151558912296045,10915.588235294117,0.05948302709436313,NA,0.3294923699782,NA,NA
72105,23141424.78751752,-0.4844670844875889,1.0371016880517852,0.9479270469734381,0.7200747613352197,0,1.0569375448691494,29043.5,0.349735284957957,0.6752788707219958,0.3077961175127167,0.44427009106422316,0.22862957937584802
19143,49186176.16218659,2.6437588927520714,0.12475871739341504,0.9936527182150493,0,0,-2.0352638071963853,6196.058823529412,0.4584241669261912,0.47133649932157395,0.07816879476798505,0.33597648700525,0.07937584803256445
48069,3541360.408568792,NA,0.8493174235985607,0.9998726841225484,0,0,0.9285245537921392,7719.294117647059,0.15104328869511055,NA,0.24613308418976435,NA,NA
31175,210374.47648785677,NA,0.8844675911710057,1,NA,0,2.817128552526592,4162.470588235294,0.027717222049205854,NA,0.3068618291290356,NA,NA
54073,4811896.99519682,-1.4739275037659763,1.476736526719036,0.8932634476735756,0.19608931099251428,0,0.5862925455152839,7539.588235294118,0.17907194020554346,0.5309532452512442,0.3114294612270321,0.3404848822279399,0.2618724559023066
21065,2717212.0506783156,0.30775614484612746,0.40106472691549794,0.9689984405234067,0,0,2.1291528984132233,14324.411764705883,0.1301775147928994,0.3193690637720488,0.3416381189660542,0.2637282325103341,0.0101763907734057
72043,7954307.783123357,NA,0.2775541152740919,0.9890907573068682,NA,0,2.59707440641769,39678.1,0.22391778262223605,NA,0.3360323886639676,NA,NA
19147,218876.51004968118,NA,1.2093623531556092,1,NA,0,3.960738603606213,9096.411764705883,0.02865151043288695,NA,0.3234714003944773,NA,NA
28119,15824787.449603839,-7.28838115241861,0.05343921332120071,0.9999999999999999,0,0,-0.6893204279290146,7127.235294117647,0.30115228900654,0.0011872455902306649,0.13204609156026162,0.14479520871901075,0.028833107191316147
48159,734988.6016085112,NA,1.3602213630832851,0.9331354145418244,NA,0,2.9870398792032806,10642.941176470587,0.06477732793522267,NA,0.38980587563583513,NA,NA
13209,479016.14083268726,NA,1.1244012449802596,0.9640031892655209,NA,0,3.1487192013989147,8925,0.05076300218000623,NA,0.3697705802968961,NA,NA
17123,145348.69328829518,NA,0.5155698178218542,1,NA,0,4.785697473084714,11970.70588235294,0.019931485518530054,NA,0.329803799439427,NA,NA
31015,571738.8024027575,NA,0.044710395082523544,0.9999999999999999,0,0,0.6638527450483975,1942.5294117647059,0.05574587355963874,NA,0.223398733520191,NA,NA
48087,148314.92922487573,NA,1.4225830945470714,0.8567080724208016,NA,0,2.6162840456891123,2893.470588235294,0.02148863282466521,NA,0.426969791342261,NA,NA
13317,145546.14298018583,-0.2609548238930035,1.7782637685857565,0.8783442393121199,1,0,4.5008227795969775,9925.823529411764,0.020554344440984116,0.7193872140481778,0.4411917367382954,0.39371109840915247,0.223202170963365
46107,4940612.013894884,1.6963346074059533,0.9463577006072078,0.9049228235510042,0.16974310798231307,0,-1.2166318156711138,2331.235294117647,0.1815633758953597,0.8743436669811808,0.1866500570954012,0.41418569999064725,0.2503392130257802
48379,300049.99317038857,NA,0.012948760450847181,1,NA,0,4.031452581613976,11740.176470588236,0.03643724696356275,NA,0.32430187895774937,NA,NA
20109,1259.329767863584,NA,0.29241496452762866,1.0000000000000002,NA,0,7.314338668952141,2761.4117647058824,9.342883836810962e-4,NA,0.3331257136925153,NA,NA
13301,505767.4849945435,NA,-0,1,NA,0,2.3400001785097926,5421.823529411765,0.051697290563687326,NA,0.29533893906363545,NA,NA
18003,12448486257.066954,-1.537701406322519,2.257030042151649,0.7824775884769626,0.0522139260914778,0.0011032459706877384,-1.3687604889053089,372590.0588235294,0.9526627218934911,0.44120613456673635,0.5008823834734766,0.6315837466445681,0.830393487109905
39049,25473747647.01954,-0.8101708964051504,3.039828798593001,0.6220633355461822,0.02507100190798202,0.006449230182466591,-0.24096946964140928,1259818.5882352942,0.9685456244160697,0.44282787646754385,0.6654209488217585,0.6922648165684574,0.907055630936228
05119,7387286392.03253,-0.6128875077946603,3.371641484346672,0.2042888293183763,0.09076426275547314,0.0010385211839174999,-0.7698873223551775,392044.8823529412,0.9336655247586422,0.5669115254480014,0.7034153430914564,0.7346641310993666,0.9915196743554953
01031,1007487022.151459,-0.31293110484728004,1.8566554512205375,0.8718240214608023,0,0.0026196020205346638,-1.8351078600072999,51999.82352941176,0.8199937714107755,0.21438263229308005,0.44960033219142526,0.49465891196509354,0.5939620081411127
22051,13497239947.578463,-1.736121089094361,2.292863370833409,0.4596101288354273,0.0557700240170977,4.474544386487702e-4,-1.2221179751559688,433031,0.9545312986608533,0.43452372859694965,0.6111284127478459,0.6667278133352164,0.9033242876526458
17197,1625998930.2184672,-0.8924343165735209,3.3749836293534674,0.21382616230341997,0.02332880726066978,0.046468593772864726,1.5969496669734302,688898.2352941176,0.8592338835253815,0.4293505600073961,0.9141492785217481,0.7342445740181752,0.9352103120759837
26081,4444693126.444051,0.04783092703645764,3.3367996875759274,0.42499329249608053,0.014693710146302951,0.019887232979053628,0.4743437428839947,637643.2352941176,0.9115540330115229,0.5324940926629378,0.7933146475656597,0.7457875910800401,0.9263907734056988
21047,10704657739.516672,-0.5068810071812884,2.7208505636103397,0.293886195615731,0.015641252307069732,0,-3.6955781190259236,72487.35294117648,0.9461227032077234,0.44525901644990573,0.3227447316516142,0.5713754837697477,0.8660108548168249
35033,83001944.06706761,3.846234346550384,1.0003425594441766,0.9162543187517973,0.2574802987339194,0,-3.0355082668651665,4521.117647058823,0.5381501090003115,0.9383378924289103,0.1126336551437766,0.5297072188576661,0.39654002713704206
04023,992889516.3288084,-2.0853272932264026,2.3220915001017937,0.622325484652351,0.07278008988199022,0.0021171827742984192,-1.9599375591480963,47423.64705882353,0.8171909062597321,0.44164244363897404,0.5470777535554864,0.6019703678180641,0.8670284938941656
12087,2144548279.609204,-0.11380690230839718,2.925844804312956,0.17597198613567056,0.06303712346013925,8.193952806048354e-6,-1.9981950055637867,76909.82352941176,0.8751167860479602,0.6210676667672749,0.6182912903560677,0.7048252477237676,0.9742198100407056
26025,3018524696.1861234,-0.30896909456895116,3.0020129290345703,0.2795626012316208,0.09930419871879416,6.525012070876591e-5,-1.4924856583154866,134641.76470588235,0.8922454064154469,0.6172064844297369,0.6275303643724697,0.7123274184058844,0.9745590230664858
56025,396352313.75573874,-0.6270143428792885,3.2401466134223194,0.35631141850224424,0.047901353052999106,0.002440954775984039,-0.26879762727138834,79022.58823529411,0.7340392401121146,0.5176306933178886,0.7200249143568982,0.6572316159289672,0.9246947082767978
51770,1226794955.711942,-1.073412459085084,3.02609792475844,0.41517332257039297,0.08311315735650449,0.3400153719308503,-1.0687725928429648,98267.17647058824,0.8386795390843974,0.5144247110231317,0.7119277483649954,0.6883439994908415,0.9687924016282226
51033,876054113.2802645,-0.27538511282190115,2.759254873195034,0.3577254589520863,0.014894477798291365,1.1304212410622208e-5,-2.5162526368076756,30230.235294117647,0.8075365929616942,0.4776981597750001,0.5703311533271047,0.618521968687933,0.9114654002713705
22053,11323836.49940612,-0.5273658945511919,2.68232318584757,0.5939924859099879,0.01907743708078488,0,1.8995110155547608,31603.647058823528,0.2650264715042043,0.457408371695902,0.5129243226409218,0.41178638861367595,0.48744911804613295
20061,5353854436.9274435,-1.391226863673861,2.6864419748261823,0.21721167199754243,0.046129210495027925,7.861781055728983e-4,-4.110534695802191,34864.35294117647,0.9184054811585176,0.44069448258797106,0.5911969272293159,0.6500989636586015,0.9782903663500678
51710,60879059697.37514,0.0706524072673389,2.827204483027222,0.32941799780402936,0.04027183808091989,0.006390967109052816,-3.61481434309705,241103.64705882352,0.9853628153223295,0.6147209615975506,0.6085331672376206,0.7362056480525002,0.992876526458616
48029,97570185989.6688,-0.057073378352342274,3.358050578682541,0.21446729594905078,0.03599251760134702,0.0027383015105746757,-0.9580519951932126,1904972,0.9919028340080972,0.5811334337603293,0.7030001038098205,0.7586787905260824,0.9925373134328358
48113,169397701627.43964,1.1911617196303048,1.9790379954051138,0.8294962282770817,0.007227336190335075,0.00136572499055699,-1.0791332973012526,2531891,0.9965742759265026,0.6270762918872571,0.49672999065711615,0.7067935194902919,0.7493215739484396
24033,111096583341.8592,-0.16593625350551022,2.8039423049210397,0.08676423548785653,0.056211508049084515,0.0038572336630012995,-2.2068112665677417,909534.7647058824,0.9940828402366864,0.600714658625256,0.6583618810339458,0.7510531266319628,0.9969470827679783
06001,96600659902.72081,0.1112419351559133,1.7627598593228144,0.8058971890700631,0.0049364130077147505,0.0036137713316404013,-1.207013545222567,1605407.705882353,0.9915914045468701,0.48575452578608147,0.5166614761756462,0.6646691355028659,0.7360922659430122
13073,457728886.28557044,1.5519204553737183,2.6622425079292484,0.714096451811382,0.0010929537186093693,0.002785934301954997,0.5064270454229213,145046.9411764706,0.7492992837122392,0.586980043306876,0.6655247586421674,0.6672680285537608,0.746268656716418
06113,26512665684.487503,-2.0742461932690084,0.37235026615154393,0.9567716535658077,0.053314578075853464,4.1150009353861547e-4,-2.9762261808763473,212283.41176470587,0.9694799127997509,0.41794137800703174,0.33800477525173883,0.5751420220195071,0.585820895522388
36059,34239593679.269924,-1.191558255291035,2.5818960333535252,0.6795857256602063,0.015200028230725393,3.8027546709150405e-4,-0.4201001540412812,1360713.1176470588,0.9757085020242915,0.37167063661470384,0.5883940620782726,0.6452577335724227,0.8449796472184532
51810,63045466923.0449,0.8414464358798277,2.2426032747574496,0.711032086574262,0.004124800779629112,0.0021420454464759634,-2.7104363047576436,448478.9411764706,0.9862971037060105,0.5703254088457331,0.48967092286930347,0.6820978118070157,0.8310719131614654
53073,6120703263.76027,-2.8979087578701233,0.902245520868455,0.8873422613696056,0.25009025014964065,2.1213210798932491e-4,-1.4818196126803749,216313.0588235294,0.9249454998442853,0.48329925341411,0.4282155091871691,0.6121534208151881,0.6651967435549525
53061,6543948800.205122,-0.014777909009545454,2.776918872866051,0.40978224381771605,0.022041706291600748,0.009396678839041394,0.39571850314037166,781654.5882352941,0.9277483649953285,0.5515480304797746,0.7784698432471712,0.752588746240758,0.9101085481682497
50011,697603555.9076279,-1.7037610242722359,1.7703590995314908,0.7452462154271045,0.531273637032375,0,-1.553145302835957,49140.470588235294,0.7844908128308938,0.553621263331729,0.24467974670403822,0.527597274288887,0.6645183175033921
05143,2812735496.4028244,-1.3405250775744868,1.9416428629824674,0.6226091199505414,0.09813843943570306,0.035661546246191264,-0.6145266968074442,229531.64705882352,0.8885082528807225,0.5010364464795716,0.6654209488217585,0.6849885493940175,0.8497286295793759
23031,6893440487.557818,1.0852592959323673,2.4759669931333796,0.4526290301641019,0.03906598356174074,0.0024123756298813017,-1.677826637431444,205568,0.9302398006851448,0.7343378525481538,0.611543652029482,0.7587071017542603,0.921302578018996
45089,94945953.40985166,-0.5419471505162328,1.881248641046706,0.6823074308382651,0.09396374416083253,0,-0.2036698134281827,32092.176470588234,0.5593273123637497,0.5801121691596671,0.3532648188518634,0.4975681001250934,0.5559701492537313
40133,149994640.83880964,0.39533089251480646,2.551983547630479,0.5755945637290006,0.16363130974314616,0,-1.059152344572919,24668.41176470588,0.6225474929928371,0.7634522776897078,0.33509810028028647,0.5736992903209438,0.7459294436906377
51043,1148637333.6254773,-1.281820307100034,2.135667063643967,0.5164326454574883,0.05972166008207402,9.124753531846028e-4,-3.894118141540427,14548.117647058823,0.8321395203986297,0.4705613171163675,0.5263157894736842,0.6096722089962271,0.8819538670284939
37059,300242099.8883158,-1.8784709985642216,2.165179745111427,0.6022697039396011,8.229006588449703e-4,0,-0.9345525641964311,42367.17647058824,0.7028962939894114,0.2191634512806708,0.3349942904598775,0.4190180119099866,0.6007462686567164
37147,822960349.4261867,0.3779273883143901,2.0835359666938618,0.793951418765346,0.021124250122125376,0,0.20026724239710336,174577.29411764705,0.8016194331983806,0.6090967552472653,0.33447524135783246,0.5817304766011594,0.5525780189959294
35028,65510170143.64255,0.3548696388521151,0.10740329828379339,0.992407609146109,2.051147576704626e-4,2.916999693982048e-4,-7.566013548626955,18598.29411764706,0.9872313920896917,0.46425505919120014,0.2788331776186027,0.5767732096331648,0.451831750339213
55081,17866408121.714123,-0.16508930682588385,0.9290025052181725,0.8151940639226039,0.18231569568672967,8.291437147904321e-7,-4.9124065261405425,45507.882352941175,0.961071317346621,0.6760371715842358,0.38253918820720445,0.6732158923793538,0.7279511533242876
36113,77750496.346075,-0.5218301439533004,2.351701329959555,0.6496057746091077,0.002054997980053504,0,1.067455210057144,65133.94117647059,0.5300529430084086,0.3537165919355672,0.45136509913837847,0.4450448780274514,0.4854138398914518
48441,1895910735.1033816,-0.29124362692504846,3.020981007929532,0.22017085539515696,0.025793504749558525,0.001020739869500186,-0.9936807887068677,137676.58823529413,0.8667081905948303,0.5152159814880779,0.6865981521851966,0.6895074414227015,0.9497964721845319
40147,86920887.44918685,0.31950717592042643,1.5076949087566107,0.6718885213434315,0.21285884325002566,0,0.6170929626167131,52068.05882352941,0.544690127686079,0.7654565123009475,0.4137859441503166,0.5746441947124478,0.4901628222523745
22029,303082311.2826532,-0.47892272873972175,2.0437375649480893,0.3796752984474558,0.0017585131984242791,0,-2.106738794306568,19650.823529411766,0.7035191529118655,0.3559944402599863,0.3407038305823731,0.4667391412514083,0.6814789687924017
22039,7816338.382799295,-0.6401795777100432,1.3635543005730086,0.8847500037082033,0,0,2.3484511843374336,33280.470588235294,0.2223606353161009,0.16689280868385345,0.4058963977992318,0.26504994726639536,0.07191316146540028
17089,11943917434.371424,0.11165270435931873,0.4966917255353239,0.9471982906689543,0.007793017998705331,0.002523415053496112,-0.8189240972156857,521350.82352941175,0.9501712862036749,0.5081352211433269,0.456140350877193,0.6381489527413983,0.49491180461329715
09005,1014048299.2494394,-1.7775259154241247,2.4662451632598867,0.820171615433919,0.006312582036205103,0.00528905004716004,0.08514487911046022,185723.66666666666,0.8206166303332295,0.28169466477051797,0.6009550503477629,0.5677554484838367,0.7405020352781547
09013,324579359.3595088,-0.23467437249541945,2.923022577081531,0.5868491225008778,0.08708188127410507,0.039368419556506266,0.9185130660729014,151746.25,0.7100591715976331,0.6214047271385829,0.7840755735492578,0.705179824095158,0.8632971506105834
22101,2800732041.741322,0.19387663348830486,1.9187763110242808,0.6012078595807837,0.010134817478373555,9.935481047198912e-5,-2.878143008773848,51296.41176470588,0.8878853939582685,0.5345393410067534,0.4992214263469324,0.640548720437318,0.8093622795115333
13155,30505333.043182056,-5.650204956130226,2.1571749336735557,0.9732709887123421,0,0,-0.9282571997520253,9390.470588235294,0.38461538461538464,0.004240162822252374,0.15446901276860792,0.18110818673541496,0.24016282225237448
01015,8075650990.172767,-0.5320277273124461,3.124088748519117,0.43298412445821305,0.02629266117946565,5.4386417211255856e-5,-2.6999002067260993,116170.82352941176,0.9355341015260044,0.4814408328189622,0.5488425205024395,0.6552724849491353,0.9508141112618724
37135,1175199968.9069726,0.09831746227525429,3.051079714540265,0.49882987806556456,0.05033519892671346,0.026674963206552597,-0.464212140290936,142414.35294117648,0.834630956088446,0.6390142338045607,0.7094363126751791,0.7276938341893953,0.9328358208955224
39143,334138046.3248857,-2.423209254883215,1.3098988652413734,0.9767896563071116,0.0025200854423979117,0.02751767077649378,-0.5251414190687956,59593.64705882353,0.7150420429772657,0.22216209896047184,0.49205854873871074,0.47642089689214945,0.46777476255088196
51165,386672220.81395763,-0.5732116776922744,1.8943107853014598,0.619837136182742,0.0014158616256999396,1.986771387442623e-4,-0.21875121642872275,80355.70588235294,0.7299906571161632,0.3370584452487064,0.6224436831724282,0.563164261845766,0.687584803256445
51087,1876702791.2307878,-1.3972268136719812,2.969343444333943,0.42762806373032847,0.05609879349072176,9.17071618432244e-4,0.3082812865674595,323241.29411764705,0.8663967611336032,0.4553723004579942,0.7298868472957541,0.6838853029624504,0.9131614654002713
19111,277339167.026089,-2.545936579940726,1.389009587761402,0.7918692789786851,0.03479360617541758,0,-1.1711966197173405,34384.117647058825,0.6919962628464653,0.3620565418489625,0.24499117616526522,0.43301466028689767,0.4765943012211669
48183,110169953.27879174,-1.297030311321997,2.296561610162296,0.726489407264536,0.010007940399856488,0,1.6870054088658837,123477.5294117647,0.5811273746496418,0.33509511107243883,0.45479082321187586,0.4570044363113188,0.47489823609226595
32013,90351152.42759816,-0.1352564192258594,2.811843769774408,0.21072926008402787,0.03338476495802136,0.010175250652972725,-1.1226064264876572,16923.235294117647,0.5506072874493927,0.5612136756552454,0.7180525277691269,0.6099578302912549,0.9016282225237449
27139,71067802.71309644,-1.3950803950401838,3.0256235122801396,0.5405114914764769,0,0.020261707698465047,2.3462484501717666,142876.29411764705,0.5135471815633759,0.09565807327001356,0.8562233987335203,0.48847621785563655,0.6889416553595658
01071,70613637.29188503,-0.668683909068271,2.7266276463093515,0.7875039391158355,0,0,0.8441485636885432,52735.58823529412,0.5129243226409218,0.16299185888738127,0.3801515623377971,0.35202258128870006,0.4060379918588874
37113,97421311.77011095,-0.6322358520359899,3.15933048125156,0.3910724660168503,0.09766437520811573,0,-0.08443097819784422,35318.23529411765,0.562753036437247,0.5688842633253843,0.45281843662410465,0.5281519121289119,0.7815468113975577
26003,42844748.89340991,1.1558133251141296,2.535028647649098,0.37971647769599676,0.12313353554435895,0,-1.3038681007344917,9170.176470588236,0.4356898162566179,0.8252669971331175,0.37506488113775566,0.545340564842497,0.7401628222523745
56013,560037792.676154,0.6952954739891837,2.558748106279091,0.524605593021114,0.09839113256877745,0,-1.6482756771720766,39913.17647058824,0.7673621924634071,0.7685007056174764,0.31983805668016196,0.6185669849203485,0.7937584803256446
18111,1513922.7192363122,-1.6421572919950922,2.1661988396178016,0.7484760098830916,0.04207112141605726,0,2.6832197563241325,14035.529411764706,0.09654313298037995,0.4159004349721605,0.4764870756773591,0.32964354787663314,0.3164857530529172
30111,983195372.1717522,-0.166947805806263,3.4225657681486226,0.28982314249337765,0.03748377227762366,5.547396996322047e-6,-0.12672711101234035,158199.88235294117,0.815945188414824,0.5651356988060245,0.7072563064465899,0.6961123978891463,0.9318181818181818
18077,63335027.70201893,-0.6982573410985484,2.3609097015351126,0.3915628885703629,0.0112108574215918,0,0.22176861425478622,32531.29411764706,0.4964185611958891,0.3972573142667062,0.4719194435793626,0.4551984396806526,0.6183853459972863
55003,43841905.33597325,-1.1380532306119413,2.7576857803375074,0.39508634124552416,0.018517742261656395,0,-0.4914829722962643,15925.29411764706,0.44004982871379633,0.3880888189767142,0.42198691996262844,0.41670852255104635,0.6882632293080054
36111,201352419.7200164,-2.0592542303411054,3.078692999261099,0.45807118822889004,0.02289486636903886,8.039628890964122e-4,1.6641012711565395,181155.5294117647,0.6549361569604485,0.3486439183205851,0.8017232430187896,0.6017677727666078,0.824966078697422
37077,1313227346.270315,-1.6329763095010819,2.406848529528292,0.590967713966139,0.12347612709986903,0,-1.902536625929031,59251.82352941176,0.8436624104640299,0.4967339699752287,0.2900446382227759,0.5434803395540114,0.7917232021709634
26111,131434388.50693889,-1.7842773273820836,2.0387725547947357,0.8998065052045751,0,0.01642152867416746,0.9201475474018824,83595.76470588235,0.6054188726253503,0.07327001356852103,0.6395723035399149,0.4394203965779287,0.4687924016282225
18183,3518742539.895445,0.9928047094648562,0.29188066948535113,0.9968607221782277,0,0.0015357176968563834,-3.7375126299901305,33805.23529411765,0.8997197134848957,0.3943351424694708,0.2996989515208139,0.5312512691583935,0.37279511533242876
48209,2050462671.084203,-0.15005564538592964,1.836463192798365,0.7107024268981518,0.0077192779985882165,0.011300401043189447,-0.4363444413712725,209541.64705882352,0.8701339146683277,0.46031139619809497,0.6273227447316516,0.6525893518660247,0.7452510176390773
39169,839236255.6386395,-1.8226385598351698,1.961693271776051,0.8111033154592063,9.719745546536309e-4,0,-0.4410717407539473,115765.64705882352,0.8022422921208346,0.22404816417094708,0.28122080348801,0.43583708659326387,0.49423337856173677
30031,948626936.7901359,1.0937526215938895,3.0272589984133886,0.38389270102922957,0.020559708145464286,0.1367501471057524,-0.6947063769704287,106159.35294117648,0.8131423232637808,0.6832486773637733,0.7407868784387003,0.7457259596887514,0.937584803256445
53041,215456125.82078475,1.1694556529064304,2.08080866932351,0.488823733358999,0.0011418066657130136,0,0.34045561611959047,79007.29411764706,0.6617876051074432,0.565766199971177,0.4544793937506488,0.5606777329430896,0.5708955223880597
08117,64164830.94850366,-0.6125955944831833,2.825474020261656,0.42774676297256314,0.5142793976320089,0.028804072615469117,0.07306420613661473,29741.764705882353,0.49890999688570536,0.64573844659015,0.7679850513858609,0.6375444982872387,0.8850067842605156
05075,3238593.7207072023,-0.6921764006121034,1.297447535782142,0.8761493405109289,0.1093877370618151,0,2.189539709934201,16740.647058823528,0.14356898162566178,0.5711180388819248,0.40506591923595975,0.37325097991451545,0.19369063772048847
19157,39900756.07839824,NA,0.29096041359147556,0.997755317873923,NA,0,-0.16129968930107227,18612.41176470588,0.42759265026471505,NA,0.17741098307899927,NA,NA
29085,15990198.669969479,-1.822641433004728,2.002698432971501,0.4940578790483791,0.09948078779463866,0,-0.31294023237222235,9202.470588235294,0.30239800685144813,0.4735445563220516,0.407557354925776,0.3944999726997586,0.5617367706919946
40013,425457336.2009502,-3.442944038017453,1.437604825619045,0.9319263620761385,0.32515738099754155,0,-1.1729736664134516,45565.64705882353,0.7421364061040174,0.48298111374263675,0.1706633447524136,0.46526028819968923,0.4789687924016282
48233,32069196.54009179,0.9994603961116635,2.1834321434178166,0.6572175587778708,0.9038067395689589,0,0.25996538363131333,21280.647058823528,0.3933354095297415,0.8861651389617771,0.3932315997093325,0.557577382733617,0.5780189959294437
30085,409617921.9866165,-2.322645903556513,1.6619681028946973,0.8369697720195696,0.03509314612714254,0,-3.317743110839003,10772.70588235294,0.738087823108066,0.3713692649885932,0.1502128101318385,0.4198899660761659,0.5478290366350068
48223,54458489.2863159,0.2834914538874216,1.3606684131454119,0.9038204202353939,0.0011165929687917335,0,0.5396665281093291,36323.82352941176,0.4767985051385861,0.46977412536515817,0.30395515415758334,0.41684259488710923,0.2225237449118046
27027,200989531.54882434,-1.734702241785513,1.1070846040746818,0.9072327658777578,0.8783947501721179,0,0.057300065840767814,62585.529411764706,0.6543132980379944,0.5652878574879292,0.2685560053981107,0.4960523869746781,0.39620081411126185
28105,464631678.7173415,0.14337171261985304,2.056769702509896,0.9095377101458685,0.0012299711135670892,0.05350906973785774,-1.133445218836831,49574,0.7508564310183743,0.45346062998906,0.5110557458735596,0.571790935626998,0.6611261872455902
16047,161702221.74780473,0.5878370729635023,1.1664364447269349,0.7761425655403461,0.028471191228860212,0,-1.845040469697565,15424.176470588236,0.631267517907194,0.658408404325612,0.22069967818955674,0.503458533474121,0.44369063772048845
16083,216424215.2174519,0.7196627195625425,2.5787810420769213,0.5336370553178162,0.029290064234419273,0,0.4408601543397649,84676.70588235294,0.6624104640298972,0.676525031066203,0.4483546143465172,0.5957633698142059,0.6808005427408412
27007,170981307.54716915,0.02228671881167088,3.3224149227693878,0.193236980248517,0.010178500717983928,0,-0.25377768765743736,45794.58823529412,0.6371846776705077,0.5067134495132282,0.47742136406104013,0.5404398304149253,0.7893487109905021
26011,23543553.74140455,-2.8339760519501063,0.5982258060606783,0.9878450857078793,0.06724609928121586,0,0.07628357478587862,15367.411764705883,0.35191529118654624,0.41033820241115426,0.20793107027924843,0.32339485462564965,0.15807327001356852
21011,3342755.337385428,0.0735772980861249,2.265938889445368,0.7960685218958832,0.1974585891960431,0.04262196987425721,1.686555200237439,12261.058823529413,0.14543755839302397,0.7232792133339496,0.7443164123326067,0.53767772801986,0.5746268656716418
05133,15856644.788657311,-0.3125590597754879,2.7427631381556403,0.41274843602675537,0.06485251365589599,0,0.5963762922836586,16688.58823529412,0.30146371846776704,0.5884667344639528,0.4927852174815737,0.4609052234710978,0.6438263229308006
51021,22323691.18034801,1.8170130178607788,1.55638973427528,0.904087764354788,0,0,-1.1763432033457055,6484.882352941177,0.34475241357832453,0.4481004070556309,0.1893491124260355,0.32740064435333033,0.20997286295793757
24019,182497979.9546939,1.5682322763598187,2.2098855506804824,0.6280741550883595,0.4035426591773606,7.740463804012446e-4,-0.8385174154343571,32488.647058823528,0.6471504204297727,0.9031253370603713,0.5905740683068618,0.7136166085990019,0.817842605156038
18121,7591267.234568487,0.3081037672948863,2.7386790054977097,0.3941782574221884,0.6281617724675901,0,1.3531936687505168,16913.117647058825,0.21737776393646838,0.8005031999775218,0.5447939375064882,0.5208916338068262,0.6400949796472184
41031,87439262.17066765,1.3406032078289272,2.7633626234416946,0.3312120467295118,0.0031066418429416026,0,-0.6024925349580256,23352.117647058825,0.5459358455309873,0.6020077241774368,0.43049932523616735,0.5261476316481971,0.7035278154681139
54025,128626485.21181014,-0.9095583101676343,2.856519127614995,0.358513499537348,0.008225733514568056,0,-0.39636747865822153,34532.117647058825,0.60230457801308,0.36069765038897333,0.437143153742344,0.4667151273814658,0.7350746268656716
48091,1083712611.9390047,-1.1175083981634835,1.5762730060256012,0.8233723598036817,0.02320578157966417,1.3423768412240865e-4,-0.3868895554882636,142064.4705882353,0.8265337900965432,0.4086663829694667,0.5222672064777328,0.5858224598479143,0.6458616010854816
21231,345583028.7143711,1.4281681159262334,1.3628382759583786,0.9839964341328525,0.006841516097123145,0,-2.183692018187653,20368.29411764706,0.718156337589536,0.6389878354628751,0.08574691165784283,0.48096369490341795,0.33921302578018997
17067,14700321.331077138,1.1089881707290026,1.1015659386376342,0.8673985470824191,0,0,0.7983147517852262,18140,0.29367798193709127,0.40637720488466755,0.3383162047129658,0.34612379717824154,0.0980325644504749
20117,73709275.40189831,-0.8277771058054846,1.7605841815945693,0.988356450348448,4.009216185039869e-4,0,-1.7238615732943405,9943.588235294117,0.5200872002491436,0.29032760228734267,0.09820409010692412,0.30287296421447013,0.2883310719131615
02013,293235235.9620449,1.0074360913215763,2.0675267711369925,0.636993138626662,0.6351503452364313,0,-4.753712346588336,3344.823529411765,0.7013391466832762,0.8776715574976275,0.22028443890792068,0.5997650476962747,0.7466078697421981
46063,50830326.9643063,0.1072615142916149,1.7860120854787536,0.7034836265955676,0.0038838885855658365,0,-4.453938045253272,1280.9411764705883,0.46589847399564,0.4757136389468217,0.19734246859752932,0.379651527179997,0.4864314789687924
17133,105117522.61737983,-1.738766521725914,1.8853253713543354,0.913538986551482,0.060764135967825976,0,-0.21838600097287827,33992.17647058824,0.5733416381189661,0.44286855030730843,0.24623689401017335,0.42081569414548264,0.4291044776119403
28073,96995945.75497839,-1.3632828511083552,2.272884511883436,0.8105707381302284,0.03028881798189403,0,0.7460608730479619,60960.294117647056,0.56244160697602,0.4074926197940884,0.36250389286826534,0.4441460398794579,0.48405698778833106
29215,17315399.649086416,1.0092810050882086,1.9142465194052611,0.6991106904405032,0.020226207274858868,0,1.1528814543367296,25548.058823529413,0.31111803176580505,0.6732705573970192,0.4378698224852071,0.4740861372160105,0.3694029850746269
17025,245658.79356334062,0.40383281925927683,1.434615708474204,0.8648315600990656,0,0,4.43129748823453,13397.29411764706,0.03020865773902211,0.33344640434192674,0.44710889650160907,0.27025465286085265,0.041044776119402986
22057,6290527483.245981,-0.19586742326544382,1.0022099722909572,0.8639671134745778,0.016485534054643175,9.247822383467611e-4,-2.7224683911957275,97037.70588235294,0.9261912176891934,0.49525385007917233,0.4100487906155923,0.6104979527946527,0.6394165535956581
48059,11613381.13091929,-6.07524563916437,1.7591405318653832,0.803455085937419,0,0,0.6228785583467921,13824.882352941177,0.2687636250389287,0.002544097693351425,0.35918197861517703,0.2101632337824857,0.208955223880597
21141,1187266.7518525168,-1.9232583348901517,2.1804784823578944,0.7667332347462028,0.042683796919360396,0,3.927402569705962,27195.470588235294,0.08408595453129866,0.403660101750312,0.4875947264611232,0.32511359424757796,0.29511533242876525
37001,748991095.1279745,1.1298195639792645,1.2492354339464327,0.8895600774332754,0.00388189161970478,0,0.18768232222788697,162686.70588235295,0.7913422609778885,0.5949496233534459,0.28661891414927854,0.557636932826871,0.34260515603799185
51147,73134619.04660338,0.2669043993003086,2.2291257006029426,0.725626716897588,0.06501340854960364,0,-0.4692253649710517,22662.41176470588,0.5172843350981002,0.6883623647113313,0.31682757188830063,0.5074914238992441,0.5770013568521031
39145,61575242.31635683,-2.339113141769193,1.242670314844505,0.892916431154532,0.04634175341596506,0,1.5381291226978677,76196.64705882352,0.4929928371223918,0.39540433195654084,0.37008200975812316,0.4194930596123519,0.26763907734056985
55013,112497424.9049063,-0.22891371764803026,1.741060987252132,0.9826591988754854,0,0.0016838215819216054,-1.4431376655054529,15827.588235294117,0.5839302398006851,0.22913839891451832,0.38503062389702064,0.3993664208707414,0.4033242876526459
51173,567956751.0829332,0.6578428632573257,1.9025562139327046,0.9304834982853323,0.00539088071658576,2.2523291831533766e-4,-2.05030562961297,30887.70588235294,0.7698536281532233,0.5609998830768729,0.37921727395411603,0.5700235950614041,0.6180461329715061
13129,76547892.68166746,-1.6964886399874377,1.2804800403539205,0.8985673638606482,0.022630056731504124,0,0.8812791110022044,57004.94117647059,0.5272500778573653,0.3632483193433452,0.3289733208761549,0.4064905726922885,0.27510176390773405
31131,148928711.42603254,2.3311862093155984,1.2778181876721264,0.9233890745449768,0.006697634647520201,0,-1.7132317491921325,15937.176470588236,0.621301775147929,0.6756462948511224,0.15114709851551955,0.48269838950485705,0.3385345997286296
31159,19284118.37972282,-0.07255134150328146,1.220745589899827,0.9476891000239931,0,0,0.44251158432294285,17156.235294117647,0.32357521021488633,0.2572930800542741,0.26689504827156646,0.2825877795135756,0.08649932157394843
13033,43054918.81895806,0.5386268815991002,1.8689670289186628,0.9264604410229728,0.9451699014157446,0,0.10406028474609924,23322.58823529412,0.43600124571784493,0.8386596802832258,0.25952455102252675,0.5113951590078659,0.4084124830393487
12107,69891165.65661523,0.5674892652991659,3.0790447580821882,0.5087302772174354,0.08855906905713352,0,1.3656878375425552,73927.29411764706,0.5113671753347867,0.7460420615088159,0.5132357521021489,0.5902149963152504,0.6953867028493894
48267,1579575.9207169919,0.8289509932444385,1.2027152528767926,0.931618302056679,0,0,0.9011415120731042,4446.882352941177,0.09965742759265027,0.380427408412483,0.3095608844596699,0.2632152401549344,0.042740841248303935
31047,96025811.71253672,-1.7127926390091783,1.3314243285794132,0.905866520308108,0,0,-0.6526773008721324,24032.823529411766,0.5608844596698848,0.07581411126187246,0.2214263469324198,0.286041639288059,0.22489823609226595
39015,4891143.806934225,1.0142574724414732,1.0963423645391035,0.7992274462133774,0,0,3.2404724740616664,44018.23529411765,0.18000622858922455,0.3978968792401628,0.46506799543236793,0.3476570344205851,0.06478968792401628
38061,130173139.5314019,-0.34893787621551553,2.4046034956067817,0.6542697023092379,0,0,-2.4008300420775943,9257.35294117647,0.6041731547804422,0.21048168249660787,0.24820928059794456,0.3542880392916649,0.5488466757123474
20181,1579589.7145491056,-0.6558236110755136,1.408396619914207,0.7976987965825305,0.2755524378891591,0,1.3447375340774643,5961.35294117647,0.0999688570538773,0.6202683521724589,0.4068306861829129,0.3756892984697497,0.2574626865671642
22063,37018977.80986463,-0.3084285592579423,2.504005973197855,0.5800727547006803,0.12247609195420164,0.005364343450656213,2.9445292085751804,137875.58823529413,0.4154469012768608,0.6304021430468354,0.8340080971659919,0.6266190471632295,0.7293080054274084
55089,87903596.2104201,0.22794161558987547,2.9435805336756684,0.49014425128571193,0.15926458739597263,0.04627141494981168,1.4195210482471652,89135,0.5471815633758954,0.7381965423384081,0.8420014533374859,0.7091265196839299,0.8527815468113975
39059,9194177.438494544,-1.3947433824799287,1.1204111713303266,0.8467673719031279,0.02531245700546566,0,2.434317100972438,39211.58823529412,0.24166926191217689,0.39091786014362506,0.427592650264715,0.3533932574401723,0.17265943012211668
29223,292600528.3767948,-2.9022061639089394,0.9546731002015296,0.8522348715084372,0.04587851800030862,0,-2.74222308919815,12616.35294117647,0.7010277172220492,0.37624921937950984,0.15519568151147098,0.4108242060376766,0.44131614654002715
18045,6426279.497217145,7.1115839508196,0.7481416013039593,0.9987085688192802,0,0,1.5059202858987504,16758.764705882353,0.20492058548738712,0.4991519674355495,0.281532232949237,0.32853492862405786,0.013568521031207599
17079,2898352.6873938413,NA,0.7104697997840763,0.9952490279560621,NA,0,1.4453568611496959,9514.470588235294,0.13453752725007787,NA,0.2846465275615073,NA,NA
12075,152635634.01535085,3.789174279772725,1.0666178924598202,0.9366850725020336,0.00481661565972669,0.00918785886273287,-0.27951935063588984,41769.529411764706,0.6253503581438804,0.6808202565239027,0.5225786359389598,0.609583083535581,0.42740841248303935
48221,103123803.23529813,-0.8605186822564903,1.0902915912208342,0.9646420883167743,0.07983204494687066,5.875562653594519e-4,0.6058362476608958,57861.41176470588,0.5705387729679228,0.532102876037013,0.5213329180940517,0.5413248556996625,0.41282225237449116
48463,21773458.56159724,0.2433127692116166,2.5817224333459734,0.3870594091687548,0.13840353206983372,0,0.9610366698095912,26184.647058823528,0.34039240112114605,0.7334030340191917,0.523928163604277,0.5325745329148716,0.6512890094979648
20097,13742325.637453804,NA,0.72913205591322106,0.9845432869571261,NA,0,-2.1427328829396624,2485.3529411764707,0.28776082217377763,NA,0.08668120004152392,NA,NA
02188,91739486.74210916,-0.8486988933711217,2.3453662633328984,0.4954705743421318,0.0013589519695929256,0,-2.349759478839802,7598.64705882353,0.553410152600436,0.3045044181533578,0.3016713381085851,0.38652863628745965,0.6489145183175034
28005,7602684.918931221,-0.8727539429498421,1.3079941199821095,0.9808414521279232,0,0,0.9191925766767683,12709.29411764706,0.21768919339769544,0.14246947082767977,0.2735388767777432,0.21123251366770615,0.048846675712347354
21195,67366617.51625952,-0.5035074594866007,1.9127081171074485,0.6838816308172293,0.0052854522251630535,0,1.1057165746172186,60764.705882352944,0.5060728744939271,0.38632341571428697,0.44067268763625034,0.44435632594815483,0.4080732700135685
21095,23981063.93638123,-0.036988490499899385,2.0206476376679245,0.55028474282476,0.005066946190101506,0,0.93058897078744085,27354,0.3544067268763625,0.45944727537390473,0.4776289837018582,0.4304943286507084,0.4287652645861601
72123,112124235.52200896,0.7121515993007925,2.2746229378061913,0.3428369834002851,0.11024362588099929,0,-0.5095672772387879,29264.6,0.5823730924945499,0.779893232870082,0.4331983805668016,0.5984882353104779,0.7381275440976933
72063,7682204.275373071,1.7525812447465032,1.9382469795646493,0.7825412237114586,0,0,2.877146820665822,46658.2,0.2192463407038306,0.4443690637720488,0.4657946641752309,0.37647002288370346,0.182157394843962
48019,11688539.583952343,NA,1.459691837296513,0.9560570316397247,NA,0,1.2827596270647146,21471.41176470588,0.2696979134226098,NA,0.31516661476175645,NA,NA
48057,145548864.93613425,-0.5405126547266761,1.6093947573234693,0.6275731585196884,0.002276991670253503,0,-1.2685775133877113,21057.882352941175,0.6169417626907505,0.3534948685249286,0.3056161112841275,0.42535091416660226,0.4955902306648575
37091,467473361.15287155,-12.094748669761383,0.5785336083131032,0.9997942148449626,0,0,-2.2984333617464348,23052.529411764706,0.7514792899408284,0,0.0573030208657739,0.26959410360220076,0.18181818181818182
55078,4589580.360276858,1.841306406476562,0.47881784988549586,0.9849232187776272,0,0,-0.19078713587111215,4373.176470588235,0.17533478667081906,0.4492876526458616,0.19391674452403196,0.2728463946135709,0.02408412483039349
72137,350307227.89014524,0.7114214306311339,0.8693107851749581,0.9207284469200715,0.0051937932550588884,0,-0.08430124860600369,82272.7,0.7197134848956711,0.5671317759897905,0.25153119485103287,0.5127921519121649,0.2744233378561737
36115,106117954.40379931,1.0199652770536911,1.58987279180806,0.7495102491685166,0.0062476008474888385,9.610774310302086e-4,0.6784815569731761,61865.23529411765,0.5748987854251012,0.6054943446368086,0.6464237516869096,0.6089389605829397,0.5332428765264586
21203,35105710.974136434,-4.876950582462689,0.6832162549354339,0.9901989539801972,0,0.07613233900183644,-0.19673533687482603,16706.941176470587,0.4061040174400498,0.008310719131614654,0.5119900342572407,0.3088015902763017,0.21709633649932158
19019,374140.11206229945,-1.7047209826581167,2.072283645118616,0.4552772392065446,0,0,4.687786747334667,20956.941176470587,0.04328869511055746,0.07683175033921302,0.601577909270217,0.24056611823999585,0.24084124830393486
17115,987767164.7276915,-4.455834870369715,0.9133705047500272,0.9579492931782021,0.1853153404642163,0.0018574200165497436,-0.7324790681174923,106346,0.8165680473372781,0.44772856431995606,0.4502231911138794,0.5715066009237045,0.5685210312075983
47159,585559648.4822856,-2.944646868360133,0.7154056010296719,0.8963398875520213,0.002267879461036012,0,-2.7620890863842296,19692.58823529412,0.7720336343818125,0.20220846487185135,0.1309041835357625,0.3683820942631421,0.3483717774762551
19075,922321.9839026731,-2.598655210825058,2.174921411298892,0.6131557500836037,0,0,2.98786625312481,12372.176470588236,0.0747430706944877,0.04189280868385346,0.5366967715145853,0.21777755029764215,0.2299864314789688
28123,1109564315.471317,2.9331064716061697,1.424592968540271,0.9548411891772793,3.464830543420629e-4,0.0012307722015734487,-2.860966898391725,28140.470588235294,0.8287137963251323,0.619051082717221,0.3535762483130904,0.6004470424518146,0.5457937584803256
39001,3445543.3992800475,0.251499032201151,1.0290806315196452,0.9273316004373938,0.5439204144665803,0,2.9035860884271876,27953.529411764706,0.14886328246652134,0.7893664987142988,0.39281636042769646,0.4436820472028389,0.15434192672998642
13197,87016764.13388164,NA,0.029760113143010976,0.9998792405303445,NA,0,-2.1756933192150942,8232.235294117647,0.5450015571473061,NA,0.06083255475968027,NA,NA
48483,20608039.41389843,0.9375748611386925,0.06768957684011649,0.9986124512861714,0,0,-1.4134070338189937,5259.35294117647,0.3326066645904703,0.38822930800542743,0.09550503477628984,0.2721136691240625,0.044097693351424695
48065,9178221.21741293,NA,1.5079065961961788,0.9388110173640531,NA,0,-0.4044679304813685,6002.705882352941,0.24104640298972282,NA,0.2147825184262431,NA,NA
13311,6076426.426052218,NA,1.6936873417621154,0.9042198765107555,NA,0,2.361343088788607,28420.823529411766,0.20149486141388975,NA,0.3959306550399668,NA,NA
01107,430343662.42755926,-3.4263283495486903,1.1733885749266297,0.8811739735996802,0.20117548346311614,0,-2.464102428618137,19562.941176470587,0.7440049828713796,0.4647858584650078,0.14927852174815737,0.4526897876948483,0.5010176390773405
05117,138418728.31497592,0.33838571414138485,1.3748245550738418,0.7804542763605429,0.21773058421224145,0,-2.6248316773353353,8314.470588235294,0.6107131734662099,0.7696680108294383,0.19090625973217068,0.5237624813426063,0.5335820895522388
13223,108219447.91339967,1.1834489842933742,0.8120318507113378,0.8755916114687926,0.020888888653627275,0,2.08473046525978,158703.5294117647,0.5780130800373715,0.6911993367105083,0.40143257552164435,0.5568816640898414,0.22048846675712347
48363,51564908.72761553,-0.6513369720135298,2.36754670197917,0.8509974220581946,0,0,0.22903344937981482,28535.882352941175,0.4690127686079103,0.16536635006784262,0.30924945499844286,0.31454285789139863,0.33955223880597013
45059,11486004.101276385,0.8664436213939695,2.3737046305009235,0.6013776956337971,0,0,3.0284265893308406,67259.17647058824,0.2668950482715665,0.38331071913161463,0.5415758330738089,0.39726053349233004,0.3205563093622795
51580,5363222.318525091,-2.936310433684792,2.6695232223040084,0.41132067032166153,0,0,0.06581297344309164,5742.823529411765,0.18997197134848956,0.031037991858887382,0.45665939997923805,0.22588978772887167,0.458955223880597
48003,89006438.92114209,0.14775388129656442,0.7857115879207511,0.9999999999999999,0,0,-1.0826141611771563,17205.058823529413,0.5487387106820305,0.2974898236092266,0.10630125609882696,0.317509930130028,0.09972862957937585
39071,63489047.48536181,-3.059453342390663,0.9441258130344925,0.9282012375232719,0,0,0.652331183832104,43305.705882352944,0.49766427904079724,0.027815468113975575,0.2954427488840444,0.2736408320129391,0.12075983717774763
20199,223674317.89148653,0.7536387641917646,0.1503486101561007,0.9996903834582282,0,0,-5.695272263497137,1501.4117647058824,0.6658361881033946,0.3721166892808684,0.017440049828713795,0.3517976424043256,0.14959294436906379
09170,56876672.57009905,1.6923259739287975,3.2041587239597313,0.3630384623706601,0.026298268406814096,0.09174417203456205,4.664781264162323,570598,0.4836499532855808,0.738900913541239,0.9519360531506281,0.724828973325816,0.8168249660786974
39019,3702421.668311371,1.7350903908665085,1.693396757016139,0.827828505197816,0,0,2.8164759492268927,27674.117647058825,0.15602616007474307,0.4431818181818182,0.44368317242811167,0.3476303835615577,0.11092265943012211
29061,5376494.000321932,-5.756408816646952,0.6392570605016773,0.995722471577444,0,0.20001055029625167,0.6329685693817404,8367.117647058823,0.1902834008097166,0.0037313432835820895,0.5648292328454271,0.2529479923129086,0.1251696065128901
48073,2678265.6440103166,-1.2080824541869788,1.5649998646411283,0.9084387399755447,0,0,4.081239873999613,51531.35294117647,0.1279975085643102,0.11295793758480326,0.42105263157894735,0.22066935924268694,0.055970149253731345
51520,7032454.303062931,-5.9780222351429195,1.8571559959370596,0.7242385135244404,1,0,1.4532024752477943,17178.29411764706,0.21177203363438182,0.49737228867504346,0.4448250804526108,0.3846564675873454,0.40094979647218454
35041,172442010.1307811,-3.1012095770022228,1.9992637837760348,0.6592767865630087,0,0,-1.5715370845933443,19281.176470588234,0.6381189660541887,0.02764586160108548,0.2773798401328766,0.3143815559293836,0.48473541383989144
55051,3322342.1320540598,2.51301089586722,2.1176045472243636,0.6117294374412229,0.16188235008699564,0,0.5962961994801721,5941.941176470588,0.1448146994705699,0.9003273394369018,0.4352745769749819,0.4934722052941512,0.4616689280868385
01093,21029826.834506255,0.09444983698873344,1.4345332736107832,0.9346899342598105,0,0,1.199253555849014,29952.29411764706,0.3366552475864217,0.2866350067842605,0.3251323575210215,0.3161408706305679,0.09735413839891452
51049,1719076.9672059475,-2.9359998972577035,1.2310426512395178,0.8908743443625893,0,0,2.0216214831898216,9859.470588235294,0.10370601058860168,0.031207598371777476,0.3905325443786982,0.17514871777969246,0.04613297150610583
13055,147838978.5982644,3.8584232569792025,0.05632253243170139,0.9987500456681175,0,0,-1.0121920025849962,25203.58823529412,0.6197446278417938,0.4869402985074627,0.11823938544586317,0.4083081039317065,0.08921302578018996
36039,32905326.25061982,1.529751273886884,2.329189226048256,0.7216952332565566,0.0022796007379561455,0.04273725349328299,1.465072850062682,47991.82352941176,0.3967611336032389,0.602983443141371,0.7666355237205439,0.5887933668217179,0.5932835820895522
19141,5270951.461370287,1.7105965881803193,0.7721857407542214,0.9487934276972864,0.2138366992277512,0,1.4408865526682606,14083.588235294117,0.1884148240423544,0.8862111377889201,0.3278314128516558,0.46748579156097675,0.13738127544097695
20081,1553322.845293857,NA,1.0729896489998059,0.9232028474723079,NA,0,0.7484527113854992,3975.8823529411766,0.0981002802865151,NA,0.3052008720024914,NA,NA
40105,35732467.5438311,-0.018763040309403678,1.9186036490316685,0.9947153211604131,0,0,-0.9648766308100325,10175.64705882353,0.4089068825910931,0.2671302578018996,0.12882798712758228,0.26828837584019166,0.20047489823609227
20131,26398396.24174123,-1.2997814877562544,0.672911282789483,0.9601348903541036,0,0,-0.6680112033333727,10136.117647058823,0.3671753347866708,0.10345997286295794,0.18301671338108583,0.21788400701023822,0.07971506105834464
13133,7138252.074943646,0.12228763160178424,1.8092496632374038,0.8863229174678325,0.858762214092785,0.01635381514642216,1.4785084990594313,17641.117647058825,0.21270632201806292,0.783412256444141,0.6788124156545209,0.5583103313722416,0.4932157394843962
18171,79568.11409163075,2.2640142696878724,1.1212886212892554,1,0,0,4.851330603877571,8395.823529411764,0.013080037371535347,0.4633649932157395,0.33042665836188106,0.26895722964971863,0.0033921302578018998
13157,13328950.121486923,-1.0361992316721746,2.1162516988219564,0.6654976646678011,0.4226646590521292,0.019985195981500642,2.938242766962682,69915.5294117647,0.2843350981002803,0.5978127670991009,0.8258071213536801,0.5693183288510205,0.6462008141112618
22049,270768.72166560666,1.305135563023824,1.8380296281808846,0.6904270738464302,0,0,4.575047493488754,15710.529411764706,0.033322952351292436,0.419606512890095,0.5257967403716391,0.3262420685376755,0.13670284938941654
26119,3588606.6843608636,NA,0.15323077234875127,0.9945441678831315,0,0,1.2269367908574909,9484.35294117647,0.15228900654001867,NA,0.2738503062389702,NA,NA
46073,653309.0237257115,-1.470216787986347,1.116034066606773,0.9708304232179995,0,0,0.5169034329365791,1925.1764705882354,0.06010588601681719,0.0912483039348711,0.2543340600020762,0.13522941665125485,0.027815468113975575
13005,35727788.765394524,0.1360692060111326,1.2244229404927072,0.92812389817135,0,0,-0.8276879115180039,11140.117647058823,0.40859545312986606,0.296472184531886,0.1968234194954843,0.3006303523857455,0.16112618724559022
46111,1315809.5921824246,-0.24834187045497025,1.1151179338339083,0.9297530403520353,0,0,0.12956153376041168,2367.176470588235,0.08906882591093117,0.22693351424694708,0.25848645281843663,0.19149626432543831,0.050203527815468114
47183,1261616.9427443813,-1.2423600022021155,1.7763828420277692,0.7999507997685533,0,0,4.1953383935673285,33791.529411764706,0.08720024914356898,0.10922659430122117,0.47607183639572304,0.2241662266135044,0.10719131614654002
09130,33149643.839688398,NA,2.100954033493244,0.8057352078320612,0.0013641992797520667,0.007212602754699395,3.4228961589119926,175822,0.3970725630644659,NA,0.7592650264715042,NA,NA
19197,5269717.7815963775,2.3543464044786475,0.2467026635194582,0.9904195522410648,0,0,1.3090734550383785,12906.941176470587,0.18810339458112738,0.4659090909090909,0.2851655766635524,0.3130593540512569,0.012211668928086838
18099,129734808.78734764,-1.2367320913859867,1.3327130488701127,0.909643978494818,0.11349581557550724,0.11887271498039116,0.04938999630460921,46622.117647058825,0.6032388663967612,0.521392060466478,0.5946226513028132,0.5730845260553509,0.5759837177747625
01035,8851422.468642032,-3.9261446657974233,0.6932743592722066,0.9293603158462116,0,0,0.7245766683797961,12357.058823529413,0.2369978199937714,0.015434192672998642,0.29855704349631473,0.18366301872102828,0.046811397557666216
01063,1199906.1646947993,NA,1.6711613728336865,0.7816895019721346,NA,0,2.1233261018638774,8315.117647058823,0.08502024291497975,NA,0.44731651614242707,NA,NA
01037,43860161.47003554,-1.3718210536847533,0.058289955928082705,0.9988948860843146,0,0,-1.0674532906152592,10887.70588235294,0.44036125817502336,0.09718453188602443,0.11398318280909374,0.21717632429004716,0.05664857530529172
31013,11956713.40996765,2.104536949253914,1.2353188393850076,0.907679885170507,0.015778639132786126,0,0.2532842470611772,11040,0.271566490189972,0.7167912260522855,0.2810131838471919,0.4231236333631498,0.20013568521031208
72067,1488577.5902699642,3.675018228385822,1.827150519343414,0.9274053060710419,0,0,2.9427767299821097,16476.4,0.09529741513547181,0.48575305291723203,0.3932315997093325,0.32476068925401214,0.06377204884667571
13201,16403400.98983756,NA,1.0720172531964667,1,NA,0,-1.0078521363002153,5913.235294117647,0.3048894425412644,NA,0.10100695525796739,NA,NA
72077,1906227.2056114895,-4.151143480120293,1.899212515924104,0.7556361502321342,0,0,4.018795642855342,39498.5,0.11086888819682342,0.013568521031207599,0.4936156960448459,0.20601770175762565,0.14721845318860244
28079,7432119.987797303,5.081350909161573,0.24628070636832677,0.9910589190489758,0,0,1.8147725666067243,22625.117647058825,0.2155091871691062,0.49508141112618725,0.3083151666147617,0.3396352549700184,0.01051560379918589
48393,8129.348110142252,NA,-0,1,NA,0,3.728291527327276,885.6470588235294,0.003737153534724385,NA,0.320564725423025,NA,NA
48063,191988.86268250685,NA,0.027797665689947196,1,NA,0,4.594133131434842,12676.764705882353,0.02553721582061663,NA,0.3290771306965639,NA,NA
26113,267650.9336788374,-0.09787583959858459,1.131153675080636,0.9999999999999999,1,0,4.521677448972491,15050.588235294117,0.0330115228900654,0.7460154365719227,0.33956192255787393,0.37286296067328734,0.06580732700135686
48081,8083.697257192807,NA,0.4644185500593724,1,NA,0,5.7252885643602704,3301.176470588235,0.003425724073497353,NA,0.33271047441087925,NA,NA
31077,914.8995654293417,NA,-0,1,NA,0,7.409672260702663,2381.235294117647,3.114294612270321e-4,NA,0.33385238243537835,NA,NA
06029,20469947865.817604,-0.0035404507374110494,3.082020076927226,0.14900045842216766,0.044413146398578095,0.004008276208911232,-0.5677839944984906,878575.8235294118,0.9644970414201184,0.6108671436042596,0.7409944980795183,0.7721195610346321,0.9833785617367707
06065,10557013070.904314,0.15789757667919346,3.395290688680188,0.2717654225949667,0.02147147515040258,0.004964613817813798,1.5856258592709591,2353317.529411765,0.9448769853628153,0.5802349837621874,0.8696148655662825,0.7982422782304285,0.9331750339213026
39133,519923640.91888636,-0.3989027640726768,3.507035289402045,0.2562818981916348,0.056466407898599864,0.009016441935519983,0.5455260204374621,161914.4705882353,0.7611336032388664,0.5645806538450034,0.8205128205128206,0.7154090258655635,0.9409769335142469
48167,5489129408.812034,-2.2420413719665007,2.1659485524838904,0.5472282323153995,0.0823010394839841,0.001037482204506205,-0.751416367551161,326149.35294117645,0.9196511990034257,0.44421543222129467,0.6257655974255164,0.6632107428834123,0.8704206241519674
24043,1112080935.3432317,0.23860472844594582,2.7734694148838246,0.5619813357193841,0.06961005826107744,5.574171919037835e-4,-0.3208288298943209,150957.88235294117,0.8290252257863594,0.6882946127442584,0.6428942177930033,0.7200713521078738,0.8846675712347354
18101,9124994763.17742,-0.05376899282659764,1.7895045835767864,0.44122388054752065,0.0027317791944337358,0.0017681435491630657,-6.513612306473124,10135.235294117647,0.9408284023668639,0.4371918871664632,0.5459358455309872,0.6413187116881048,0.8459972862957937
33007,180645701.55813107,-1.1258097702668355,2.192399001938884,0.6507263134543703,0.19259781130391718,0.012562800389566956,-0.8514005801103698,31996.882352941175,0.6449704142011834,0.5587843484345444,0.6251427385030625,0.6096325003795968,0.8208955223880597
13117,1470591575.6819186,-0.779345496579225,2.7004838267908706,0.6944310242859945,0.020475402487674533,5.021856593035019e-5,-0.02280403228797778,221081.70588235295,0.8511367175334786,0.428345723559285,0.60126647980899,0.6269163069672512,0.8113975576662144
48409,117740868.71971412,-3.7191803341681116,2.075879903404977,0.7264865474190467,0.005931060372044993,0,0.7032455832494815,67355.94117647059,0.5904702584864528,0.22223053071316762,0.397072563064466,0.40325778408802887,0.4623473541383989
48479,3420054766.4223995,1.8748998617906523,2.0029749816789932,0.604786226839654,0.33715559832226255,1.3207752590519112e-5,-0.5942001500762394,264711.1176470588,0.8984739956399875,0.9114019536132418,0.5931693138170872,0.8010150876901054,0.8466757123473542
06063,524036918.8752296,1.24465162851547,1.895961379206899,0.338157574509901,0.40944673224785033,2.2907814032886029e-4,-2.68424386198818,19265.823529411766,0.7614450327000934,0.8851418350042464,0.5806083255475968,0.7423983977506455,0.891112618724559
28049,2491752284.055419,-0.80632081928918,3.5394384724924435,0.29344742403751206,0.05651553122360555,0,-0.45231933561523,235840.0588235294,0.8822796636561818,0.5101343573623955,0.446382227758746,0.6129320829257744,0.8751696065128901
27037,4291856186.477107,-1.4673168044413174,3.0302860432478975,0.6687515291156463,0.030476696957566333,0.001791558684019509,-0.12002615495959507,420714.0588235294,0.9084397383992525,0.40087014825671247,0.6332399044949651,0.6475165970503101,0.8755088195386703
26125,16203965767.360176,0.1123133081804184,2.4163375561906295,0.4742792375585223,0.005237237196740947,0.010757974363122863,0.1948119884677369,1246067.6470588236,0.9576455932731236,0.48843174816389906,0.7480535658673312,0.7313769691014512,0.8575305291723202
51540,1647024276.7709184,1.0138422298951149,3.256831128803205,0.5885095837005312,0.09834731369941116,0.0482939040402761,-2.535228843125639,45304.64705882353,0.8598567424478356,0.7988628772696909,0.5907816879476798,0.7498337692217354,0.966078697421981
39153,5534972377.585189,-1.6577189201389437,2.629526445963192,0.7080584076507777,0.07008423339666967,0.005114744840941967,0.004940026944711866,540547.7058823529,0.9205854873871068,0.4591405787604155,0.6449704142011835,0.6748988267829019,0.8616010854816825
36067,28557459640.726604,0.28502254664538285,2.2098700716903767,0.7453371552770198,0.002315812567606488,0.0010460919368046207,-1.8576849085075828,466865.76470588235,0.97165991902834,0.4879824098672243,0.4936156960448459,0.6510860083134701,0.7947761194029851
32003,36747522025.20063,0.11415067247963506,2.846444043608195,0.46202997255731154,0.012851349926133715,0.0015880906371612679,0.1946789075159796,2140210.294117647,0.9775770787916537,0.5365461814628806,0.7174296688466729,0.7438509763670691,0.8972184531886025
35001,93438393052.17262,0.3908456553005877,1.50343575457975,0.7560840364111518,0.00843478656842779,0.007289390531852687,-2.4921898475488815,671835.3529411765,0.9912799750856431,0.5543622296605876,0.49890999688570536,0.6815174005439787,0.760854816824966
24025,41598414962.4592,0.253567900544553,2.760118967490504,0.20360667358334536,0.009516451497856829,0.002334124321832112,-3.1596516362008806,253240.88235294117,0.9794456555590159,0.5407051099032076,0.6171493823315686,0.7124333825979307,0.9694708276797829
04005,2314821877.887238,0.3990201143767109,3.1432616660886414,0.19858321196756815,0.04010551352668931,0.009146484025501125,-1.1721022340206335,139619.70588235295,0.8800996574275927,0.6650993076156837,0.7146268036956297,0.753275256246302,0.9823609226594301
51153,54798367235.32837,-0.1960804868802235,3.125350462705503,0.26537070634819704,0.014791128398284411,0.03267697416244453,-2.5647824376017407,450099.17647058825,0.9834942385549673,0.48890261300529597,0.6671857157687118,0.7131941891096583,0.9949118046132972
48041,2123489395.7260828,0.9522683999856163,2.8178244851313217,0.6205070765311363,0.7087703350489303,0.16945507662421247,-0.4100337108920409,218203.4705882353,0.874182497664279,0.8737237024931817,0.6918924530260563,0.813266217727839,0.9402985074626866
15003,58285644426.93956,0.22697835806872035,3.28325234598,0.10812303116362813,0.13408002479418157,0.011661822544301774,-1.4468515107866102,981281.2941176471,0.9850513858611024,0.7283356853915882,0.7096439323159971,0.8076770011895625,1
36001,5485247513.4514675,-0.1317642855046337,3.2468472029012836,0.29738646873237373,0.11713990126385687,0.005169535170834042,-0.8314389122097013,309208.64705882355,0.9193397695421986,0.6592639145319132,0.7100591715976332,0.7628876185572483,0.989145183175034
22079,1547397037.7410686,-0.3014356953725965,3.2498672417217187,0.223432579207746,0.05197923016860052,0.0027774005617782647,-0.8741884765986414,130275.35294117648,0.8558081594518842,0.5718083611818844,0.7071524966261808,0.7115896724199832,0.9721845318860244
56029,1328454191.079224,0.48852199841207167,2.0854725059995736,0.49338247333023355,0.007591969927403593,0,-2.9829399293260423,29241.235294117647,0.844596698847711,0.558187383360117,0.2844389079206893,0.5624076633761724,0.728629579375848
20173,20389453032.31868,-1.1010096348304614,2.5618745500919253,0.6100051746861773,0.020506575956541533,5.627377996146315e-4,-1.3802882795954021,512278.82352941175,0.9641856119588913,0.3993299806306417,0.5623377971556108,0.6419511299150479,0.8829715061058344
26041,148671092.8516751,-1.8292684120929827,2.249431818254286,0.736312518880183,0.3067622644285122,0.06846941016421912,-0.45155276340705436,36639.05882352941,0.620990345686702,0.5291505670771666,0.6384303955154157,0.5961904360930946,0.8032564450474898
26021,205231774.63210416,-1.0034620462535369,2.5244108859511494,0.6081132762743996,0.032397061735149064,0,1.4083789109300657,154935.0588235294,0.6571161631890376,0.44422166358950377,0.4862451987958061,0.5291943418581159,0.6234735413839891
44003,447526211.6249731,-0.2589840601294391,3.443910164682298,0.336917174673616,0.03598774276070002,0.015470430618522501,0.7403830081373327,166790.88235294117,0.748364995328558,0.5472147370271978,0.8264299802761341,0.7073365708772966,0.9199457259158752
30009,46320611.21266787,-0.5148430219954943,2.436894051420165,0.5253619059624122,0.18191163588291118,0,-1.1673699309419883,10566.411764705883,0.44876985362815325,0.6214264802785127,0.34381812519464344,0.47133815303376986,0.6981004070556309
17015,149591750.13787928,-0.5034210733421585,2.2292479831149516,0.5517294549970927,0.005433637957035029,0.0033406233180988303,-1.7986300203020547,15107.117647058823,0.6222360635316101,0.38833002957520646,0.5842416692619121,0.5316025874562429,0.783921302578019
36087,1477101215.3733673,-0.4650355364747476,3.1443878554528,0.4908256187727127,0.06674229902783768,0.008014894422751537,0.557610018430847,325361.23529411765,0.8520710059171598,0.5702901732909509,0.7636250389286827,0.7286620727122645,0.919606512890095
12117,2205769162.9304814,0.6064626216991016,3.406781377517803,0.33286605124393487,0.06799966511656053,0.049911471491298286,0.6588092275578312,453384.5882352941,0.8769853628153224,0.7332611854192328,0.8378490605211253,0.8160318695852268,0.9592944369063772
26061,501732805.34770817,-0.004411905547346606,2.665599071993224,0.6325771966029239,0.04714431709313784,0.2836728227949333,-1.6629762407140323,36758.05882352941,0.7577078791653691,0.6167043494496909,0.6150731859233883,0.6631618048461494,0.8900949796472184
41047,2167756874.8201995,0.6072139471908997,2.4879478717083034,0.6597393577865126,0.04932088908182513,5.015903390411344e-4,0.2108049706578821,333370.4705882353,0.8760510744316412,0.7067158967414702,0.6423751686909581,0.7417140466213565,0.8276797829036635
06053,12525537639.792429,0.11913636012101847,2.852392749171854,0.23668267959716593,0.011538995925305967,0.004741422853958681,-1.162552838786291,428717.9411764706,0.9529741513547182,0.5320632218756827,0.6981210422505969,0.7277194718269993,0.9514925373134329
42041,13516453627.92102,0.5588808754404937,2.614586786369003,0.47073849378636484,0.026292129078339804,0.002152599000531185,-2.054958336483296,250005.5294117647,0.9548427281220804,0.6473186082703626,0.5876673933354095,0.7299429099092842,0.930461329715061
27089,8905565.373841122,-1.0154105688810535,2.367599960937058,0.5057950759284916,0.08486923854413893,0,0.2839726085380613,9273.35294117647,0.23824353783867955,0.5213551254476388,0.4452403197342469,0.40161299434018843,0.5654681139755766
17013,27455155.815591544,-4.67054647323555,0.5145008777783135,0.9107803810736734,0,0,-1.8493253281369226,4766.117647058823,0.3718467767050763,0.009667571234735413,0.15415758330738086,0.17855731041573086,0.13297150610583447
06009,58613910.76515502,-1.546321260145131,2.5100531703803,0.45212050472541415,0.10404724791606937,0,0.8114252546233656,45632.117647058825,0.4880099657427593,0.49062009138131535,0.49538046299179905,0.4913368400386246,0.6716417910447762
51023,97757639.18905486,0.12663308849287525,2.263799621152822,0.7441155968323456,7.40665984800138e-4,0.022788585035729236,-0.17151303971185958,33419.529411764706,0.563064465898474,0.44407471659737385,0.6438285061766843,0.550322562890844,0.6702849389416553
33003,30888782.14697987,-0.5060830202016504,2.9538997171257084,0.36346544042058143,0.018079996800966048,0,1.5609477581734423,49037.82352941176,0.38679539084397385,0.4542822642118248,0.562753036437247,0.4679435638310152,0.6329715061058344
06105,239264617.1822063,-0.5526342756417151,2.141727686931005,0.34014068821812093,0.06970127884331909,0,-2.3853787042609675,13982.470588235294,0.6748676424789785,0.558203811512668,0.34184573860687223,0.5249723975328395,0.7744233378561737
55043,10288619.681239352,0.11808525247541013,2.1069065424843587,0.5344098522679583,0.039191133777478196,0.13565838946555275,2.7339760151780954,51483.882352941175,0.2550607287449393,0.6232403749153668,0.8840444306031351,0.5874485114211471,0.6350067842605156
46043,1858612.1124845343,0.307079782076606,1.8312703334503966,0.6291734903282469,0.2685874595892629,0,0.10133205850036646,2919,0.10993459981314233,0.7734386683815392,0.3932315997093325,0.42553495596800467,0.425033921302578
55139,57368567093.09255,-1.4581133312274943,0.5694769015746994,0.9922148406372051,1.3269280647846057e-4,0,-4.0874676411212265,169643.41176470587,0.9847399563998754,0.22786787958549393,0.03799439426969792,0.4168674100850224,0.3293758480325645
34009,994680156.1262274,-0.21574074183713776,2.295606864505939,0.5545290984240492,0.02271884766318869,5.117011679369167e-4,-0.909966863416073,95015.29411764706,0.8175023357209592,0.5180912480773396,0.6045883940620783,0.646727325953459,0.8341248303934871
55133,4355128313.2505,-0.1573069057700458,2.285715411369675,0.6509930980996156,0.28679620642495945,0.003312624221072115,-0.2110644881042313,400003.29411764705,0.9099968857053877,0.6969200726192322,0.6423751686909581,0.749764042338526,0.8639755766621439
12111,894313686.9871519,1.083297446572388,2.122523440379514,0.571533379564133,0.008839669674587648,0.01804181539510158,1.0038025320120938,313628.35294117645,0.8090937402678293,0.6286212180126876,0.7842831931900758,0.7406660504901975,0.771370420624152
39155,529170703.4595418,-0.7887032073948852,2.7668953005944714,0.2866260159473024,0.019343935044160484,0.009943917830727062,0.8772192679385061,203948.82352941178,0.7626907505450016,0.42466389132856397,0.8388871587252155,0.6754139335329269,0.8816146540027137
09007,1191466677.6553504,-0.6440537380165168,3.1878976338205964,0.6004221627265722,9.97158163365165e-4,0.025914160156656676,-0.260236201858973,164447.66666666666,0.8368109623170352,0.31918438867785326,0.6953181770995536,0.6171045093648141,0.8626187245590231
20161,1973226428.1385822,0.2854525925713354,1.246330480442755,0.8193360525244413,0.020408792615594907,1.9749468718639906e-4,-1.9825786525423739,73548.23529411765,0.8688881968234194,0.5923604332137817,0.4399460188933873,0.6337315496435295,0.6577340569877883
47009,504749205.1014447,0.03258818948485498,2.8713871024914983,0.3011222862110116,0.017913550345530174,0,0.24446014136141456,130136.05882352941,0.7589535970102772,0.5418096482426635,0.49330426658361876,0.5980225039455198,0.7805291723202171
29031,223801732.76370746,-0.5854617083442442,2.0762362311172695,0.5394794034152054,0.13443809031938664,0,0.29907024933341,78830.94117647059,0.6661476175646216,0.5963792125182069,0.437143153742344,0.5665566612750575,0.667910447761194
23001,58667865.82856653,-0.5928290012476936,2.507756422359968,0.5955400249235362,0.009804744818198844,0.017547841168273712,2.1328306904850733,109320.70588235294,0.4883213952039863,0.40347259421602133,0.8303747534516766,0.5740562476238947,0.7004748982360922
42087,21850553.400420487,-2.2476538241344883,1.5823427921938829,0.8578867058217902,0.41235873725263633,0.009324026959017205,1.8221036795565895,46359.41176470588,0.3410152600436001,0.5237025385007917,0.699366760095505,0.5213615195466322,0.5023744911804613
12127,1834262123.4812763,-0.5541369164382175,2.8084398767176086,0.5522558617423411,0.03216232576115454,0.012510255189367216,1.0888016804618872,533246.4705882353,0.864216754905014,0.4922307301169503,0.7893698743901173,0.7152724531373605,0.8666892808683854
37173,113960462.44739173,1.1704431877186128,2.004470961841476,0.6447133953652227,0.007298873412414828,0,-1.6325708105452497,14085.29411764706,0.5842416692619121,0.6263926541459218,0.2807017543859649,0.4971120259312663,0.5671641791044776
31119,786504199.6422346,1.3934828018931498,2.0959999581586843,0.9504684837439012,0.003585108408471059,0,-2.1809303138356704,35133.294117647056,0.79539084397384,0.6092356581095253,0.11284127478459462,0.5058225922893199,0.4860922659430122
55007,90834555.66617171,0.5078815960612548,2.2789724774788245,0.46847377119732503,0.0026634375004030196,0,-1.262706330814397,15481.529411764706,0.5521644347555279,0.5206408973532773,0.3532648188518634,0.4753567169868895,0.6265264586160109
20169,313307752.01606023,-2.2690995024844334,2.095760289878366,0.6269430335760507,0.020616599442481107,0,-0.5895404169319566,54733.23529411765,0.7078791653690439,0.33114034491416117,0.34714003944773175,0.46205318324364564,0.6251696065128901
15001,1328050103.3318436,-0.1557330516476263,2.7733122061327955,0.3532736970600995,0.1500333676522975,0.0013691916474474148,-0.10036212948172392,196355.64705882352,0.844285269386484,0.6675305608956493,0.7263573134018477,0.746057714561327,0.9358887381275441
46033,112371655.69896725,-0.03959238333085757,2.1701030334114346,0.23059571567210105,0.06605684131270469,0,-2.3675251966644724,8587.117647058823,0.5836188103394581,0.6371281685940855,0.36177722412540225,0.5275080676863153,0.7676390773405699
35023,92754673.47013615,-3.818442939961969,1.507905067040105,0.8154461244075357,0.10309103385466949,0,-3.175749961415547,4434.882352941177,0.5562130177514792,0.4217676646825991,0.16246236894010171,0.38014768379139335,0.5101763907734057
13029,198113819.03251785,-0.4821908768739718,2.9296830193514354,0.34033654914307504,0.03123435606307497,0,-0.6825420798980701,38023,0.6521332918094052,0.5026079975418952,0.4238554967299906,0.5261989286937636,0.7890094979647219
12115,1002605277.2876978,1.1056976099883045,3.1132206236499127,0.42482342570661286,0.018268703323684812,0.01050670204571133,1.3197208387406127,416738.4117647059,0.8187480535658673,0.6749116731880768,0.8351500051904911,0.7762699106481451,0.8809362279511533
27117,35121487.2121741,3.5725493031945845,0.6435370231615543,0.9311911337249199,0.0022580884879978046,0,-1.0772968054956578,9340.176470588236,0.4067268763625039,0.6547238529523995,0.17709955361777227,0.41285009431089187,0.18147896879240163
15005,26156569.114229154,5.050588001994852,1.4253800827022716,0.8440418827075564,0.01153136092245092,0,-7.86212546184732,86.88235294117646,0.3659296169417627,0.7328799389824425,0.1310079933561715,0.4099391830934589,0.3551560379918589
47141,651059079.8355308,-1.2500437848721369,1.977220165549911,0.886444968030621,0.002013263555813519,0.014553804258130461,-0.8025857681427175,77089.17647058824,0.7788850825288072,0.2752070173816652,0.5283919858818644,0.5274946952641123,0.6567164179104478
05027,203195521.71479258,0.23182349036736483,1.1340293682866363,0.9895186970812176,0,0,-1.4263778962867484,23652.41176470588,0.6561818748053566,0.30868385345997285,0.10993459981314231,0.35826677602615725,0.19810040705563092
33005,143491377.12636933,-0.7919662862168622,2.706553061079881,0.6449878328469376,0.3011425124187761,0,0.7039401928550656,76794.35294117648,0.6153846153846154,0.6066711668474896,0.4276964600851241,0.549917414105743,0.6943690637720489
36057,268851904.4142845,0.7534865872760612,1.6891727497128992,0.8701335638929529,6.882122748375531e-5,0,-0.5849015265848503,49621.82352941176,0.6885705387729679,0.5053806165021132,0.24333021903872107,0.479093791437934,0.38093622795115334
37191,2106727785.3892136,-0.5307842264484925,2.6158486382341724,0.19811300002283525,0.012407631372044332,3.9061632302743633e-4,-1.2827706578021156,121944.4705882353,0.873559638741825,0.42583482206384726,0.6618914149278522,0.6537619585778415,0.9223202170963365
45031,35158398.30716279,1.0259214336725755,2.3653818924743986,0.7327670482764748,0,0,1.8859478935537226,66212.23529411765,0.40734973528495794,0.3995929443690638,0.4595660749506903,0.42216958486823736,0.32632293080054275
02105,95662279.23371932,0.7904323356458018,2.6398133899686096,0.397334435586327,0.5312421779776324,0,-4.278301659256288,2184.5882352941176,0.5605730302086578,0.8524705448889638,0.29502750960240837,0.5693570282333433,0.8215739484396201
47063,291069763.7052402,-2.3953662002790708,1.0661799150229754,0.8917107319638298,0,0.008443495173503844,-0.2796421205708027,63980.64705882353,0.7000934288383681,0.04833785617367707,0.5497768088861207,0.43273603129938865,0.4043419267299864
21061,164260450.73065862,-0.5879687946920047,2.7166301294716066,0.2723550959206621,0.12791061780011354,4.655315903388837e-4,-2.2161696012697827,12195.882352941177,0.6334475241357832,0.592191166593703,0.6127893698743901,0.6128093535346254,0.9314789687924017
28163,1043189914.7608085,-2.2674642363234163,1.8951800461403119,0.7482475086248436,0.010395937934395978,0,-2.8449215086143402,27304.58823529412,0.8224852071005917,0.2863867717343325,0.1992110453648915,0.43602767473327186,0.6122795115332429
55041,41889426.19166676,-0.3581620525589724,2.84691055713493,0.4522904876674712,0.03676896418650816,0.0013816846298461824,-1.2732429489381074,9219.235294117647,0.4331983805668016,0.5325973067800005,0.6232741617357002,0.5296899496941675,0.83921302578019
72031,324143627.11071485,0.7959108158435999,2.6461779562401024,0.4825851432612002,0.006784859403434527,0,1.0227478120490294,162420.9,0.7097477421364061,0.5881189108202838,0.5021281013183847,0.5999982514250249,0.6665535956580733
16017,272093637.28297627,0.11385213508858882,2.622074388198654,0.5070187217903126,0.009997174327220713,0.015128016525337325,-0.7569386573369896,44642.35294117647,0.6901276860791031,0.5226825201737713,0.6815114709851552,0.6314405590793433,0.8470149253731343
09180,882709775.5334656,7.717187680592284,0.7780609711195228,0.9277716722727901,0.002335443557265163,0.011682510121221318,0.8450445941441841,279971.2,0.8078480224229212,0.672673479024988,0.6101941243641649,0.6969052086040247,0.42130257801899595
49015,9331203.031144891,-1.22238807180916,2.781464091892877,0.42563980815091956,0.07829436751838662,0,0.41062988034732356,10398.64705882353,0.24416069760199316,0.4987112397567637,0.47638326585695,0.4064184010719023,0.6390773405698779
39139,278102339.9072559,-0.11041315946497576,2.398317717975477,0.40392416786157015,0.19492000719465244,0,0.7592837148176094,123334.29411764706,0.6923076923076923,0.6895405464932579,0.5056576352122911,0.6291686246710805,0.7432157394843962
28019,47165068.909672946,-0.3640103033586346,1.403336769737734,0.8172818041828129,0.01772502385138016,0,-1.5459762643974304,8326.70588235294,0.4531298660853317,0.472792826720832,0.21405584968338007,0.3799928474965146,0.37075983717774763
08019,87031413.52789512,-1.6775419726070897,1.1706314541296905,0.8813335640531319,0.00147139006245042,0,-2.000158447206809,9245.588235294117,0.5453129866085331,0.23917985224179703,0.16433094570746393,0.316274594852598,0.31580732700135683
08045,143479332.76321343,-0.18382803854205676,2.700335232710517,0.3587011581647359,0.021252329694262218,0.002566021777536876,0.30535579958720327,59011.17647058824,0.6150731859233883,0.5171622077261715,0.7601993148551852,0.6308115695015816,0.8422659430122117
16011,326980838.9454633,-0.22152292638429927,2.4914937992818933,0.7129742776252452,0.0582387098068174,0,-0.8707342859435769,46754.294117647056,0.7113048894425412,0.5942201000825713,0.2982456140350877,0.5345902011867335,0.6862279511533242
49041,71413942.02926344,0.10252982792133558,2.582452896120903,0.3212915115609,0.08058656674794558,0,-0.5399918101561823,21289.647058823528,0.514481469947057,0.6767668081527143,0.43631267517907196,0.5425203177596144,0.7513568521031208
49027,106720130.84743974,0.058330972352653276,2.2168925180507144,0.5056920146905239,0,0,-1.7089169635952992,12824,0.5761445032700093,0.2798507462686567,0.3229523512924322,0.39298253361036606,0.555291723202171
39137,39555047.55592152,NA,1.0240974581347335,0.9855680586301339,NA,0.9276493260788112,0.7691410375360623,34220.705882352944,0.4263469324198069,NA,0.5908854977680889,NA,NA
12017,109580861.37887256,0.4429849329209734,2.180988163255259,0.6442093497395118,0.11265183628909119,0,1.9686381724326019,148204.70588235295,0.5801930862659608,0.7481689974249721,0.4964185611958891,0.608260214962274,0.562415196743555
48373,2906917.415592289,-2.4881460172650822,2.0361483047446596,0.7654208652866753,0.9316996203140621,0,3.913548977259731,48692.41176470588,0.13516038617253193,0.5369375113864092,0.48769853628153226,0.3865988112801578,0.3514246947082768
55035,237888672.3411934,-1.0993205148016791,2.197048765068792,0.7613195734887748,0.027432331719169034,0.002304913287820573,0.6434854476438422,103048.05882352941,0.6739333540952974,0.4237172898488066,0.6490189971971349,0.5822232137137463,0.6957259158751696
28121,297695828.25358784,-0.7306719708335443,3.4197709689726574,0.23035132756313897,0.03691164896262257,0,0.9967421151550863,150923.4705882353,0.7025848645281844,0.48052289563296646,0.5573549257759783,0.5801542286457098,0.7995251017639078
20125,67917550.4864925,0.09289865941415165,1.9778387866491836,0.6911706488937621,0.08205118723587171,0,0.17508991962575543,33033.294117647056,0.5070071628776083,0.6762423535447195,0.3753763105989827,0.5195419423404368,0.526797829036635
31019,129298425.06225415,0.7084378393029649,1.5879596245934358,0.6936688101390471,0.013525311219741706,0,0.11726426019878301,48652.05882352941,0.6026160074743071,0.6172215530110424,0.37080867850098614,0.5302154129954452,0.4450474898236092
51195,36941438.85344918,-0.7730882839887254,3.037545064844061,0.3505251407233935,0.045327261853595924,0,1.0218468672671297,38653.23529411765,0.41482404235440673,0.4943188049550027,0.5365929616941763,0.48191193633452856,0.694708276797829
39081,50551231.67878969,-1.7073938692285626,2.679308808393903,0.7533246848663963,0.0022071038364735694,0,1.5388023740684134,66914.94117647059,0.4649641856119589,0.24632961082726285,0.43620886535866293,0.3825008872659616,0.45081411126187243
54055,146703716.1763024,-1.9920894070153885,2.364193341201707,0.6242683141002363,0.0014154878607175899,0,0.31924892313262376,60436.294117647056,0.6178760510744317,0.22376390048301037,0.4119173673829544,0.4178524396467988,0.5532564450474898
47075,85344086.17019227,-4.936939240261182,0.4211173599230417,0.9522726363967424,0,0,-0.9749462753118898,17967.764705882353,0.5421986919962628,0.007971506105834464,0.16900238762586942,0.23972419524265554,0.1309362279511533
29123,63059439.48512158,-1.2413205365026876,1.0631127690968163,0.8954169926316059,0.0021262668984273056,0,-1.2355548008031805,12384.588235294117,0.495484272812208,0.27823387616481265,0.1901795909893076,0.32129924665544274,0.26322930800542743
48473,475421493.9750049,0.667790937498868,1.9091074183985517,0.953378002835869,0.009206620103520389,0,-1.1018025729079768,51395,0.7524135783245095,0.5887350231897535,0.15965950378905844,0.5002693684344405,0.4335142469470828
26157,7706991.356375348,NA,2.338270086282033,0.9432060148250923,NA,0,3.0917243041696096,53879.529411764706,0.2204920585487387,NA,0.3845115747949756,NA,NA
05085,33215134.40298704,0.032152938542120424,2.2989819882702367,0.6543708072195203,0.05142709307739164,0,2.06847501177056,71944.58823529411,0.39738399252569295,0.6288143904271682,0.49600332191425317,0.5074005682890381,0.4843962008141113
01055,397408234.63015354,0.7024144790126599,1.661365328790197,0.8066735284294957,0.02119959771918886,0,0.13574196828779694,103417.58823529411,0.7349735284957957,0.6482706480351024,0.3245094985985674,0.5692512250431552,0.4596336499321574
72071,51489045.38089613,1.4955670788261362,1.0118594910590881,0.9324118766241666,0,0,0.8615881423365145,43298.8,0.46870133914668327,0.43046132971506107,0.30530468182290044,0.4014891168948816,0.10481682496607869
27011,13547415.34185305,-1.3325673955987387,1.6704909185205836,0.8518888795857397,0,0,-1.0352955401629027,5117.529411764706,0.2865151043288695,0.10074626865671642,0.2255787397487802,0.20428003757812205,0.22523744911804613
56043,46001751.09939441,0.03673603527111524,2.702553704979769,0.40049492989450375,0.040624704071577415,0,-1.566335660531788,8081,0.4478355652444721,0.6092857356504053,0.35814388041108686,0.4717550604353214,0.735753052917232
13255,27265308.472439304,-0.5309413775385785,2.295191826850781,0.5589246647557915,0.006803913429797307,0,2.1296757332028857,65753.58823529411,0.3699781999377141,0.3952710939744709,0.5318177099553618,0.43235566795584895,0.45013568521031205
45029,47076295.52680781,0.8799578646381558,1.9203857757030895,0.8194381630586809,0,0,0.7637787312224623,38256.05882352941,0.4525070071628776,0.3841587516960651,0.35970102771722207,0.39878892885872164,0.26899592944369066
27149,38308564.812812425,-1.530074827914568,2.240223878739215,0.7557501724646674,0.10931175566311073,0,-1.0983964410581146,9754.941176470587,0.4213640610401744,0.4966633855680606,0.2640921831205232,0.3940398765762527,0.5668249660786974
47125,1863771040.5239563,2.1434646217602342,2.8100841685847517,0.41050844232168227,0.01873348428111918,6.705254952607669e-4,-0.4068078125836955,200610.23529411765,0.8654624727499222,0.7303391269196013,0.6810962317035192,0.7589659437910142,0.8978968792401628
26053,69863029.16609986,-0.1981678861188243,2.4236519665214322,0.3384401963318762,0.15657187426331604,0,-1.0185845196668415,15294.64705882353,0.5110557458735596,0.6624084895254099,0.4031973424685975,0.525553859289189,0.7567842605156038
26131,8371587.854573482,-1.2111258599896306,2.1992449144766795,0.46713905374244763,0.057768796904715966,0,-0.2733720153341847,6159.823529411765,0.22858922454064154,0.47617917880084004,0.4162773798401329,0.3736819277272048,0.5569877883310719
55099,30194725.564352803,-0.31234692239763184,2.465286797759891,0.43512693176714845,0.10490582527522045,0,-0.3291250434124579,13856.941176470587,0.38243537838679537,0.6210370764142487,0.4229212083463096,0.4754645543824512,0.6729986431478969
17077,171726110.72070262,-0.31574022769373755,1.6905914329981306,0.7758110828703154,0.01899273140926313,0,0.08001911661105732,57258.76470588235,0.6374961071317347,0.4867581159605507,0.3346828609986505,0.4863123613636453,0.4481004070556309
49055,52580381.30874671,-0.042551550793248794,2.1364099616987553,0.6314182227892029,0.06294908408366806,0,-3.3720680213061462,2677.176470588235,0.47056991591404546,0.6326087271784637,0.23419495484272812,0.44579119931174577,0.6417910447761194
48367,383776476.533617,-1.1464067445000836,2.6605747406467337,0.6111190675582779,0.05315480207310227,0.012397822798112296,0.5908257221794341,136509.23529411765,0.7290563687324821,0.4737445265927604,0.7376725838264301,0.6468244930505574,0.8409090909090909
21049,222844200.72671527,-0.07806707280684932,2.197269605330043,0.6406132284666048,0.05304980673359527,9.55106830177373e-4,-0.8765760590657141,36151.23529411765,0.6652133291809406,0.6131636860333058,0.5846569085435482,0.6210113079192648,0.7876526458616011
36051,71248047.59902819,0.1993349417681216,2.6574758148314643,0.5206204669660318,0.24009283260474687,0.008536927648383279,1.1178762313734114,63564.470588235294,0.5141700404858299,0.7519820282808947,0.7941451261289317,0.6867657316318855,0.8205563093622795
28021,5239592.017519089,NA,1.4229608190472802,0.8168724018095654,NA,0,0.7901722361459358,9126.058823529413,0.18716910619744628,NA,0.36312675179071946,NA,NA
40099,60685366.51533419,0.26016034537753185,2.0847826275672086,0.5601480821028724,0.007680854704861215,0,-1.0424257838276882,13717.882352941177,0.4914356898162566,0.5300274905305863,0.34163811896605417,0.45436709977096573,0.5637720488466758
72069,109249815.13895002,0.3492770313907734,2.1835513598237712,0.42062867057226666,0.15724146633672484,0,0.4658645300640712,54800.4,0.5795702273435067,0.7538211882833963,0.4823004256202637,0.6052306137490555,0.6828358208955224
29127,17761450.89188599,-1.045582749224229,2.538070505672089,0.34722630015505673,0.06427571425251338,0,1.299013155840832,28614.58823529412,0.3154780442229835,0.4997781632917576,0.553202532959618,0.45615291349145304,0.6153324287652646
17173,95320205.9406758,0.5885034966977738,2.2687641270282044,0.5568126598009107,0.08719192063780824,8.848250859319556e-4,-0.8029460862752724,21655.58823529412,0.5599501712862037,0.7475893668839262,0.6178760510744317,0.6418051964148539,0.7998643147896879
18137,26166758.892374054,-1.134954136575491,1.4002055542084164,0.7888495244458644,0,0,0.9141805559018902,28664.29411764706,0.3662410464029897,0.11855495251017639,0.38544586317865664,0.29008062069727425,0.18860244233378562
19009,2435005.6468570577,-4.6453087129507455,0.6157792589788195,0.9517560262301236,0,0,0.8578454024239287,5752,0.12114606041731547,0.00983717774762551,0.291290356067684,0.14075786474420834,0.021370420624151967
28107,327695958.8678326,-0.7178968499418765,1.5163624578271966,0.7566121538226674,0.03509009532333424,0,-1.3574952581965192,33945,0.7122391778262224,0.47754554790268006,0.24914356898162568,0.4796427649035094,0.5220488466757124
13047,61640549.698746726,0.10750093022973672,2.3390208331605313,0.6049651650332295,0.008412599517452149,0,1.3279526256135072,66363.82352941176,0.4933042665836188,0.5112873870762783,0.4835461434651718,0.496045932375023,0.5067842605156038
29053,9492432.508247029,2.589233641187871,1.6442498072857126,0.6503666376816749,0,0,1.1703478574498896,17373.529411764706,0.24602927436935534,0.47048846675712347,0.45645178033842004,0.39098984048829966,0.22150610583446403
34033,399536745.1873539,1.3378046981752014,1.8900597409183248,0.5160020701834499,0.12167715379850412,0,-0.5795206560410567,64697.529411764706,0.7355963874182497,0.836137449027408,0.3828506176684314,0.651528151371363,0.6902985074626866
02070,39839507.33740351,-0.0871772924993266,2.152492181413604,0.6533747370631665,0.006085286800802522,0,-2.1910998614244224,4863.235294117647,0.427281220803488,0.4594839837975363,0.2551645385653483,0.3806432477221242,0.533921302578019
20165,4147509.822576813,-2.6090188163695256,1.1536991742748497,0.9657940976248185,0,0,-0.6190469823735616,3082.1176470588234,0.1631890376829648,0.04155359565807327,0.17959098930758852,0.1281112075495422,0.062075983717774764
05063,16917827.447562937,-5.193099617707276,2.6361744315916074,0.27268451071295474,0,0,1.750404425264683,37337.705882352944,0.30893802553721583,0.0066146540027137045,0.5903664486660438,0.30197304273532444,0.47761194029850745
21159,85505869.84564084,-0.38584218283218696,1.7663641059018576,0.4545531746022279,0.009290152017335584,0,-1.5939858736400476,11951.117647058823,0.5428215509187169,0.4315019682059732,0.3419495484272812,0.43875768918399044,0.5854816824966079
48291,34518137.87523074,-0.7020271042841877,2.4118772059920697,0.5700758784995493,0.09921570107979209,0,2.3067769750587055,86381.05882352941,0.4039240112114606,0.5610693345080029,0.5337900965431329,0.49959448075419877,0.5529172320217096
21119,92127279.51369369,2.90287542388322,1.1948549041848326,0.8841402222025864,0.01831228780035129,2.510741793954913e-4,-1.2985581512209925,15260.941176470587,0.5549672999065711,0.7449565571667985,0.44139935637911343,0.5804410711508278,0.4891451831750339
54031,199959646.8608987,-4.601923726879377,0.38761763856297315,0.9748607834024816,0,0,-2.2059432624952704,13982.29411764706,0.6533790096543133,0.0101763907734057,0.09280597944565555,0.25212045995779153,0.1723202170963365
45023,857409.9132715916,-0.17230981482417107,2.083291976339778,0.756746988405654,0,0,4.524106521247347,32532.58823529412,0.07100591715976332,0.23863636363636365,0.4972490397591612,0.26896377351842937,0.1556987788331072
22021,36401043.13764209,1.3063859505849447,0.6454756841202292,0.9621480211993991,0,0,-1.0266441713471919,9889.117647058823,0.41295546558704455,0.4197761194029851,0.15872521540537735,0.33048560013180234,0.09531886024423337
21139,1046866823.7851897,0.38109805846562494,1.5729335611246908,0.8130169285879454,0.011373264734112995,0,-4.491612011769738,9220.176470588236,0.8227966365618188,0.5671978284928065,0.14990138067061146,0.5132986152417456,0.5471506105834464
21209,22082229.845612466,0.8722098195178294,1.8614132115798394,0.8140132902509264,0.023474478806564378,0.009280835786423209,2.025666654071948,53404.17647058824,0.3419495484272812,0.6728924832931353,0.7270839821447108,0.5806420046217091,0.4833785617367707
22025,8862333.5245193,0.11384643227763291,2.3566291874065155,0.47977272276661764,0.03710888588025437,0,0.34922579957688094,9650.823529411764,0.23730924945499846,0.6162002884103802,0.4572822589016921,0.4369305989223569,0.5342605156037992
39027,284143199.0606828,-0.004290580264990851,0.43596435802019756,0.9649312628179636,0,0.011174460131965054,-0.8921114878629384,42014,0.6957334163811897,0.2701831750339213,0.46506799543236793,0.47699486228249294,0.32869742198100405
29131,5640572.156293386,-4.0594271802885835,0.24351369820624497,0.9894395402942128,0,0,2.2442290489766203,25042.29411764706,0.19464341326689505,0.014416553595658074,0.32617045572511155,0.1784101408625549,0.008819538670284939
01051,34358340.67476258,-0.8661610361251633,2.8385917711752513,0.6199600050715416,0.12062537571648516,0.004937780166128958,2.250437203093489,82969.94117647059,0.4020554344440984,0.5571425528578641,0.8029689608636977,0.5873889827218868,0.757123473541384
20127,18498414.40736202,-0.08628028771405738,2.003631264891661,0.42589946497253445,0.42636962279030244,0,-1.2056146809218826,5617.823529411765,0.31983805668016196,0.7256934719733452,0.36945915083566905,0.4716635598297254,0.6455223880597015
37029,8382823.757344663,2.538896808875309,1.7018911492390314,0.7938371185926483,0.011831464122201523,0,0.5241400142764959,10442.235294117647,0.22890065400186857,0.7092837869316199,0.35700197238658776,0.43172880444002537,0.2791723202170963
48119,6566314.554209894,-0.4556033014694929,1.364121771154121,0.9398522568377662,0.08144668767486016,0,-0.2637652339572522,5279.941176470588,0.2058548738710682,0.5858472938640737,0.22412540226305408,0.33860918999939865,0.23168249660786974
40005,2790738.710868923,-8.618007298721864e-5,2.0018492863815744,0.6428598664927938,0,0,2.0780738503894862,14095.529411764706,0.13173466209903456,0.2710312075983718,0.5007785736530675,0.30118148111682463,0.21845318860244234
48353,11345914.955875235,-0.5741716757718507,1.5073710988487685,0.8927527649840123,0,0,0.7548963749889498,14854.470588235294,0.2653379009654313,0.17706919945725916,0.32274473165161427,0.2550506106914349,0.12788331071913162
40083,389102539.55556864,-0.19237438782765182,0.6793466612394716,0.965860220424485,0.0025385124517726533,0.04719151225250827,-1.053178981633585,46492.35294117647,0.7312363749610713,0.4114351498111556,0.4745146890895879,0.5390620712872717,0.43656716417910446
26127,554921146.6336813,1.616545233565006,0.05333268596900782,0.8845247552644457,0.0012919576409088972,0,-2.25239115262564,26615.58823529412,0.7664279040797259,0.5950638273380773,0.15291186546247276,0.504801198960092,0.30698778833107193
05049,11636934.644554136,-4.215393296438124,1.6012998226732293,0.8529331676538425,0,0,0.4370811394792353,12244.176470588236,0.26907505450015573,0.013059701492537313,0.3232637807536593,0.20179951224878412,0.1719810040705563
26159,567664316.597493,1.9740826959390851,0.41272753621671,0.9006804991009949,9.78355820894834e-4,0,-0.693189177051523,75692.4705882353,0.7695421986919962,0.6073562774576743,0.2215301567528288,0.532809544300833,0.27544097693351427
37033,11080767.407625766,1.7504592444585025,1.6900844716898589,0.8599222337119494,0.6487292462579105,0.026890285576695795,1.4333704611214524,22895.764705882353,0.2634693241980691,0.9253283817748568,0.6968753244056888,0.6285576767928717,0.5115332428765265
05139,30172424.760873128,-1.9349206355167379,2.5256093647578726,0.5757863943800422,0.0646354820995263,0,1.2660128417071426,39734.58823529412,0.3818125194643413,0.4397270343491143,0.48852901484480427,0.4366895228860866,0.573270013568521
72059,8464506.652017783,4.775650604080564,0.6887268537802909,0.8666095573688137,0.31977007954822995,0,1.4725754372375968,19666.3,0.2301463718467767,0.9521309693108515,0.37973632305616106,0.5206712214045964,0.19742198100407055
27165,49759808.94475604,-0.035620459509583924,0.710765260049606,0.9930037453017241,0,0,-1.164563413500695,11099,0.4606041731547804,0.26322930800542743,0.11917367382954429,0.28100238499658403,0.08887381275440977
51027,16173189.61468216,-1.6593664724430788,1.662009334653757,0.8307817878300383,0.3604670315924476,0,0.9912895892808264,21948.70588235294,0.3039551541575833,0.5429723082528694,0.37070486868057717,0.4058774436970099,0.35379918588873815
27107,4521877.700421591,NA,0.7410741142011927,0.9822000637917577,NA,0,0.4376055088974812,6559.117647058823,0.17253192151977578,NA,0.2399044949652237,NA,NA
30091,44808848.9157212,1.548920778225833,1.762931180050095,0.7242542413656473,0.007691222052381244,0,-2.808083990882663,3496.3529411764707,0.44347555278729367,0.649767082786106,0.21187584345479082,0.43503949300939687,0.4670963364993216
48095,192680000.90404016,-4.447529904718435,0.043188065039836965,0.9994065023192388,0,0,-4.210767633875772,3628,0.6505761445032701,0.011024423337856174,0.023980068514481468,0.22852687878520253,0.14246947082767977
17057,46684051.650453195,-0.39960024637377956,1.8399207801978852,0.6460793250461868,0.09195300446830873,0,0.6445139369357026,35162.294117647056,0.45094985985674246,0.6003161909526878,0.42375168690958165,0.4916725792396706,0.492876526458616
21129,2671823.1619483577,-3.4580043045801645,1.3737702911203853,0.8154053827760148,0,0,1.118680587692863,7266,0.12737464964185613,0.022048846675712348,0.38606872210111076,0.17849740613955975,0.09497964721845319
38049,112058648.60755304,-2.12295972366465,0.7178291895051631,0.9239742724211705,0.017734582949933277,0,-3.0191085342040185,5572.882352941177,0.582061663033323,0.3248933416357817,0.10889650160905222,0.3386171687593856,0.3141112618724559
31145,41654479.435805075,-0.6290231836598945,1.7526159394908203,0.7308440480903242,0,0,-1.0266142101344549,10810.588235294117,0.4319526627218935,0.1689280868385346,0.28090937402678295,0.293930041195737,0.33887381275440975
17171,2925783.5723458007,-1.2902720155730343,0.7726490310860537,0.9967286061659998,0,0,0.4917779957286482,5098.764705882353,0.13640610401744005,0.10430800542740841,0.22371016298141808,0.1548080908087555,0.01662143826322931
48131,37580688.10471677,2.134303396040268,1.9106739900920942,0.7560396282366322,0.5015217323094653,0,-0.8965734594592472,11006.058823529413,0.4185611958891311,0.9329005138272928,0.27654936156960447,0.5426703570953427,0.5295115332428765
20135,319874.4082158817,NA,0.18624444316368224,1,NA,0,1.8520258129277878,2901.764705882353,0.03861725319215198,NA,0.2786255579777847,NA,NA
48237,27863.001149667463,NA,0.3092745801959135,1,NA,0,5.99203614887893,8918.411764705883,0.006228589224540642,NA,0.3330219038721063,NA,NA
47131,8720484.19824151,-0.35320345901339323,2.5715961300411636,0.5617571048921232,0.07255207046291941,0,2.1243748498957844,30853.235294117647,0.2351292432264092,0.5908987808271451,0.5309872313920897,0.4523384184818813,0.5152645861601085
18015,2065641.2347444214,-1.7011435581923422,1.4701922228265274,0.8933158014308091,0,0,2.9247894925159277,20216.647058823528,0.11429461227032077,0.07717096336499321,0.4123326066645905,0.2012660607666348,0.054274084124830396
51101,43481432.19856701,2.44473319945622,1.7604020926672648,0.9560030752227752,0.0024019199913271317,0,-0.38959615676824566,16941.58823529412,0.4388041108688882,0.6419590651225563,0.20315581854043394,0.4279729981772928,0.26526458616010856
29091,938252928.6300348,4.0379975547001035,0.6056717478199185,0.9874154368354474,5.4664621752401236e-5,0,-2.151483608625486,40252.35294117647,0.8125194643413267,0.6225813227540563,0.08335928578843559,0.5061533576279394,0.2608548168249661
40095,2964630.732263805,1.9970029131397133,1.4785350244691302,0.8130957038061359,0.0019803448842437405,0,2.213061675267167,16038.35294117647,0.13827468078480223,0.6225637616254671,0.43631267517907196,0.39905037252978043,0.14925373134328357
39083,5813837.458204197,0.6716818202458992,1.598315096994894,0.48839955910244554,0.39798824972080626,0,3.579015355211982,61711.05882352941,0.19744627841793833,0.8315644178451884,0.582788331776186,0.5372663426797709,0.4026458616010855
20107,5860786.664231415,1.6471308571881789,1.9491509325344945,0.5882049413327562,0.06052310039209882,0,0.7657749134655989,9670.117647058823,0.19838056680161945,0.8059987002498892,0.45375272500778574,0.4860439973530981,0.4331750339213026
13235,357428.17793503957,-1.3080230861988156,0.6924096522051497,1.0000000000000002,0,0,3.76512279134205,11052.588235294117,0.0417315478044223,0.10295115332428766,0.32025329596179797,0.15497866569683597,6.784260515603799e-4
37145,131194524.01889232,-2.0131840487255612,1.223496376291639,0.9745786298612579,0,0,-0.2177999944893514,39367.17647058824,0.6051074431641233,0.06343283582089553,0.20139105159348072,0.2899771101928332,0.17096336499321574
42113,148274117.61370295,-5.5299554957504355,0.2940463448042903,0.9962701050683798,0.022671597469136162,0,-3.1459443496772934,6166.529411764706,0.6203674867642479,0.29116033967528,0.04235440672687637,0.31796074438880145,0.24457259158751696
35037,65142130.56179912,-0.28466644185141377,0.09910968148572255,0.9940973008609238,0,0,-1.8178849969843514,8612.117647058823,0.5017128620367487,0.2194708276797829,0.08616215093947888,0.26911528021867015,0.08616010854816825
47049,15909100.543281868,-0.22893379058326246,1.0338635836673957,0.9707996704337569,0,0,0.7419203734054898,18413.235294117647,0.30177514792899407,0.22896879240162823,0.26845219557770167,0.2663987119694413,0.05257801899592944
19137,6849712.421351438,0.2982676319118678,0.10212753683672002,0.9994859555977054,0,0,0.7097366006067258,10329.823529411764,0.2099034568670196,0.31716417910447764,0.23076923076923075,0.25261228891357596,0.012550881953867029
48407,7694347.311613807,4.487707526767965,1.5956211229462938,0.8280686070533498,0,0,2.080459989995417,27591.647058823528,0.21986919962628465,0.49202849389416553,0.4239593065503997,0.37861900002361665,0.12313432835820895
12013,4489341.268022018,-0.6868080163138615,1.2796490334220185,0.8313710786071293,0,0,1.6136811855031723,14198.411764705883,0.17128620367486763,0.16180461329715062,0.4051697290563687,0.24608684867612898,0.0810719131614654
18119,14814007.395913556,1.7995612113234092,1.3830636689228433,0.9258848796449463,0,0,1.0340693507181022,21305.70588235294,0.29461227032077236,0.44725237449118044,0.32378282985570433,0.35521582488921905,0.09056987788331072
28139,74579627.5443866,1.7182634518885305,0.25975944844594795,0.9831259684075463,0,0,-0.5419640138864465,21880.058823529413,0.5222672064777328,0.4423337856173677,0.17055953493200457,0.37838684234236836,0.08175033921302578
54065,48851731.88498373,0.050838217467845226,2.1285854066808985,0.9937818924779204,0,0,-0.4538183409009294,17536.470588235294,0.4574898785425101,0.27866350067842605,0.1621509394788747,0.299434772899937,0.22116689280868385
41021,560848.5291995474,-1.3660105196278405,0.8114266174893173,0.9440602696906965,0,0,0.6744891111003061,1931.5294117647059,0.05418872625350358,0.09837177747625508,0.28568462576559744,0.14608170983178537,0.021709633649932156
47003,4606171.122762978,NA,2.5523619756918214,0.7596242392609385,NA,0.18978276575370207,3.437643542481668,48193.05882352941,0.17595764559327312,NA,0.8153223294923699,NA,NA
29079,50631657.732194364,NA,0.5405131114211527,0.9885530541364261,NA,0,-1.3339451627909282,10038.411764705883,0.46527561507318593,NA,0.11605937921727395,NA,NA
08033,1434866.6825223921,1.6079006833650435,1.489764749260057,0.6384653458924212,0.03261918264666992,0,-0.10038746387233763,2153.294117647059,0.09405169729056369,0.7505258141792405,0.3774525070071629,0.4073433394923223,0.3219131614654003
72121,367912388.98314536,1.9953192849178993,0.011857125114223807,0.9999419572750559,0,0,-2.020848495926618,23640,0.7231392089691685,0.455393487109905,0.06602304578013081,0.41485191395306814,0.13772048846675713
17191,179520.94821829305,0.3076125855076093,1.3637555862872786,0.7170593462676528,0,0,5.051596609039983,16406.176470588234,0.024291497975708502,0.31919945725915877,0.5180110038409634,0.2871673196919436,0.06953867028493894
32011,25492064.550483666,6.7650985687318395,0.7067272175365844,0.9791602231083775,0,0,-3.1329917919027195,1943.2941176470588,0.36063531610090316,0.49881275440976935,0.0640506591923596,0.3078329099010107,0.10549525101763908
40093,3717181.2619900554,-3.255179184087307,1.0289869209889129,0.9700244575888288,0,0,0.8654440856885074,7645.058823529412,0.15664901899719713,0.025101763907734057,0.2778988892349216,0.15321655737995094,0.032564450474898234
31063,309407.4734721937,-1.486397467595829,1.3434174681545688,0.8930468483038234,0.18812147795346298,0,1.7503792580061468,2654.294117647059,0.03706010588601682,0.5275975968218662,0.3794248935949341,0.31469419876760574,0.17435549525101765
29115,7351365.842138611,2.2403901396631323,1.181047400986738,0.9298706028152158,0.02252190684367314,0,0.8945747247352976,12229.588235294117,0.21488632824665213,0.7475897067767376,0.310495172843351,0.42432373595558026,0.15027137042062416
48307,12380313.005705869,-1.20180651326792,1.1790228085796273,0.9616892789721975,0,0,-0.27409438516188844,7973.176470588235,0.2746807848022423,0.11380597014925373,0.20741202117720337,0.19863292537623312,0.08344640434192672
18013,9195191.968886051,1.8971290095142006,1.5008286022300945,0.9307078475375181,0,0,1.0046482055874755,15248,0.24229212083463095,0.451831750339213,0.3174504308107547,0.33719143399486623,0.08819538670284939
48421,58362.300653808925,NA,0.9502906530730257,1,NA,0,3.586002657319103,2965.176470588235,0.009342883836810962,NA,0.3193190075781169,NA,NA
29025,2072623.4927123229,1.4136925428355873,1.5245067303465822,0.9999999999999999,0,0,1.7102073703757192,9081.588235294117,0.1146060417315478,0.4260515603799186,0.28412747845946223,0.2749283601903096,0.022388059701492536
13037,4584011.71060589,NA,1.101652600152729,0.9881122940423595,0,0,0.33916741553136237,6201.764705882353,0.174711927748365,NA,0.2263054084916433,NA,NA
72083,12631551.792741947,NA,0.017939440659658412,1,NA,0,-0.12143208589369844,8937.2,0.2781065088757396,NA,0.15965950378905844,NA,NA
48169,575814075.36269,NA,0.0016939760224714416,0.9999726526435785,NA,0,-4.541685011526741,6009.588235294118,0.7707879165369044,NA,0.01930862659607599,NA,NA
18025,69512724.76545814,0.5812229328837741,1.5075440947319163,0.8938410244086984,0,0,-1.569472229059682,10593.117647058823,0.5104328869511056,0.35261194029850745,0.1737776393646839,0.3456074888714323,0.2628900949796472
72027,727898424.7314253,6.475582747902152,0.002021600938002957,0.9998324249594908,0.1570931398207178,0,-2.1992255120375654,32979.9,0.7882279663656182,0.9271616503019607,0.05989826637599916,0.5917626276811927,0.31953867028493893
29186,45494667.170161605,-1.1176020706186574,1.6396196457960412,0.7787248378077887,0.7507593637602193,0,-0.3307436713489383,18148,0.4459669884771099,0.6057245653677323,0.30437039343921934,0.45202064909468725,0.47862957937584805
13271,807627255.8943139,-0.8718775945992157,0.0018846692184307321,0.999990227404923,0,0,-3.5016688116801507,14939.882352941177,0.7985051385861103,0.14263907734056988,0.027924841690023877,0.32302301920556803,0.1784260515603799
48145,9899532.437258746,3.900689829353537,1.180165589020177,0.9588970607671079,0.024279807397578585,0,1.1318665677914974,17413.882352941175,0.25007785736530674,0.779368891559691,0.30509706218208243,0.4448479370356934,0.13805970149253732
48405,1156700.2605621307,1.6829054492999411,1.2049441838410901,0.9754149039412944,0.8422171103978016,0,2.1707419321118917,8374.35294117647,0.08284023668639054,0.9291094627065075,0.3377971556109208,0.44991561833460625,0.1282225237449118
48207,3965712.6870458005,NA,0.014043799547125271,1,NA,0,0.3558640154125027,5698.117647058823,0.16038617253192153,NA,0.1922557873974878,NA,NA
48123,3615760.752952877,NA,0.17098612115776335,0.999762458248206,0,0,2.3629978098113917,20190.882352941175,0.15353472438492682,NA,0.3119485103290771,NA,NA
31011,151904.6621069886,-1.1435903144949506,0.9106524056233313,0.9999999999999998,0,0,3.5290668319399483,5372.764705882353,0.021800062285892246,0.11753731343283583,0.3318799958476072,0.1570724571887784,0.0037313432835820895
39069,672265.5126952189,0.34326788438666966,1.2314000566542715,0.9843549142765592,0,0,4.521525483807345,27655.117647058825,0.06197446278417938,0.3239484396200814,0.3679020035295339,0.25127496864459825,0.012890094979647219
48433,29028.596941788765,NA,0.6198853020502187,0.9999999999999999,NA,0,3.103428899802238,1358.8823529411766,0.0071628776082217375,NA,0.32284854147202324,NA,NA
31073,120101.80123142735,0.7830132455705652,0.27545367940880483,1,0,0,2.244273577400345,1968.4705882352941,0.01775147928994083,0.3753392130257802,0.2929513131942282,0.2286806685033164,0
54081,733105911.4350666,-0.18128410706455256,3.106782533208371,0.15876896644494867,0.061200387077270164,0,-0.9406010370345734,76111.11764705883,0.7891622547492992,0.6051767714533545,0.4344440984117098,0.6095943748714545,0.8680461329715061
38101,2709745966.121393,-0.05846622181016414,2.8935848612846673,0.22198871473223755,0.020169103871660148,3.310855455699472e-4,-2.4458637497083444,66780.5294117647,0.8860168171909063,0.5347046422106991,0.6101941243641649,0.6769718612552568,0.9555630936227951
26163,25021929230.898716,-0.28432787903958356,1.6526331079711873,0.7240243068230783,0.008399500941949559,0.0019994911884894107,0.3028917190719493,1783322.9411764706,0.9679227654936157,0.44175392848111417,0.6431018374338212,0.6842595104695169,0.7092944369063772
42017,17325672854.58945,-0.1765911273781562,2.977278373861716,0.5401089076374799,0.006124164121200589,0.07823797214215751,-0.8992773339356908,632130.2941176471,0.9592027405792588,0.4433687592280898,0.6809924218831102,0.6945213072301529,0.9229986431478969
42101,24412739680.678062,-0.3583866548116461,3.3987913933991187,0.19411486568069505,0.013138387794180984,0.004177489142100236,0.12690433518483485,1561921.705882353,0.9676113360323887,0.45544039231787864,0.785528911034984,0.7361935464617505,0.9565807327001357
04025,840912187.4662051,-0.06411770897952351,3.2460466023029344,0.2076246343412803,0.07304597322176164,4.887066736484901e-4,0.5750406248939312,226839.29411764705,0.8025537215820616,0.6399098513626076,0.7850098619329389,0.7424911449592027,0.9386024423337856
06093,624587725.2128769,0.8389106679540319,1.7680063115082185,0.09355132195749347,0.10098772292525003,7.689013788762773e-5,-1.6164330850329796,43808.17647058824,0.776705076300218,0.784078446354491,0.641648499948095,0.734144007534268,0.8721166892808684
16019,35715328825.361275,0.05919744428788576,1.0447555148299283,0.9252400930552077,0.0854996789526611,5.583275306205162e-4,-4.2009813724188865,115074.23529411765,0.9763313609467456,0.6729755304367215,0.3489048063946849,0.6660705659260507,0.6818181818181818
30053,491175775.20310825,-0.4993344968403406,2.541319725262467,0.3714355435752598,0.07914604646883898,0,-2.5620954449092688,20010.352941176472,0.7558393023980069,0.5767198123066577,0.3280390324924738,0.5535327157323795,0.8290366350067843
51550,8937427226.118849,0.30530688654140903,3.0917380299773907,0.26005438804889475,0.02664902248679297,4.665417862274331e-4,-1.7172210443352476,237773.88235294117,0.9395826845219558,0.6181228354492794,0.6339665732378282,0.7305573644030212,0.9715061058344641
41025,201252852.63697618,-0.5234471613210552,2.7114363050924317,0.14951689741834162,0.021523340348798086,0,-3.185953591378815,7348.882352941177,0.6546247274992214,0.4674414410004994,0.34973528495795697,0.4906004844858926,0.8225915875169606
39099,911529717.0787126,-2.6357197250901976,2.0378377919627413,0.8400524364837096,0.06427128181035167,7.598679035816645e-4,0.5281100170546223,231947.70588235295,0.8106508875739645,0.41328144756269664,0.5942074120211772,0.6060465823859461,0.7052238805970149
54021,179770276.2901717,-1.3184691362594059,2.443962093979445,0.5856558210650716,0.043022173511086746,0,-2.9342576970288587,8054.764705882353,0.6440361258175024,0.43994026043946777,0.25993979030416275,0.447972058853711,0.737449118046133
01073,7258129538.17877,0.4665981424442798,3.4287424108325295,0.44594894986118233,0.010866229449703124,0.001964610985748159,0.039558937946924014,661514.5294117647,0.932419806913734,0.5753623937155179,0.7147306135160386,0.740837604715097,0.916214382632293
26043,622220422.2627412,-0.055664819843343594,2.991410361926327,0.43892739626490646,0.00901773843811316,0,-2.4082604907281002,25897.41176470588,0.7763936468389909,0.48461225934455976,0.31589328350461954,0.5256330632293901,0.8076662143826323
06073,254937417239.20752,-0.16679540078797928,3.290215587524806,0.377836990160152,0.021116815728263016,0.007191162121376668,-1.1173825248955405,3234170.8235294116,0.9987542821550919,0.5195471222861825,0.6806809924218831,0.7329941322877191,0.9762550881953868
40101,902452660.0349822,-0.7766847430679888,3.1527379510269977,0.1974664623806544,0.03937885476754564,0,-1.3021278028390653,68761.41176470589,0.8097165991902834,0.4827931530179309,0.4095297415135472,0.5673464979072539,0.8694029850746269
39057,30876266341.572834,0.09018382010462034,2.773397065466436,0.11757264932357384,0.04269198225048747,0.07680350535296812,-3.5017780634560554,165894.82352941178,0.9729056368732482,0.6224498975336471,0.670922869303436,0.7554261345701104,0.9993215739484396
02130,480172661.5417803,0.5458407044205451,2.879568176816656,0.41577793081252823,0.007031664574192496,1.2134670331073272e-5,-3.1124598605417853,13703.470588235294,0.7533478667081906,0.5611254168218844,0.5409529741513547,0.6184754192271432,0.8931478968792401
24031,232142318614.3471,0.17194267136866515,3.1485488210582355,0.16158889810182256,0.014143117016701488,0.006539625272931085,-2.759766620453062,1027106.4117647059,0.9984428526938648,0.5515421390043769,0.6495380462991799,0.7331743459991404,0.9966078697421981
51013,196423798676.44122,-0.13287976340971142,2.544155261660822,0.16677072824987907,0.014680544327718157,0.008027369421526886,-4.8828730955465325,226185.11764705883,0.9981314232326378,0.5001018545458171,0.6291913214990138,0.7091415330924895,0.9789687924016283
53033,130592825269.87283,0.37883017398811347,1.6713167564441864,0.7856291114031512,0.006183228489482427,0.003547212327126482,-1.0786262313097776,2132740.6470588236,0.9950171286203675,0.5354572781927491,0.5325443786982249,0.6876729285037806,0.7347354138398915
33015,8526614957.379435,0.051968465979882694,2.9957727236460236,0.5043049763108921,0.04287337542594853,0.0037872904086419753,-1.2866881234204999,306337.5882352941,0.9377141077545936,0.6173512787673946,0.6238970206581542,0.7263208023933808,0.9457259158751696
36071,7350359707.417559,-0.03137217903862677,2.6495861022713747,0.28399733613253747,0.12446192939500447,7.493343347010433e-4,-0.7920447215787981,385070.23529411765,0.9333540952974151,0.6807440072365445,0.6865981521851966,0.7668987515730521,0.9572591587516961
06095,9633669622.060575,-0.3740636276830358,3.1928709340180372,0.3417158553775247,0.032675764227739476,0.003766933278657219,-0.8789217403352212,434743.9411764706,0.9420741202117721,0.520873384036277,0.6917886432056473,0.7182453824845654,0.9670963364993216
30049,1079884558.6601405,-0.43399470603655743,3.3150876933631888,0.17724005970783122,0.08467923220895088,0,-1.5007263992811277,67898.88235294117,0.825599501712862,0.5908964015774653,0.4017440049828714,0.6060799694243996,0.898236092265943
46099,3596175595.7204695,0.015066538046298206,2.7891532498847806,0.5633144403637514,0.008822001676690984,5.206636123389299e-4,-1.1748956430744788,186446.58823529413,0.9012768607910309,0.49701177569974864,0.5859026263884562,0.6613970876264119,0.8789009497964722
20177,1220642514.6486974,-0.49296098910687647,3.395138369057353,0.18333207560035203,0.20296236450654934,0.0011327633487446262,-0.16501010344201092,177948.35294117648,0.8380566801619433,0.6326806711568773,0.747430706944877,0.739389352754566,0.9776119402985075
17163,16773563108.804134,0.08333235094859859,2.6037312120253624,0.13891642269260956,0.0733000679146327,0.003165877543525224,-2.1989048809834277,262177.29411764705,0.9579570227343507,0.6661884374810227,0.6537942489359494,0.7593132363837741,0.9850746268656716
06031,3577393991.928372,0.22028214694085335,1.947230060010795,0.5086237389351764,0.011967886302717008,0,-1.4815669261232882,151724.17647058822,0.9003425724073497,0.5464485053326916,0.3316723762067892,0.5928211513156102,0.7096336499321574
09001,98966144902.63066,-0.41253007457191515,1.5607589522657894,0.906223377928684,0.0020189673375386593,3.804415963005748e-4,-2.052035272421967,933370.8333333334,0.9925256929305513,0.36831578126855247,0.3995639987542822,0.5868018243177954,0.6543419267299865
48215,5933419746.20143,1.7619250716900687,2.5704388513206258,0.6063650339552797,0.024313986251752764,0,0.6006389641573933,838903.7647058824,0.9230769230769231,0.7372986588282853,0.43776601266479814,0.6993805315233356,0.7235413839891451
39095,797714376.6599883,-0.957462021616923,3.1805203014923253,0.34737431389875517,0.025862531318657164,0.013925622033865164,1.608195092270101,433552.9411764706,0.7969479912799751,0.4317643654563763,0.8745977369459151,0.7011033645607555,0.8968792401628223
48423,1276777722.1977692,-2.0683846443301306,1.6436304405009143,0.7608351432619406,0.006679840207451462,8.55564569065194e-5,0.1472544073575463,225318.88235294117,0.8430395515415758,0.27165139868157845,0.5860064362088654,0.5668991288106732,0.6383989145183175
41007,1185828686.8909035,0.566717344130808,2.2127459936149645,0.6167085194053847,0.006935932038311332,0,-2.4348348564885014,38965.58823529412,0.8355652444721271,0.5635051196921206,0.2632617045572511,0.5541106895738329,0.6987788331071914
06099,2264841878.901717,0.5247821146591107,1.542789153097923,0.5655743872180876,0.006352130408704565,1.627349541465006e-5,0.8855821471699924,535946.1176470588,0.8785425101214575,0.5535712990884528,0.7055953493200456,0.7125697195099853,0.6811397557666214
30081,909830678.7991102,1.6098867709124818,2.6195854178901214,0.5283353546740714,0.013958828281397946,0,-2.0247813891986044,42886.529411764706,0.8103394581127374,0.6872377726960026,0.3037475345167653,0.6004415884418352,0.7723880597014925
13053,7049512005.347074,-0.13821938877610762,2.6579628248126523,0.28686653203877427,0.023363127941965142,0,-6.193904344158193,10556.588235294117,0.9308626596075988,0.5331471400512469,0.31381708709643935,0.5926089622517617,0.871438263229308
26069,141393012.8894419,0.6547439761514013,1.4978550851511188,0.6943790627919573,9.489256062744294e-4,0,-0.9510260895738551,25481.29411764706,0.6125817502335721,0.5130654796703311,0.29959514170040485,0.47508079053476937,0.43046132971506107
41039,1595534803.8167756,1.043073828400491,2.9332267687924998,0.14228202803437945,0.19203186310286946,0.003898660781413934,0.6681498692400947,368311.76470588235,0.8576767362192463,0.8401641591640994,0.825599501712862,0.8411467990320692,0.9552238805970149
13095,3625923117.0546455,-0.5857402406128571,2.7673671922335887,0.21973575950614724,0.013493838718090867,0,-2.2919827751188895,89614.4705882353,0.9015882902522578,0.4233639146225513,0.3659296169417627,0.5636272739388574,0.8578697421981004
39025,2275536934.485811,-0.10020000621825531,1.4388247502369937,0.8918486756464966,0.015060702646763381,0.007346504924365205,-0.5812650668158036,203972.5294117647,0.8791653690439115,0.5070270572805493,0.5262119796532753,0.6374681353259121,0.6261872455902306
48085,30091842653.42831,-0.5067992867204438,2.763451252627128,0.7440947402623697,0.007641178091849252,0.0030695190102420686,-0.8142964111412521,962946.7647058824,0.9722827779507941,0.4040124572981332,0.5645178033842001,0.6469376795443758,0.846336499321574
38077,31351956.101069536,-2.702316372612936,1.7354285804265952,0.44822999081766013,0.1915371770011054,0,-0.11440836840557615,16370.823529411764,0.38990968545624416,0.47670521957528805,0.43548219661579984,0.4340323672157773,0.5753052917232022
55009,2068953901.1287935,-0.6452031038558736,1.8740687216120395,0.7248937217610932,0.009060687195896146,8.393025127202217e-5,-0.12087622814337598,259637.70588235295,0.8710682030520087,0.39149046623323536,0.5851759576455932,0.615911542310279,0.7062415196743554
55131,287604569.0573999,-0.15141905579240067,1.4496081698283263,0.886849830176137,0.0349123622229671,0,0.8591586722451184,134704.70588235295,0.6976019931485519,0.5611641646023844,0.33322952351292434,0.5306652270879536,0.3680461329715061
45085,7282322814.735126,0.15880030987026572,2.8464709440245564,0.2348483149709552,0.006195857426104078,0.004293449176767533,-2.7292973582849003,106412.05882352941,0.932731236374961,0.5045862870018644,0.6341741928786463,0.6904972387518239,0.9606512890094979
18085,807862932.2412875,0.5988396234292104,0.8570351835246416,0.8062798702174291,9.820123459622547e-4,0.0037427654045915915,-0.9843933486489069,78839.70588235294,0.7988165680473372,0.5081338615720813,0.5312986608533167,0.6127496968242451,0.5386702849389416
18105,390563876.7672109,0.23946026345070592,2.9969347870017753,0.5471525207425683,0.043114574018935835,0.023221211689339494,0.6326532391286622,141969.35294117648,0.7318592338835254,0.6492242739662953,0.7709955361777224,0.7173596813425144,0.8731343283582089
13097,114158977.14070031,0.6927348026733515,2.5026632779914006,0.6981513276690438,0.008405604284709196,0.028377571555006535,1.8479117912652807,140593.35294117648,0.5848645281843663,0.5888001693119391,0.7877089172635731,0.6537912049199596,0.6950474898236092
37139,3083005360.758774,0.30400406069197317,2.610332659919011,0.2928887593217976,0.020573735407116104,0,-3.3437851551312865,40181.64705882353,0.893491124260355,0.5965771434320473,0.3278314128516558,0.6059665601813528,0.851763907734057
47061,407497.1374468456,NA,0.4217927803268433,0.9999999999999999,NA,0,3.9482041418012246,13602.411764705883,0.045780130800373714,NA,0.3342676217170144,NA,NA
23025,103652676.8815091,-1.4267280514413052,2.0245515220784465,0.7240289185108673,0.029750249852298957,0,0.4161233975556889,51217.705882352944,0.5714730613516039,0.40123802557625426,0.3803591819786152,0.4510234229688244,0.5040705563093623
06109,388626285.6529583,0.7686165524377238,2.0551995807958097,0.26196634238460154,0.38730943283403535,0.009415053627836673,-0.8106684304016117,54527.64705882353,0.7306135160386172,0.8404048032745726,0.7296792276549361,0.7668991823227086,0.9012890094979648
42081,721077330.0521255,0.38325933202016316,2.6453091107008513,0.7378118095586463,0.009732502390795,0.10355390677494336,-0.2998268137090102,114965.23529411765,0.7876051074431641,0.5601916179713566,0.6518218623481782,0.666539529254233,0.8086838534599728
41033,334523172.6254531,-1.7893320543823528,2.2915963058942745,0.35943490679366324,0.008459399059286223,0,0.018154157270024267,85393.58823529411,0.7156649018997198,0.2957096916583053,0.466106093636458,0.492493562398161,0.6896200814111262
51800,5672035234.704104,-0.42881348388313256,1.8658961665368923,0.48510778963209505,0.057294545943190445,3.894303734228897e-5,-2.7248925478197528,90478.88235294117,0.9215197757707879,0.5621801042156679,0.5323367590574068,0.672012213014621,0.864314789687924
42127,243839451.2767558,-0.020561952389485327,2.7533023582213656,0.3254072142851066,0.022559066620079043,0.010301774250466194,-0.423597813996824,51753.23529411765,0.6779819370912489,0.5516889726989029,0.7426554552060626,0.6574421216654048,0.8877204884667571
29035,32523303.29863102,-0.3809321179865215,2.6858612007171465,0.3327483754213466,0.027391288108591278,0,-1.6850805651633591,5941.588235294118,0.3955154157583307,0.5071663000356208,0.36956296065607813,0.4240815588166766,0.7211668928086838
46023,440562545.42203915,2.054487714840757,1.9269451823803212,0.5650889120917129,5.455831808450525e-4,0,-3.621643255052041,9247.411764705883,0.746807848022423,0.6023723158664683,0.2532959617979861,0.5341587085622925,0.6363636363636364
22045,817853929.5876445,0.22773068642392502,0.9604599035868836,0.9149052994948654,0.011084209461187816,0,-1.1426015583366336,71593.76470588235,0.8003737153534725,0.5438051589384105,0.18467767050762998,0.5096188482665044,0.35990502035278155
08029,68867318.53592442,0.7497806076378737,2.529752086933627,0.3999706174499595,0.04795146886131095,0,0.058436240613384996,30864.823529411766,0.5085643101837434,0.7204722651997799,0.45935845530987224,0.5627983435644651,0.6906377204884667
36049,376266309.16888356,-3.0267756854086816,0.46413873542612827,0.9885048852062881,0.19419213428366916,0,-1.854385358951883,26782.764705882353,0.7262535035814388,0.46786743999079117,0.09322121872729161,0.42911405409984055,0.3422659430122117
42093,61153401.254256785,-0.5805446969057204,1.502514489961593,0.8930836248117008,0.018735489769890395,0,-0.619339615820422,18234.470588235294,0.4920585487387107,0.4470910387033678,0.2283816048998235,0.38917706411396735,0.33989145183175035
48265,161901620.2406033,1.4794601468478294,2.2213465550324907,0.4686916464126468,0.007915996198872526,0,-0.023976570450918545,51415.82352941176,0.631578947368421,0.6473717448465452,0.43402885913007366,0.57099318378168,0.6190637720488467
55095,150026220.77842844,-0.17790208759905646,1.5885225502600002,0.8803660417170768,0,0,-0.17558315695270527,44231.882352941175,0.6228589224540642,0.23744911804613297,0.2689712446797467,0.3764264283933146,0.2781546811397558
48089,9512493103.686306,-6.733983284239203,0.42668868623997613,0.9988380564372392,0.7626301947569367,0,-5.454429750291797,20974.529411764706,0.941451261289318,0.4876706148615639,0.020242914979757085,0.48312159704354635,0.4369063772048847
42001,1291427582.306144,0.0660634400555935,2.365557706130149,0.5576004047581271,0.005791885155007516,6.063960775950419e-4,-1.0481150722465913,103054.88235294117,0.8433509810028028,0.483782014503906,0.5979445655559016,0.6416925203542035,0.8236092265943012
41035,861317709.4661396,1.5326750516971508,2.3848916906161626,0.29218723819070924,0.07637531999069999,3.9790455094623214e-4,-1.2821388006129173,67560.64705882352,0.8050451572718779,0.8177619372621316,0.6475656597114087,0.7567909180818061,0.9121438263229308
49007,65598455.42758682,1.5518737701175063,2.3499743155284394,0.46951077786433887,0.026439466372385624,0,-0.49999348129382293,20666.764705882353,0.5029585798816568,0.7312660146162973,0.39946018893387314,0.5445615944772758,0.6475576662143826
06091,18602320.045257065,-0.022690018910505927,1.9399355079939824,0.34832901576808495,0.09230640050799876,0,-2.1045351967235226,3113.4117647058824,0.320149486141389,0.6632323897002508,0.34859337693345793,0.44399175092503257,0.6485753052917232
06043,806799965.5697535,0.1544326828992375,2.215020664594868,0.24075680535870797,0.013060941383601731,0,-3.25372924565477,17587.235294117647,0.7981937091248832,0.5441576277838354,0.3387314439946019,0.5603609269677735,0.7920624151967436
31141,50322568.42387867,0.2061791988497088,1.7610865806506002,0.7549090341058367,0,0,0.4863474911868083,33283.41176470588,0.46340703830582375,0.30359565807327,0.37143153742344026,0.379478077934178,0.28527815468113976
05005,264262887.37930533,0.9086689069748637,2.03914243122767,0.37063791710095684,0.031366202280928575,0,-0.8327282698059184,41650.529411764706,0.6876362503892868,0.6981564893695125,0.40714211564413993,0.5976449518009798,0.7031886024423338
55011,211817532.84105414,0.8009512406052064,2.1637826660753694,0.5294952770995087,0.1451870839887314,0,-2.3340720644791744,13345.764705882353,0.6589847399563998,0.8013891872392456,0.2931589328350462,0.5845109533435638,0.7442333785617368
01049,66330551.37599279,-1.0933768611793617,2.1883422406423736,0.6015404676542073,0.005646987729921534,0,1.3660328789136644,71433.17647058824,0.5045157271877919,0.32318809940097293,0.48645281843662413,0.438052215008463,0.48236092265943015
28135,92945112.71537453,-3.2241863888544007,1.1350339820923137,0.8520271887512577,0.28237196557150457,0,-1.454636718245702,13846.235294117647,0.5565244472127063,0.48169461945147646,0.20159867123429875,0.41327257929949385,0.4355495251017639
20159,3928565.6196454866,2.9082072363464064,0.7113862906580787,0.942419574239892,0,0,1.1751462870204017,9730.117647058823,0.1591404546870134,0.4762550881953867,0.31952662721893493,0.31830739003377834,0.024423337856173677
20055,25434293.61072673,-1.8797799129918662,0.987985963718555,0.947994736268235,0.0031061621498982193,0,1.3344394794027108,37135.117647058825,0.3600124571784491,0.24855035715936624,0.3225371120107962,0.31036664211620385,0.11363636363636363
26089,136574454.00337067,-0.22140231483409423,1.966835457542482,0.6628607603445829,0.6171015975562292,0,-1.1428055814849112,21940.29411764706,0.6085331672376206,0.7109561728613265,0.29834942385549673,0.5392795879848146,0.6597693351424695
39063,992027155.2999114,6.050228407676336,0.3222248050596628,0.9890561536829181,0,0.0021704010366876774,-1.2603633246056134,75246,0.8168794767985051,0.4972862957937585,0.39032492473788016,0.5681635657767146,0.33005427408412485
37099,55043987.02945109,0.660232162561492,1.4691577645061062,0.8856232949970342,0.0232229537025874,0,0.7520309260399751,42091.705882352944,0.4783556524447213,0.6500138449671844,0.32679331464756567,0.48505427068649043,0.29274084124830396
45017,64706499.120470926,-5.8685717032941795,1.266192252597209,0.962917849547367,0,0,-1.0039592240109922,14680.29411764706,0.5001557147306135,0.0032225237449118047,0.15997093325028547,0.22111639057527024,0.17808683853459972
13147,191254430.08579743,0.15946543490338883,1.8024750311838644,0.7611923856221202,0.003644775323692654,0,-1.2267154328657977,25929.176470588234,0.650264715042043,0.4840504165273106,0.25402263054084917,0.4627792540367343,0.4806648575305292
38085,138185907.54223633,0.9661677609917447,2.7533309318247166,0.37852885204920855,0.039368586096486934,0,-3.678594714681773,4139.823529411765,0.6104017440049829,0.7227889746023027,0.3047856327208554,0.5459921171093803,0.8025780189959294
51067,29529047.41143231,1.9060359132764848,2.5940029545641266,0.791530105224401,2.7048593874760124e-4,0.012464775616879354,1.8020110816938122,55819.35294117647,0.37932108377452506,0.592284523819235,0.7345582892141597,0.5687212989359732,0.5610583446404342
05023,100509294.91545574,-0.7055070128391439,2.2242893062340627,0.2729638080869681,0.018437577618487577,0,-0.6139981085225118,25409.58823529412,0.5668016194331984,0.42863519893699653,0.44004982871379633,0.4784955490279971,0.6899592944369064
21193,26034892.34044697,-0.5010053627438804,2.524141771364242,0.396500223163923,0.2143457325093515,6.177802007186143e-4,0.8620180197106362,27600.941176470587,0.3643724696356275,0.6334948277377912,0.7702688674348593,0.5893787216027594,0.7866350067842606
17093,328339433.730175,0.7108518739749634,2.0632531210028944,0.9318599565859184,0.0022318394489292954,9.276116207836614e-4,0.6178463846322482,125357.05882352941,0.7125506072874493,0.5397410605924648,0.5510225267310288,0.601104731536981,0.5362957937584804
36031,93545231.0190643,-1.5994289376122346,2.4913324388236195,0.4633551787901863,0,0.028253008047735683,0.06576918711902337,37970.64705882353,0.5577701650576145,0.08208955223880597,0.7559431122184158,0.4652676098382787,0.723202170963365
53049,259800699.89553347,1.7655917732054167,1.557476683165732,0.615480496883954,0.01235898098813551,0,-1.7813529220328002,22005.58823529412,0.6867019620056057,0.6870340636043684,0.28682653379009654,0.553520853133357,0.560719131614654
40047,2691573126.011949,0.2545879879987716,1.3072798012002291,0.7623744944231742,0.00922641289381882,0.0012573072376949644,-2.561433569343675,61596.64705882353,0.8850825288072252,0.5392073155809585,0.46330322848541466,0.6291976909578662,0.6886024423337856
35029,665923953.0452014,-2.4683258206166876,0.6743250416555945,0.9136050154107835,0,0,-2.5363258327830662,24887.823529411766,0.7807536592961695,0.045793758480325644,0.1278936987439012,0.3181470388401321,0.2703527815468114
12039,84404911.52083671,-1.0794505194045723,2.251603954917886,0.7250396060906492,0.004678347646507844,0,0.4449268443227598,45576.529411764706,0.5397072563064466,0.31635410123730046,0.3817087096439323,0.4125900223958931,0.4772727272727273
13083,1194101.2096636274,NA,1.5836143251239136,0.8069915144723614,NA,0,3.149673758534314,16329.764705882353,0.08439738399252569,NA,0.46008512405273533,NA,NA
51590,429111457.5177388,1.3965268654484007,2.265142708426601,0.9007977725900158,0,0.03341619356304836,-1.2988460377586584,42167.05882352941,0.7436935534101526,0.4253731343283582,0.5011938129347037,0.556753500224405,0.6255088195386703
31061,79356.78616809798,1.4135325209321312,0.6259457751091448,0.9999999999999999,0,0,3.3041457838282855,3015.4117647058824,0.012768607910308314,0.4258819538670285,0.32648188518633864,0.2550441489878918,3.3921302578018993e-4
72135,22180016.15415135,0.621925210914446,1.468412254311731,0.8705635664663174,0,0,2.509212153002539,73721.3,0.34350669573341636,0.3582089552238806,0.41700404858299595,0.37290656651343096,0.11940298507462686
38059,564790651.2440243,-3.248786973200355,0.8781401240757843,0.9466726058907533,0.03800236872912519,0,-2.0622435917314728,30532.058823529413,0.7689193397695422,0.35309628755475675,0.11990034257240735,0.4139719899655688,0.37720488466757124
30101,14076993.128757987,-1.8540947675668598,1.9642366925076906,0.6183809168512012,0.034578921916101825,0,-1.090365324675966,5061.294117647059,0.28994082840236685,0.38818376236869945,0.3193190075781169,0.3324811994497277,0.4989823609226594
28091,18719121.637654796,-2.5260201888490723,1.5778957738068893,0.9087698476562592,0,0,1.0648764498507486,25378.882352941175,0.32077234506384306,0.044097693351424695,0.3363438181251946,0.23373795218015414,0.13602442333785617
41037,269362466.8538908,0.519916497713325,2.046863722674937,0.15986158134155068,0.10818902458082391,0,-3.353810294266444,7974.411764705882,0.688881968234195,0.7534632811529889,0.34610194124364163,0.5961490635436085,0.80359565807327
42033,36202184.14937123,-0.18643909959117444,3.003623801218359,0.5150116854868798,0.0957527589385645,0.006905660690760894,2.146990866009244,80211.64705882352,0.4113983182809094,0.6357248644734064,0.8381604899823524,0.6284278909122226,0.7927408412483039
18093,424472617.07410586,0.9768512064707622,2.233055631722286,0.873184946208084,0.004530310709195674,0,-1.168879482144801,45619.17647058824,0.7415135471815634,0.5843610558974122,0.2059586836914772,0.5106110955901509,0.51797829036635
27121,67283586.98083788,-3.761665406912554,0.4847553068285581,0.9945381224706632,0,0,-1.4635232525469926,11119.176470588236,0.5057614450327,0.018147896879240163,0.10038409633551333,0.20809781274915118,0.09599728629579375
29137,12595603.95161622,0.9781512927231262,2.050323558226419,0.6861924783051334,0.013138526535537978,0,-0.15156793741623606,8744.529411764706,0.27748364995328556,0.6403088855231948,0.3556524447212706,0.424481660065917,0.412483039348711
01009,43662795.67038013,2.072110544476617,2.055045492337646,0.933962379779992,0,0,1.4720374971035741,58120.705882352944,0.43942696979134227,0.4569199457259159,0.34091145022319114,0.4124194552468164,0.2062415196743555
48377,182466944.44202426,-0.4382732406755281,2.3565299375684465,0.4122400648779928,0.01753194865022075,0,-3.1791139256587484,6919.35294117647,0.6468389909685456,0.46296607235275616,0.3038513443371743,0.4712188025528253,0.7479647218453188
72013,460041767.982751,0.7242901774084736,1.2548415037551535,0.8615255176746532,0.04791801284459369,0,-0.2272124540053728,89627.7,0.7502335720959202,0.7186118052477637,0.27291601785528913,0.580587131732991,0.41994572591587515
39107,91642451.41740307,-2.4971007866647934,1.3836231956028262,0.7531807649634866,0,0.0013307318260105498,0.21389197313382385,41309.882352941175,0.5530987231392089,0.044436906377204884,0.6168379528703415,0.40479119412891845,0.42639077340569875
47025,39150233.351552434,-0.0023423322179620953,1.23273037620381,0.9443957128107372,0.003612068205148862,0,0.6788015766957066,32019.529411764706,0.42478978511367177,0.4550607320475415,0.2855808159451884,0.3884771110354672,0.18351424694708277
46117,29138324.394738615,1.835488781276533,2.134284180569383,0.6328507377334384,0.11329142396029257,0,-2.6150250583128507,2989,0.37838679539084397,0.8604406914235527,0.2496626180836707,0.4961633682993558,0.6149932157394844
18181,17738852.0216404,0.8765810835680945,1.3925400608669953,0.9834846980877808,0,0,1.0647728535448535,24491.117647058825,0.31516661476175645,0.383989145183175,0.2804941347451469,0.32654996489669275,0.06343283582089553
18075,8151006.761008417,3.628703329319112,0.364202069334151,0.997664214297656,0,0.08285037344688682,1.5989096157155225,20851.823529411766,0.2251635004671442,0.48507462686567165,0.6150731859233883,0.4417704377520681,0.08751696065128901
29087,79906253.8260047,-0.7603823464836985,1.2178654087896998,0.709300444401351,0.02811015886079125,0,-2.9997054921242285,4514.529411764706,0.5319215197757707,0.4569262903917287,0.21249870237724489,0.40044883751491483,0.4681139755766621
12133,16043297.57466156,-2.1804582419799274,1.2321181567657984,0.9476443504800447,0,0,1.1914961266220203,24919.70588235294,0.30270943631267516,0.05647896879240163,0.31589328350461954,0.22502722953656543,0.06648575305291723
48271,7732404.873660982,3.937929329036642,1.0318303537157305,0.8726862113503563,0.9973142533455848,0,-1.0578101375880489,3480.8823529411766,0.2214263469324198,0.9821129142047098,0.21301775147928992,0.47218567087213986,0.30597014925373134
18179,6582930.744988336,1.4088883936076044,2.2166488348073248,0.5343767678616166,0.026578455778058407,0,2.2592675692295487,28010.470588235294,0.20616630333229524,0.7248105437469239,0.54354821966158,0.49150835558026634,0.42401628222523746
17083,1715445.5843190094,-0.012260511422214293,1.6354435782858614,0.714758898016562,0,0,3.2460855823484116,22110.470588235294,0.10339458112737465,0.26865671641791045,0.5015052423959306,0.2911855133137386,0.13161465400271372
72037,276463058.15211344,-1.002198218484775,2.2649968943631356,0.49051702687343046,0,0,-2.7243087557286425,12296.9,0.6916848333852382,0.13076662143826323,0.2921208346309561,0.3715240964848192,0.6210990502035278
47039,145493.11450181712,NA,1.4377153705361485,0.7119389150514355,NA,0,4.745412756078237,11663.941176470587,0.020242914979757085,NA,0.5183224333021904,NA,NA
28109,273423342.06611073,-0.5865207182115704,1.90232544212388,0.8412369541372864,0.10020313726482995,0.003108677531249266,-0.41859288785571797,56005.64705882353,0.6910619744627842,0.5768297109823446,0.5458320357105783,0.604574573718569,0.7018317503392131
39037,66132919.404546835,-1.5377006259836463,1.490779204865687,0.919389975185981,0,0,0.8882686820814842,51993.94117647059,0.5042042977265649,0.08649932157394843,0.3170351915291187,0.30257960360987735,0.1791044776119403
21133,6042367.681968228,0.3820493186025473,1.6618799251503975,0.6146271810694008,0.017586976652337643,0,2.0195707265256604,22592,0.20118343195266272,0.5952565465621429,0.5101214574898786,0.4355204786682281,0.31241519674355495
48287,1604707.4173729082,-4.572199841540872,1.17574042222858,0.9822785010076498,0.4845337578064063,0,2.9258287595859143,17122,0.10090314543755839,0.48412689240987633,0.3505657635212291,0.3118652671228879,0.11295793758480326
22037,106249430.06037253,5.581654935171105,0.1970141328951213,0.9933387676710645,0.968411469223887,0,-1.061131175906791,19617,0.5752102148863283,0.9892572345051931,0.12457178449081281,0.563013077960778,0.27238805970149255
45001,2567763.2270659613,-1.1463286300231506,1.764315161239907,0.8038338908555245,0,0,3.0167190043351524,24804.176470588234,0.12394892556835876,0.11736770691994572,0.45925464548946326,0.2335237593259226,0.12008141112618724
01001,53729837.97667249,-0.19488132844928963,1.9688808822458352,0.7060988923482365,0.31990726299999883,0.012179901956345347,1.218797165214583,56389.470588235294,0.47492992837122394,0.6939872508472394,0.7410983078999274,0.6366718290394636,0.6869063772048847
46035,20520725.63143241,-0.11547095747835456,2.2485568489511207,0.6601120098558364,0.1544347708436199,0,0.5985035987551758,19816.058823529413,0.3316723762067892,0.6770102847032826,0.41513547181563376,0.47460604424190184,0.5210312075983717
38053,30074856.379139684,0.10178095036591372,2.60786522549197,0.4621257595948789,0.012363410673791295,0,-0.6346927575471478,11293.941176470587,0.3808782310806602,0.5296366137974728,0.3935430291705595,0.43468595801623083,0.6244911804613297
22027,13581674.225130698,-1.3913297906073172,1.8291084406272062,0.6106609225758871,0.3282664029156903,0,0.6624177695433929,15737.35294117647,0.28713796325132357,0.5567573410049407,0.43994601889338725,0.4279471077165505,0.48134328358208955
54023,13570738.65551758,-2.1806881885405396,2.5072787547264097,0.6273843366936833,0.02403734664561368,0,0.1916325400733451,11524.235294117647,0.28682653379009654,0.34738892076328143,0.40143257552164435,0.34521601002500746,0.5169606512890095
30015,68771253.59379463,2.685518280150374,1.4644043885068472,0.9287336062610324,0,0,-2.4633077760683055,5827.294117647059,0.5082528807225164,0.4718453188602442,0.12031558185404338,0.366804593812268,0.25
72079,503512850.9612167,2.3466198627968424,0.014478775598849058,0.9994014977472145,0,0,-2.3148250079880746,23951.1,0.7583307380878231,0.4655698778833107,0.05792587978822797,0.427275498586454,0.15400271370420623
18143,142348717.4994982,1.4918650025662288,0.8924347865864455,0.9831621740087578,0.005451682515630511,0,-1.0451735946895917,24051.352941176472,0.6138274680784802,0.6303533117795972,0.1397280182705284,0.46130293270953526,0.2259158751696065
28023,41794915.16211474,-2.1341519697066804,1.6719059392335098,0.968590307873711,0.011974252004284492,0,-0.4393299385199112,15971,0.43257552164434754,0.29966842323271603,0.18966054188726253,0.3073014955881087,0.2730664857530529
19151,2935555.6245234446,0.9623951605448564,1.3531965742900551,0.8595982990589833,0,0,0.9803587706637605,7056.941176470588,0.13734039240112114,0.3914518317503392,0.35679435274576976,0.29519552563241,0.08039348710990502
72003,41548687.01463064,0.07986142902188931,1.2429016342619414,0.8020835209548471,0.10747901004757417,0,0.9375499535617707,39511.4,0.4313298037994394,0.6917369338405441,0.3813972801827053,0.5014880059408963,0.33548168249660787
05111,26485506.71420621,-1.0084025564523795,1.8761884272686085,0.40804384385698256,0.6704029142088732,0,0.61470097850056,23707.29411764706,0.36748676424789783,0.6123861245784197,0.495484272812208,0.49178572054617514,0.5902306648575305
16041,2406600.0449349554,2.2092657512199523,0.8200945206651037,0.9063303972732263,0,0,2.1774362219214196,13648.941176470587,0.12052320149486141,0.46217774762550884,0.38887158725215404,0.32385751212417474,0.024762550881953865
09190,112165247.14006482,6.070238541645104,2.8610753998985956,0.6758847999687557,0.04443279072076147,0.03995115888677397,4.128532777388777,627071.4,0.582995951417004,0.8381372650320995,0.8461538461538461,0.7557623542009831,0.7632293080054274
26133,58390649.6820419,0.12889923577011864,1.2304961389516829,0.978340676024361,0.10013469465705477,0.018262701405221113,-0.20021059887595022,23328.882352941175,0.4870756773590782,0.6972529409791994,0.5088757396449705,0.5644014526610827,0.45420624151967437
31043,6174064.016955986,-2.474282278291156,1.9406802655526278,0.7115689577162412,0.5024755347541872,0,1.87032281608045,20764.235294117647,0.20336343818125194,0.519906049095024,0.4680784802242292,0.39711598916683505,0.39925373134328357
55037,4590268.428262616,-1.5551051107675455,2.183185480348987,0.5673504397340094,0,0,-0.16288021438402367,4455,0.1756462161320461,0.08480325644504749,0.3972801827052839,0.21924321842745917,0.3493894165535957
72045,107564307.37986282,-8.446347872575897,0.12572725296002898,0.9996001413722835,0,0,-1.0545078776430858,19863.8,0.5770787916536905,6.784260515603799e-4,0.11398318280909375,0.23058013350478154,0.08514246947082768
08055,4531321.36529219,-0.9468473159273376,1.9152510656160582,0.6005813087520918,0,0,0.47934561883902044,6751.823529411765,0.17315478044222984,0.13602442333785617,0.4322640921831205,0.24714776532106883,0.2798507462686567
54035,58824736.32627086,-2.421240647204641,0.48886571261967793,0.97631081929967245,0,0,0.1046979856678157,28675.470588235294,0.48863282466521335,0.0473202170963365,0.22101110765078377,0.25232138313744457,0.07225237449118047
40153,22982284.31795617,2.334161412516707,2.111570591481857,0.5707660647683472,0.8079330859643403,0,0.536863455498386,20503.941176470587,0.34880099657427593,0.9535380122524562,0.44316412332606664,0.5818343773842662,0.5739484396200815
39073,5060940.48357664,-3.025497656038155,1.475957026807654,0.5907081598989765,0.16131312995110858,0,2.551198949109311,28552.41176470588,0.18374338212394892,0.45935301176754234,0.5348281947472231,0.39264152954623815,0.3476933514246947
01017,1785888.6783436297,0.09169557145565577,2.2040826851643835,0.6299943390501137,0,0,3.858656221337616,34034.41176470588,0.1077545935845531,0.28595658073270014,0.5411605937921727,0.311623922703142,0.22829036635006783
27103,147961902.2936995,2.1854315392254478,1.4426501577185702,0.9898179008677962,2.014699471822382e-4,0,-0.5764321373774903,33630.94117647059,0.6200560573030208,0.5994366616543807,0.1601785528911035,0.45989042394950164,0.23914518317503392
49029,46662950.959463455,1.6121853207662795,2.483964394746141,0.6764507374506827,0,0,-1.0853005060664755,11209.588235294117,0.45063843039551543,0.4369063772048847,0.2973113256514066,0.39495204441726894,0.4698100407055631
18125,429288.0398006212,1.0368196029740346,1.6577711191788427,0.8370652465216988,0,0,3.76079239259919,12439.058823529413,0.047337278106508875,0.40044097693351427,0.4534412955465587,0.30040651686219394,0.0675033921302578
18017,30432415.546547268,1.0822938460599278,1.6864431121260872,0.6999598391216039,0,0,1.198235303820907,38210.470588235294,0.38368109623170354,0.40400271370420626,0.44015363853420536,0.40927914949003835,0.2537313432835821
29109,36269095.25401935,-2.0549134033701044,1.83920774051574,0.8758895959668747,0.05617527100050792,0,1.0298605759837303,38389.705882352944,0.4123326066645905,0.42246081942265357,0.3517076715457282,0.3955003658776574,0.3480325644504749
37187,899685.587712321,0.2864944310764592,1.181147765646704,0.933339190105317,1,0,2.966872798770412,12003.058823529413,0.07318592338835254,0.8104659114701588,0.3892868265337901,0.4243128871307671,0.14687924016282225
13099,10900206.158287406,0.2286748710486748,0.5657619419194712,0.9535026972777878,0.13028387774961506,0,0.2854311177635026,10608.35294117647,0.2603550295857988,0.7275111054311245,0.2517388144918509,0.41320164983625807,0.16485753052917232
12045,14099251.83513564,-1.9133228598115721,1.4131102521982208,0.9441285857400588,0.12296439288442045,0,0.6081270489843875,15562.70588235294,0.2902522578635939,0.48215823324623014,0.281636042769646,0.35134884462649,0.24253731343283583
20153,683333.418119443,NA,0.8357448259418964,0.9655527106857691,NA,0,0.8801093693084167,2521.0588235294117,0.06290875116786047,NA,0.2827779507941451,NA,NA
05053,3366621.8400617703,-2.610153102300849,1.0749528909140202,0.8172923916816842,0,0,2.266944661624544,18076.235294117647,0.14668327623793212,0.041383989145183174,0.4360012457178449,0.2080228370336534,0.06004070556309362
56027,409753765.33434504,3.4836642342022994,0.08790015378654763,0.9945940015303131,0,0,-5.569409120293788,2434,0.7383992525692931,0.4827001356852103,0.027613412228796843,0.41623760016110006,0.17944369063772048
48455,4478662.738517968,2.2779448715197663,2.00287638173013,0.8696729902739373,0.0032538169597422463,0,1.6368377192957144,14394.64705882353,0.17035191529118654,0.6450695375373089,0.3876258694072459,0.40101577407858047,0.21472184531886024
31037,4895297.623908395,1.267721182953574,0.6516464302299483,0.9588067533197233,1,0,1.083174085867222,10589,0.18031765805045158,0.9112121801268752,0.30270943631267516,0.46474642483000067,0.14654002713704206
20089,1525097.1456866104,-0.70756109026728,1.2554488468097815,0.9298312249484602,0,0,0.32654804449627794,2972.4117647058824,0.09685456244160698,0.158921302578019,0.27198172947160804,0.17591919816374468,0.05529172320217096
13101,2929021.6496174904,NA,0.3276083759975149,0.9812908544871454,NA,0,0.08939157279450034,3911.294117647059,0.1370289629398941,NA,0.21582061663033322,NA,NA
28129,1350212.7819708467,-0.05068197607468683,1.989509425235415,0.6104184127958114,0.19202601279969864,0.1451816402840524,2.9585791164272766,15610,0.09093740267829337,0.6992237527973179,0.8662929513131942,0.5521513689296018,0.5834464043419267
56017,1553577.3558294792,1.2371488965121937,1.1186823190100101,0.9630682681900817,0,0,0.9980546736000503,4689.235294117647,0.09841170974774213,0.4141791044776119,0.29378179175750024,0.2687908686609514,0.028154681139755767
20141,714751.7847829583,NA,1.031822792844157,0.9737647041949077,NA,0,1.3874321962681588,3631.235294117647,0.06415446901276861,NA,0.3056161112841275,NA,NA
20101,13710.025811638548,NA,0.6929759857191055,1,NA,0,4.123721354120849,1624.4117647058824,0.004360012457178449,NA,0.3247171182393854,NA,NA
48197,1202482.1930438213,NA,0.1370447917708624,0.9999999999999999,NA,0,0.9677891018449987,3880.705882352941,0.08564310183743382,NA,0.2445759368836292,NA,NA
26013,16239777.874989914,0.7343424957082707,2.009520392001215,0.9132274803727158,0.01568910674864275,0,-0.4480973168637214,8502.882352941177,0.3042665836188103,0.6291072647329938,0.22973113256514066,0.38770166030564823,0.3276797829036635
19171,994936.3601528262,-0.18642323350750267,0.9401858624289388,0.9445428535131901,0,0,3.41328085699858,17229.058823529413,0.07785736530675802,0.2362618724559023,0.38897539707256307,0.2343648782784078,0.014925373134328358
29125,10927004.619021097,3.960736503825979,0.37402609047288826,0.9604262575157908,0.935311129384425,0,0.003852076988025697,8821.764705882353,0.26066645904702584,0.9797775106975597,0.22796636561818748,0.489470111787591,0.189280868385346
31123,16739166.728733921,3.161136138747457,0.5759381604958129,0.8789527658113431,0,0,-1.3461399263460045,4792.588235294118,0.3073808782310807,0.48049525101763907,0.19381293470362296,0.3272296879841142,0.12109905020352782
48195,2327566.4820550852,-4.426644662757493,0.28743400783536827,0.9917432257977488,0,0,0.8120364954770685,5416.588235294118,0.11834319526627218,0.011194029850746268,0.2526731028755321,0.1274034426641835,0.010854816824966078
09160,1845141.8314716606,NA,0.8906870359322734,0.9464065064478205,0.00785205481791028,0.041627990719205726,5.6451549913916885,113215.8,0.10931174089068826,NA,0.7219973009446693,NA,NA
54043,746593.977048781,2.8402707461466905,1.16671897044684,0.9262197772787492,0.5220750743956981,0,3.992556155809973,20896.941176470587,0.06540018685767673,0.951356353593664,0.4094259316931382,0.475394157381493,0.1353459972862958
12047,512261.4680079721,-0.38180423739204983,2.1477057602796905,0.8719030147119322,0.6519704246112882,0,3.7872077180755785,14225.64705882353,0.05263157894736842,0.6866894122936058,0.43703934392193505,0.3921201117209698,0.2856173677069199
72093,438181.93971417064,NA,0.8750591042603799,1,0,0,2.6062526224709788,5880.1,0.04796013702896294,NA,0.30239800685144813,NA,NA
48429,812913.518266665,NA,1.5157510779098946,0.9158500610499284,NA,0,2.702953315426915,9428.882352941177,0.06976019931485518,NA,0.39613827468078483,NA,NA
19185,145763.923643394,NA,0.9365928597982045,0.9928267607154577,NA,0,3.843675565200722,6436.235294117647,0.02086577390221115,NA,0.35015052423959303,NA,NA
20187,74567.12388376854,2.130500582325186,1.130218796372495,0.9305891512999335,0.1689079679390206,0,2.8199955459608192,2101.6470588235293,0.012457178449081284,0.8914817423177427,0.388560157790927,0.43083302618591696,0.10515603799185888
01129,5068259.268462919,NA,0.3531973298832152,0.9926457266269527,0,0,1.7132615726955318,16429.235294117647,0.18467767050763,NA,0.3020865773902211,NA,NA
21181,1330769.2675012513,NA,0.12396331656823292,0.9999999999999998,NA,0,1.819661503245684,7285.117647058823,0.09062597321706634,NA,0.29066749714522994,NA,NA
38041,229495.66740607363,NA,0.6989957199719756,0.996897292402639,1,0,1.9637028048247538,2508.5882352941176,0.029274369355341015,NA,0.30437039343921934,NA,NA
13093,1816548.4161054355,NA,0.4408373888019699,0.9876085763586147,NA,0,2.4125044060825833,13238.529411764706,0.10837745250700716,NA,0.33385238243537835,NA,NA
54017,104922.07476823703,NA,0.5917684972871422,1,NA,0,4.537692308793197,8192.882352941177,0.015571473061351603,NA,0.3287657012353368,NA,NA
48475,3600047.2130944557,NA,0.5140855760392136,0.9945403527453208,NA,0,1.4737933379545891,11188.058823529413,0.15291186546247276,NA,0.2877608221737777,NA,NA
38083,70554.33833553188,NA,0.15562972608313072,1,NA,0,2.161576732037984,1311.4705882352941,0.010900031142946123,NA,0.2896293989411398,NA,NA
48191,26423.396176323724,NA,0.926924850160112,1,NA,0,4.433003975549791,3074.0588235294117,0.005605730302086578,NA,0.32793522267206476,NA,NA
31183,7091.511720588989,NA,-0,1,NA,0,3.706926487875832,797.8823529411765,0.003114294612270321,NA,0.32046091560261597,NA,NA
36081,4345578701.345146,0.32354854857787885,3.2953193794533187,0.31722384943722737,0.020953149251484764,0.0028023032685775165,2.4273558872962124,2283018.588235294,0.9093740267829337,0.6014722797018732,0.8810339458112738,0.7972934174320269,0.9040027137042063
51107,65544427251.24481,-0.04098605539757827,2.9530606004569804,0.2773593782549779,0.023751901643147697,0.006207681205966452,-3.007444261565205,378156.70588235295,0.9875428215509188,0.5517856155549452,0.6262846465275614,0.7218710278778085,0.9921981004070556
28047,8133270525.061621,-0.6303857656623144,3.1356685591699294,0.2394984250581129,0.02049199711937519,0.02129127136657449,-1.879637035212135,200680.76470588235,0.9358455309872314,0.44597958921008,0.6903353057199211,0.6907201419724108,0.9881275440976933
22075,3700550400.092352,-0.4937335743960638,1.501963482965782,0.39072090384183206,0.37501952892465096,0,-4.361318799560423,23144.235294117647,0.902834008097166,0.6555519451385812,0.2962732274473165,0.6182197268943546,0.7873134328358209
42049,1823047137.3543987,0.4031479425391815,3.3602107110175368,0.5527379266700658,0.0048357860264936535,0.0030055923736577593,0.09322876677509061,275103.23529411765,0.86359389598256,0.5281665773881549,0.6943838887158725,0.6953814540288624,0.8727951153324288
34027,12898604905.385025,-0.09141826664970765,3.6533478094782383,0.2154829767225633,0.0071149910306623765,0.008159500253809945,-0.9601845276135943,499644.8823529412,0.9532855808159452,0.4666415599176643,0.7242811169936676,0.7147360859090924,0.9725237449118046
47167,180619462.25638583,-0.5900403989360932,2.4327921064026707,0.5521759492230933,0.3972924897027185,0,0.13414065221915597,61356.41176470588,0.6446589847399564,0.6421217604816145,0.42177930032181044,0.5695200151811272,0.7201492537313433
50007,7119953507.839823,-0.5072804819489178,2.894048572120716,0.674374460327968,0.008802581109448628,0.009093909685401835,-2.064438061199055,162666.17647058822,0.9314855185300529,0.4108542729964678,0.5505034776289838,0.6309477563851682,0.8945047489823609
26121,2219017915.8942747,0.4541680839374713,1.1291789827641068,0.9250311935539991,5.811847526217475e-4,0,-0.8010057273159648,173500.88235294117,0.8779196511990034,0.485495187570981,0.20076819267102666,0.5213943438136703,0.35006784260515605
40031,7402543419.722052,-0.6767253811352916,2.859898691895696,0.24758381625102238,0.03914523320141647,1.7219334314923996e-5,-2.5317638074038427,122566,0.9342883836810962,0.49264596583488096,0.592027405792588,0.6729872517695217,0.9718453188602443
40121,921261545.1573615,-0.48326883691835576,3.566758297161021,0.29240712662013685,0.07516525446598302,5.814406086325019e-6,-1.9802923272714357,44531.705882352944,0.8109623170351915,0.5752506822781701,0.6006436208865359,0.6622855400666325,0.9711668928086838
17043,53215596295.193504,-0.6631971877036804,2.123762199210561,0.8077604248814589,0.001423408675557573,7.03852414562837e-4,-1.4423514542152434,926769.5294117647,0.9831828090937402,0.3243353509370618,0.48022422921208346,0.5959141297476285,0.7591587516960652
40111,37412626.74147416,-0.8334580712283159,2.034817842268707,0.4043526978605597,0.32357446024753106,0,1.005069369248916,38548.58823529412,0.41700404858299595,0.6061232596355081,0.5230976850410048,0.515408331086503,0.6075305291723202
41003,1468775228.966938,0.15990375834504533,2.364154595976908,0.7314836471347236,0.006692781450347118,0.017826851720690658,-1.373427095946506,90499.58823529411,0.8508252880722517,0.5094371239086042,0.5695006747638326,0.6432543622482294,0.8090230664857531
24001,233383194.2349578,-0.5464536133040419,3.1175690524690354,0.4264180709767226,0.10826185313565423,0.01621656804884596,0.10791950056280021,71429.29411764706,0.6708190594830271,0.5892815708304896,0.7621717014429565,0.6740907772521577,0.9138398914518318
31055,6053104109.972319,-1.2064074192690164,3.283455292102592,0.2600392192617992,0.11375434390522524,0.002332788924862651,-0.04598168014313121,554497.2352941176,0.9243226409218313,0.5254574050860654,0.7542821550918717,0.7346874003665894,0.9799864314789688
06085,131705746481.34866,-0.5646280953280574,2.802779684586365,0.656720524085857,0.014796109238608243,0.007600424576526465,-1.2833440681898813,1873400.8823529412,0.9953285580815945,0.43242103836800694,0.5878750129762276,0.6718748698086096,0.9006105834464043
37159,1034718371.4653767,-0.6591044800949994,3.049578405391673,0.12102977166696052,0.034190718045097206,0,-0.3397113958444741,142150.35294117648,0.8218623481781376,0.4819891932213591,0.475552787293678,0.5931347762310583,0.850067842605156
48201,115359212635.4177,-0.343793565649019,2.5320826749116288,0.3595628429706595,0.037850930965527406,0.0017324315129067934,0.1805968935459185,4515154,0.9943942696979134,0.5384814178334054,0.7451468908958786,0.7593408594757324,0.9172320217096337
48027,15248694647.839622,-0.5937349967164032,3.0578415949406987,0.18907394492305005,0.05708380433657815,2.3417412959383343e-5,-1.6824138558583668,346297.9411764706,0.9570227343506695,0.5360659129203681,0.6315789473684211,0.7082225315464862,0.9864314789687924
12055,131765063.53019404,0.11022630820707491,3.04877217254999,0.44918641134294157,0.02654785945508406,0,1.2207250246526427,102130.11764705883,0.6060417315478044,0.5889583327668453,0.5223710162981418,0.5724570268709305,0.7069199457259159
06055,291079046.28736204,-2.188355991449349,2.039493521804005,0.6140053690018155,0.05241092159901992,0.019221130743307002,0.8764910471161861,137341.5294117647,0.7004048582995951,0.4111779642505273,0.7636250389286827,0.6250692871596016,0.7706919945725916
18163,4346239950.262676,0.32228445602120814,0.35434326060703014,0.9441753847632894,4.5727435502189234e-4,0,-1.413170752130899,180526.76470588235,0.9096854562441608,0.4660321321068188,0.1494861413889754,0.5084012432466517,0.30630936227951155
12021,1783860499.2761385,1.1196948823686483,2.392870887887064,0.6424411402655233,0.022111916719985754,7.046304883419478e-4,0.5300452704911688,361911.1176470588,0.8620367486764248,0.691298585411438,0.6753866915810235,0.7429073418896288,0.7954545454545454
10005,587591976.6413245,0.11294818594778633,2.7678468377133263,0.5514603937868605,0.09206036555188597,0.00050921049281556685,0.9130560696112209,223796.58823529413,0.7723450638430396,0.6881697587848696,0.7292639883733001,0.7299262703337365,0.8524423337856174
48227,1680653120.8069081,-2.373409840744724,1.5212148471952052,0.8101728494173771,0.1993883808027416,0,-2.9570726921246817,34745.41176470588,0.8601681719090626,0.4905738659589645,0.16952143672791445,0.5067544915319805,0.6316146540027137
22055,854715941.3683372,0.9590483424083871,2.6906327839302597,0.5008194771981231,0.7904842603921848,7.685157863241836e-4,0.6239159943119094,236818,0.8041108688881968,0.8775725353919055,0.728537319630437,0.8034069079701798,0.8924694708276798
53011,3348059207.4016557,0.097848041100697,3.096414071627591,0.4520193900309789,0.0251827793503294,0.005991059748985905,0.2926542349106305,468968.5882352941,0.8975397072563065,0.5817303988347569,0.7504411917367383,0.7432370992759338,0.9151967435549525
46103,1231878615.327562,-0.32969510065039387,3.1209397061402218,0.4555665177159654,0.035379989630646036,0.017938235875454803,-0.9264563907227897,108250.94117647059,0.8389909685456244,0.5333330614190842,0.6868057718260148,0.6863766005969077,0.9423337856173677
48303,506301744.2986303,0.2422107752760141,3.31776368089546,0.4072557980445838,0.0038152245453759595,0.004407872838520508,1.503860817285366,299678,0.7592650264715042,0.49726148361852607,0.83421571680681,0.69691407563228,0.8504070556309362
42045,33691157357.008694,-0.48624436232100265,1.2971041365226583,0.8818276661088493,2.996930684358844e-4,0.005700658136673885,-1.7293017222707374,566848.8235294118,0.9750856431018374,0.3317532849507246,0.4631994186650057,0.5900127822391893,0.6292401628222524
13179,6132720539.860584,-1.3667371621307502,2.956757009990131,0.19751878874088008,0.10895056870617875,0,-3.3211685012265013,64247.705882352944,0.9255683587667394,0.5071868069019088,0.34350669573341636,0.5920872871340215,0.926729986431479
21157,16276769.949193018,-1.7191297928698273,1.8763917319269312,0.808861692514186,0.21489731547884997,0,1.5265686990383416,31393.176470588234,0.30457801308003735,0.5207012849761032,0.41119069864009133,0.4121566655654106,0.371438263229308
35045,2091273512.4592063,1.0026276591100007,2.6001768127892415,0.3068158986170548,0.03436421986382384,0,-1.226054574484627,125986.41176470589,0.8720024914356899,0.7133272651136737,0.39665732378282986,0.6606623601107312,0.8327679782903663
27003,10240723725.767145,-0.08063669069262858,2.308560253865153,0.8474843269906768,2.3314034941953742e-4,2.419854293777218e-4,-1.2703739265443381,349497.17647058825,0.9436312675179072,0.39521478506538177,0.46070798297518945,0.5998513451861595,0.7377883310719131
29221,81961178.74311703,1.088916748496354,1.2618324020880705,0.6491973023480193,0.002965383057385945,0,-0.46156621765211087,24558.352941176472,0.5350358143880412,0.5838780682124085,0.3461019412436417,0.48833860794803047,0.38466757123473544
51177,77968349764.20305,4.200378342515389,0.9870371984246353,0.967626701688145,2.885503216345473e-6,0.001351737476926309,-4.757943236414172,133408.88235294117,0.989411398318281,0.6227717760260458,0.32274473165161427,0.6449759686653137,0.5454545454545454
37065,6729724.903833876,-1.7123181281210567,2.5378344664297723,0.523974499153776,0,0,3.197711629700357,52835.82352941176,0.2077234506384304,0.07598371777476255,0.5665939997923803,0.2834337227351911,0.3456580732700136
01087,348155418.4946145,0.11911511189208568,3.12398177136608,0.2184531354051371,0.050349194093435454,0.007024897413412907,-2.2509390403206138,19578.823529411766,0.7187791965119901,0.6452870689366068,0.6596075988788539,0.674557954775817,0.9664179104477612
17151,24527308.8533172,-2.3432341550407685,2.507185077786388,0.4546551964480961,0,0,-1.940712145468488,4164.705882352941,0.3556524447212706,0.0507123473541384,0.32720855392920173,0.24452444866820358,0.5417232021709634
08123,638696358.615407,-1.1260438949412404,2.7402587420811315,0.42739176100501314,0.02489920765620023,0.021858271209629836,1.2716399406191277,299692.9411764706,0.7785736530675802,0.4128231587553216,0.8437662202844388,0.6783876773691135,0.8622795115332429
48339,955559360.037672,0.9981057161426357,2.5054242311395694,0.6357539541424115,0.10093358314744029,0.01288032945256479,1.825811663964897,564016.8823529412,0.8137651821862348,0.7974825725625834,0.7976746600228383,0.8029741382572189,0.8253052917232022
18067,20816045.8878298,-3.814222561560607,1.9439996073218677,0.7648464968102785,0,0.007902335893614424,2.751365792643438,82959.41176470589,0.3335409529741514,0.016960651289009497,0.7666355237205439,0.37237904266123495,0.385685210312076
37195,506592331.3683326,-0.5194654851270144,2.2243815100192914,0.9673077326356457,0.015654196061001564,0,-0.4843744579478628,80595.29411764706,0.7595764559327313,0.44389955850189755,0.18716910619744628,0.46354837354402506,0.46404341926729986
48277,64097482.25753589,0.7763710961518377,2.1382167878996636,0.6834428879457398,0.00595477961134953,0,0.8573347103063094,49900.64705882353,0.4982871379632513,0.5782319954245896,0.4235440672687636,0.5000210668855348,0.4494572591587517
37023,241142799.62938485,-0.839834540092923,1.4856662211907725,0.8607250845288782,0.0012121981491865184,0.0026845374302041634,0.41558836131024446,89442.70588235294,0.6758019308626596,0.3020098315128674,0.5913007370497249,0.5230374998084173,0.49389416553595655
05045,100933583.30917715,-0.9702560365228337,2.7251813075389153,0.4060470054068456,0.03617433551052176,0.0023999306290588265,1.749445896331362,121445,0.5674244783556525,0.4566344357643374,0.8344233364476278,0.6194940835225392,0.8066485753052918
30007,14180274.411307212,0.25769677354130494,2.198208906049317,0.35157927470838024,0.06024412996760532,0,-0.7639091529088663,6310.058823529412,0.2905636873248209,0.6796574832160929,0.41586214055849685,0.4620277703664702,0.6248303934871099
42085,255063365.99886617,-0.6373155409727893,2.431632522889183,0.7885936942613646,0.06050942317417107,0,0.7094277352892878,112710.41176470589,0.6845219557770165,0.535139705009295,0.37049724903975917,0.5300529699420234,0.5885345997286295
22089,1087353516.300359,0.42807466873006206,1.7406267637550694,0.6547338788895637,0.003491803684800816,0,-1.902855539685841,52294.05882352941,0.8268452195577701,0.5190154166315444,0.2651302813246133,0.5369969725046426,0.592944369063772
39123,175730804.7840486,-0.6840526033509082,2.7187972574664965,0.5105936193752673,0.1294968963836,0.013694299692873599,-0.45937650666661906,40708.117647058825,0.640610401744005,0.5813155030096375,0.6961486556628257,0.6393581868054894,0.8836499321573948
32001,3579267252.8464837,0.5259078035099556,1.9704533347983515,0.4783787394000341,0.0012724198391619974,0,-4.222527602898438,24814.529411764706,0.9006540018685768,0.5028083077054154,0.2732274473165161,0.5588965856301694,0.7177747625508819
18169,25517111.228754774,1.2793089870570018,2.188852969920231,0.584012175216663,0.10369713230270333,0,1.0936802508048877,31741.941176470587,0.3612581750233572,0.8225426429521185,0.4777327935222672,0.5538445371659143,0.5264586160108549
06061,696980239.3615253,-0.03144791095449051,3.1150315032930282,0.4807528254938611,0.13868194574184578,0.038873508229671436,1.554367494328687,382702.4705882353,0.7841793833696667,0.686419424103748,0.8499948095089795,0.773531205660798,0.9063772048846676
55073,436708110.6209088,-2.9249120415706304,1.2191395783376853,0.8320243824472591,0.03703945671548883,3.19225570622162e-4,0.45373630098163303,135799.9411764706,0.7455621301775148,0.35636571650764215,0.583099761237413,0.5616758693075233,0.5539348710990502
31067,49578174.365607366,-0.13422960446244225,1.8882999512290395,0.6441781684051615,0.20523266188364578,0,-0.14079313080024677,21777,0.4596698847710993,0.6884733963630563,0.37163915706425826,0.506594146066138,0.5546132971506106
26045,152196084.89359736,-2.8938016330376826,2.4142479615185954,0.8362801620663802,0.08733511831644884,0.0012845087514368166,1.1717891085869718,108761.35294117648,0.6250389286826534,0.4265216321380889,0.6428942177930032,0.5648182595379151,0.689280868385346
31053,20578731.132754788,-3.234019506833178,2.0748346678170564,0.7600665965390676,0.48289842632880015,0,1.5348124810821027,36854.82352941176,0.3319838056680162,0.49922447790198216,0.4322640921831205,0.4211574585843729,0.44402985074626866
45041,406442062.1248389,0.8493895133398972,1.6948880619743718,0.6741125860850097,0.005325713484669859,0,0.5452488690044641,137578.0588235294,0.7368421052631579,0.5810212691325664,0.407661164746185,0.5751748463806364,0.48100407055630934
30001,91122574.16694462,0.5935085539423444,2.3185115505295104,0.15824906787567422,0.09946256579139341,0,-2.014684133938646,9439.470588235294,0.5524758642167549,0.7566204321805076,0.38212394892556834,0.5637400817742769,0.7835820895522388
28029,306495870.4303525,-0.6920470087306505,1.4760668080906028,0.7522359348511105,0,0,-1.5489273623077158,28619,0.7044534412955465,0.16163500678426052,0.24218831101422197,0.3694255863646763,0.38738127544097695
26031,1105898841.9885864,0.3281592805010387,0.42605956828124486,0.9486592489221839,0.007983387269433245,0,-2.9898532951959416,25786.882352941175,0.8284023668639053,0.541362462600461,0.09062597321706634,0.48679693422714426,0.33649932157394846
19187,104211490.30973184,-4.100667394367791,1.5575125018916565,0.8294686903616625,0.12911163719108618,0,-0.07638806480886859,37122.76470588235,0.573030208657739,0.43257840873968656,0.2994913318799959,0.43503331642580717,0.44572591587516963
42039,137030248.5571768,1.5940433360821338,2.565201655802184,0.6105408196413847,0.044600269817736925,0,0.9184102196705922,85832.05882352941,0.6094674556213018,0.7763926768054425,0.4580089276445552,0.6146230200237665,0.6380597014925373
48297,80758922.32466996,0.6816714269261563,1.7197237364788729,0.7491617321029467,0.01824710546218588,0,-1.5585682737204238,11781,0.5328558081594519,0.633024076193998,0.242914979757085,0.469598288036845,0.47795115332428767
38071,247723826.74916446,-0.6387675818687644,1.1484150674097324,0.749570296165381,0.042432045477151924,0,-2.7104579077615614,11541.823529411764,0.6798505138586111,0.5040749749159106,0.2019101006955258,0.4619451964900158,0.5
35006,559289885.2350442,-2.6267627236939717,1.5612135565236525,0.7860262830384578,0.0125430298345786,0,-2.2357983248652085,27048.764705882353,0.76705076300218,0.2841925370415186,0.20035295338939063,0.4171987511443631,0.5217096336499322
27025,40473834.45556028,1.682191475775019,1.5307135438232387,0.8214197949115838,0.006249406399701026,0.0032712121630541252,1.4750816286231847,55391.41176470588,0.42852693864839614,0.6468757279371045,0.6803695629606561,0.5852574098487189,0.42469470827679784
42009,63096568.228388935,0.16713092187988288,2.4245901307596682,0.8610746406896046,0,0.018577309330915642,0.8337599556813671,48621.17647058824,0.49579570227343506,0.29969470827679784,0.6545209176788124,0.4833371094096817,0.512550881953867
30089,43242062.01857509,-0.7621822071935345,2.4150745618612235,0.440982655390928,0.09612100958777377,0,-0.9021020626912879,12031.235294117647,0.43724696356275305,0.5527820679803751,0.3830582373092495,0.4576957562841259,0.6936906377204884
48071,485470933.27706105,-0.5098969729676561,1.8242803408366761,0.5848012731082319,0.2501238555972685,0,-1.4299728686758242,41952.41176470588,0.7545935845530988,0.6371297547605388,0.31236374961071317,0.5680290296414502,0.7055630936227951
17141,115237151.64670286,-6.429761353234049,1.1471672322467974,0.9479080644957156,0.02049379516916298,0,0.3322169341963726,51969,0.5873559638741825,0.27959299422000944,0.2591093117408907,0.37535275661169426,0.26051560379918587
37155,472856327.43480426,1.823451062528811,1.0266887938304394,0.8665874388439267,0.019873966821757936,0.0031748628401836003,0.2925972692184988,128671.23529411765,0.7521021488632824,0.7231557189458067,0.582476902314959,0.6859115900413494,0.5128900949796472
17181,7964763.193584995,0.971390729183554,2.0114797851204385,0.7768660532186215,0.03162365841207343,0,1.3372024154677762,17274.941176470587,0.2242292120834631,0.7052643278415718,0.4155507110972698,0.4483480836741016,0.3358208955223881
08103,36225926.55860491,0.07304196488633607,1.99160158238267,0.4708848822691031,0.09592542522174745,0,-1.645225271029772,6550.529411764706,0.41202117720336345,0.682194443160405,0.3337485726149694,0.47598806432624596,0.6407734056987788
35047,231594660.94660705,1.758317296741728,2.3574798762971363,0.5340690422820427,0.11022438608478449,0,-1.2997098221012482,28038.823529411766,0.670196200560573,0.8548619174123915,0.3333333333333333,0.6194638171020993,0.744572591587517
39051,27289839.966741,-0.37650747521388084,2.5281802748285664,0.7315094699939136,0.0014481103353736983,0,1.462841104510362,42348.117647058825,0.37028962939894117,0.3662229479311404,0.4411917367382954,0.39256810468945896,0.4050203527815468
05131,1099934888.9987025,0.88662646579591,2.952833823965061,0.2465976450902381,0.008290401207743102,0.0019160181785773554,-0.5668161561857532,127385.58823529411,0.8274680784802242,0.6061104570062785,0.7174296688466729,0.7170027347777252,0.9175712347354138
37057,261583747.47434038,-0.5092585796375193,2.639974088353868,0.7432711351202079,0.1834101890201887,0,1.2750313185768902,166534.0588235294,0.6873248209280598,0.6224389076660785,0.426346932419807,0.5787035536713151,0.648236092265943
18095,303661498.0514264,-0.5164005912037268,1.5000130434109993,0.7938709603105019,0.009107466447261625,0.0016803995444876652,0.7597440289815216,130751.05882352941,0.7038305823730925,0.41167103542226924,0.6393646838990968,0.5849554338981529,0.5576662143826323
12119,735730600.1557423,-0.2762058679531876,2.5355805696229026,0.49296609236413713,0.397603406387031,8.726480616924219e-4,-0.2607284823887807,119552.35294117648,0.7894736842105263,0.6899455854268465,0.6711304889442541,0.716849919527209,0.8938263229308006
46041,366488886.53774214,1.1362319028556627,3.16247284191839,0.15985049305599236,0.0942381698869802,0.005287941498173008,-4.228842856596834,5482.35294117647,0.7225163500467144,0.8073796847426196,0.6247274992214263,0.7182078446702534,0.9877883310719131
39131,8710729351.023363,0.7522181608129834,1.4261904218661141,0.8024709028342031,9.589015154593173e-4,0,-4.933660508332956,27916.29411764706,0.9389598255995018,0.5239150848055224,0.15280805564206376,0.5385609886823626,0.5308683853459973
41055,235937345.865255,-0.4776907212842971,2.281403947675832,0.4408011613083037,0.004804716626030257,0,-5.482157538533018,1790.4705882352941,0.6720647773279352,0.3867251690173653,0.27893698743901174,0.4459089779281041,0.7170963364993216
21097,15079287.398785932,-3.3895389728497314,1.6381217158288823,0.9544991760793659,0,0,0.8307824518339791,18847.647058823528,0.2971037060105886,0.023405698778833108,0.28734558289214157,0.20261832922718778,0.11261872455902307
40053,876061.6732044729,-3.7783442124141295,1.0723639777996232,0.9368641654035474,0,0,1.4654423918693513,4373.529411764706,0.07194020554344441,0.017639077340569877,0.33800477525173883,0.14252801937858436,0.027137042062415198
56011,34302058.520947054,0.4157290058030938,2.37198737043544,0.3164094887216371,0.1522838134998289,0,-1.4256982155845361,7304.823529411765,0.4017440049828714,0.7616517521701023,0.38471919443579367,0.5160383171962558,0.7310040705563093
16031,70216326.78901769,0.08740123810234302,2.50554441713419,0.4040412047911897,0.12737455360337177,0,-0.34627940134259294,23927.647058823528,0.5119900342572408,0.702098792791372,0.4303955154157584,0.5481614474881237,0.7265943012211669
42121,43297160.77034795,0.5693454833590774,2.407661729661831,0.7231982870584388,0.01453080111051167,0.0033596525261804003,1.3214087650914632,52323.41176470588,0.4378698224852071,0.6044281008874375,0.7171182393854458,0.5864720542526968,0.6309362279511533
32005,271682081.16692376,-0.722573100071223,2.365745565745734,0.6773975773239569,0.011644180642686458,0.07899803226406091,-0.6415219596691408,48131.64705882353,0.6895048271566491,0.3965450122316093,0.650368524862452,0.5788061214169035,0.7879918588873813
20105,8743983.192918554,0.9419832781176662,2.031211779809602,0.7248683720718659,0.00233917910326101,0,-1.3641538440865026,3083.6470588235293,0.23544067268763624,0.5620874267757587,0.2639883733001142,0.353838824254503,0.39009497964721845
22119,64672461.3604193,-0.040716040151393074,1.6254818057825353,0.5644930648376818,0.6906118694961593,0,0.4730188344729162,38939.64705882353,0.49984428526938646,0.7453419956149295,0.44129554655870445,0.5621606091476735,0.5549525101763908
38007,109162114.78295112,1.1293246942610864,1.1453532068116603,0.7301225750136975,0.007169347888847886,0,-5.720672028280774,919.1176470588235,0.5792587978822796,0.622168126392994,0.18343195266272191,0.46161962564599857,0.4379240162822252
37027,53398996.899923414,0.22336852490595582,1.9412881258728596,0.7908132748663657,0.023483195073566644,0,1.7859203855808357,81687.88235294117,0.4743070694487699,0.5960581271090348,0.4310183743382124,0.5004611902986723,0.376865671641791
28137,27210097.15833482,0.49136107196112633,1.6167128007618394,0.6189910920709703,0.03118383165190317,0,0.8623314832170355,28423.823529411766,0.36935534101526,0.6530515803202969,0.44970414201183434,0.49070368778246376,0.4023066485753053
53069,26049269.93310433,-0.07415946214359437,1.8181691165436635,0.7444712231216176,0.4115288467068915,0,-1.9606248793203138,4277.058823529412,0.36468389909685456,0.726893746788013,0.22775874597736945,0.43977879728741237,0.5278154681139756
17027,114390388.20947725,-0.47076617064780635,2.415629247823493,0.4338906446046278,0.04330125111549821,0,-0.15537506260716968,37472.882352941175,0.5857988165680473,0.5326967820761378,0.4360012457178449,0.5181656147873434,0.69640434192673
17125,28124808.113195203,-2.9495259385386685,1.1788557299496822,0.8634423124621619,0.014278282990689017,0,-0.27292099102863737,13722,0.37433821239489257,0.2823635738233591,0.26865981521851967,0.3084538671455904,0.25881953867028495
54083,85374810.61618072,-0.269095216262631,2.8801988062328707,0.3037752040639429,0.09408245519792431,0,-0.2654514733934839,28719.823529411766,0.5425101214574899,0.6220023719986332,0.45863178656700926,0.5410480933410441,0.7812075983717774
05007,3738007841.2875624,0.6070180129020102,0.944082025387746,0.9164893516583246,0.009670974958488189,0,-0.7016071468865644,261493.35294117648,0.903145437558393,0.5856378065946457,0.21114917471192776,0.5666441396216556,0.373134328358209
12063,116402966.42331304,-1.7874969093264692,2.3180794571357666,0.44983132925060587,1.3053795696704295e-4,0,0.22193951651496147,48639.529411764706,0.5886016817190907,0.20870494947380058,0.45603654105678393,0.41778105741655835,0.5888738127544098
29121,13843172.34532671,-0.020867571426890663,1.366054458935153,0.723672624379957,0.0382713932629872,0,0.6024168196788986,15317.470588235294,0.28807225163500466,0.5944359320178122,0.3936468389909686,0.42538500754792846,0.3202170963364993
51017,19804999.1833043,0.777437888578211,2.3693277747484065,0.6313033010417084,0.010137797029034779,0,-1.6456823865586618,4394.176470588235,0.32762379321083773,0.6071257168339392,0.28516557666355236,0.4066383622361098,0.5424016282225237
39171,12706042.387948306,-2.2169901932020473,1.915451002346947,0.6420696607386669,0.024397453462599673,0,2.0281365314689035,37127.17647058824,0.2787293677981937,0.34787689354285234,0.49911761652652337,0.3752412926225231,0.37008141112618725
20111,20432346.113961183,-0.6936805561902553,2.6067336056641452,0.4064889898185093,0,0,1.382870092474023,33177.76470588235,0.33136094674556216,0.16129579375848033,0.5429253607391259,0.3451940337477228,0.45454545454545453
30051,25283346.53572604,-0.9708191442466028,1.9912856117133835,0.5934315996042847,0.03269218454326336,0,-2.910546943537736,2238.764705882353,0.35938959825599504,0.4481095841615388,0.25807121353680057,0.3551901319847781,0.574966078697422
02016,1146479931.4310055,1.2304489669705951,2.2892509849139784,0.34702896680314327,0.4512570604519017,0,-5.356229081465964,5530,0.8318280909374027,0.8854445662016026,0.30343610505553825,0.6735695873981812,0.8565128900949797
17081,73299159.75574282,0.29866326920782704,2.133593032670165,0.8860035204839914,0.12826594491697368,0,0.3063742343630814,37888.17647058824,0.5188414824042354,0.7355034582960585,0.2979341845738607,0.5174263750913849,0.46675712347354137
27135,122102944.78723544,-2.6610915719150263,1.2657817821421593,0.8016653645239284,0.38402904404265403,5.271379925070893e-4,-1.5604530250490052,15461.882352941177,0.5938959825599501,0.506282578725973,0.47472230873040583,0.5249669566721097,0.6523066485753053
01133,22555646.588544052,-1.2207048049399383,2.396392311157267,0.507609810599244,0.012870675445046756,0,0.7939265432459682,24000.647058823528,0.34599813142323266,0.3570972791353852,0.4784594622651303,0.3938516242745827,0.5203527815468114
55113,12900999.539074017,1.6792263795578712,2.006964073967242,0.6763515171978849,0.07655003591942822,0,0.8359748908238512,17060,0.2805979445655559,0.8257256258333039,0.4255164538565348,0.5106133414184649,0.43826322930800543
55047,480280046.2290639,-0.723672982567745,0.7147776864024636,0.9166118136709233,0,0.02891925806633876,-2.618313897578108,18997.058823529413,0.7536592961694176,0.15756445047489823,0.43838887158725215,0.449870872743856,0.4426729986431479
36095,2598117.5314872465,-1.1537120170624746,2.0527086778785057,0.7136167077256964,0,0,3.3596617627493055,31354.647058823528,0.12457178449081283,0.11685888738127544,0.504930966469428,0.24878721278050545,0.19538670284938942
55005,11035256.963675892,-0.054730813629751296,2.2634641443011234,0.7196989544788533,0.028480456347453238,0,2.4904016063971057,45907.294117647056,0.26284646527561506,0.5642741838267218,0.4860375791549881,0.4377194094191083,0.3795793758480326
29167,2918656.4432070255,-2.3748051969912467,2.2318783842465804,0.6899562078912671,0,0,3.258814845651156,31677.176470588234,0.13547181563375896,0.049355495251017636,0.5111595556939686,0.23199562219291506,0.2235413839891452
13143,15789935.928261492,-5.757654968178166,0.8954972309121167,0.9467365938978235,0,0,1.4653021863722488,29548.941176470587,0.300840859545313,0.0035617367706919944,0.3309457074639261,0.21178276792664366,0.04748982360922659
21005,4536729.053298062,-0.214047009787647,2.4703421446964047,0.88699398346582,0,0,2.3081452480015288,22621.647058823528,0.1737776393646839,0.23219131614654004,0.4026782933665525,0.2695490829592588,0.19402985074626866
51820,14918225.517003397,-1.26597346063339,2.1919346634900685,0.7764611412899178,0.5976071855008123,0.015960908031367616,1.069295973093539,21908.647058823528,0.2961694176269075,0.5861388085986536,0.709228693034361,0.530512306419974,0.649932157394844
38009,45610370.07382183,-1.4961667183547434,1.5338963882520884,0.9006360122379147,0.012932876967144841,0,-1.8924369510140926,6478,0.44627841793833695,0.3345344012312277,0.15799854666251426,0.3129371219440263,0.3473541383989145
08087,286254276.78616786,-1.9210720057730768,0.7304693581567365,0.9817859136031265,0,0,-1.4783498545270035,28661.647058823528,0.6969791342260978,0.06682496607869742,0.11688985778054604,0.2935646526951138,0.1865671641791045
13131,10339907.627242394,2.525885238253604,2.225435195286467,0.6804748030370726,0.05994697553420994,0,1.6533650807000586,25294.41176470588,0.2553721582061663,0.8353666854287498,0.4708813453752725,0.5205400630033962,0.4253731343283582
37143,33493353.29324508,1.2862549354260633,1.3538016590845228,0.8107318484882972,0.34862161635809796,0,-0.48443286036573296,13392.235294117647,0.3989411398318281,0.8798342954565848,0.2783141285165577,0.5190298546016568,0.3948439620081411
48401,33866403.780550934,-1.906026694568121,1.5789372676106215,0.8559734382304786,0.002508504340209237,0,1.5938595634099135,53257.705882352944,0.40018685767673623,0.24252009219705806,0.3932315997093325,0.34531284986104227,0.23609226594301222
47103,11604868.725551452,-3.6833064094911716,2.1924453391039984,0.6533186641361315,0,0,1.9974973155720788,34267.94117647059,0.26814076611647464,0.019165535956580732,0.49330426658361876,0.26020352288555804,0.2873134328358209
37037,148973971.61798653,0.11493553807380152,3.042921156819173,0.5003060793078156,0.06301494898764941,0.0478614066332585,0.5468466048336034,70959.70588235294,0.621613204609156,0.6633022943217961,0.7860479601370289,0.6903211530226603,0.8738127544097694
40041,186940425.67203665,0.9147471164826673,1.2144000310588403,0.9415700450542824,1.4713827741532988e-4,0.005357528676229741,-0.484013089413915,41721.05882352941,0.6480847088134537,0.5238130036644977,0.495069033530572,0.5556555820028412,0.4257123473541384
02164,200682658.6166595,-1.1061350468310511,1.7961207644748456,0.5039642234540327,0.004319338113355384,0,-5.537797798145523,1550.8235294117646,0.6540018685767673,0.3113128110585712,0.2612893179694799,0.40886799920160616,0.6295793758480326
05121,4479105.870855585,-2.2399717299477846,1.1701537141571206,0.7455466815077103,0,0,1.9832227833874456,18097.647058823528,0.17066334475241357,0.05444369063772049,0.456555590158829,0.2272208751829877,0.09701492537313433
48371,2374714.190815476,-3.457263305427528,2.1956687244635242,0.5675301389357099,0,0,2.377615727903892,15442.29411764706,0.11990034257240735,0.022218453188602442,0.5373196304370393,0.22647947539934973,0.2672998643147897
39033,105899245.65466528,-0.9312005481611827,1.5243202649092267,0.9449733682463214,0,0,0.1087961775516004,42402.117647058825,0.5742759265026471,0.13755088195386703,0.24592546454894634,0.3192507576684868,0.21065128900949798
19067,660093.2936136108,0.8249223466906379,2.167990957620946,0.7134231565235447,0,0,3.6928700097138996,15803.588235294117,0.06072874493927125,0.38008819538670285,0.5082528807225163,0.31635660701616347,0.18792401628222524
29013,5067399.646418954,1.3225553390090123,1.7224943181406718,0.9488082377413922,0,0.6133955976917235,1.7183166994629966,16482.352941176472,0.18436624104640298,0.42079375848032563,0.6746600228381605,0.42660667412162967,0.24118046132971507
20171,2766113.10930829,NA,0.659368677344015,1,NA,0,0.49760305762734214,4932.117647058823,0.13142323263780753,NA,0.20180629087511678,NA,NA
28131,41431177.45942315,-0.1322012573740068,1.9712817554307824,0.5614284158737898,0.01503681461366286,0,-0.22868960794749107,18250.117647058825,0.4303955154157583,0.5019440735836214,0.3943735077338317,0.4422376989110705,0.5122116689280869
21175,470487.20077909686,-0.9428680358440857,1.3342009638527974,0.9282691674582756,0,0,3.8118148112563612,13668.588235294117,0.050140143257552165,0.13653324287652646,0.4048582995951417,0.19717722857640677,0.026458616010854818
48225,12781536.153464511,-0.5747506237949054,1.9650862662872086,0.49265844715026147,0,0,1.286838265905914,22839.235294117647,0.27966365618187483,0.17672998643147897,0.514273850306239,0.32355583097319757,0.33073270013568523
40141,11523903.44204914,-1.3914362344383147,0.622808533194231,0.9912923766702547,0,0,-0.30147902899464263,7468,0.2675179071940206,0.09616689280868386,0.17772241254022633,0.1804690708476436,0.03900949796472185
42109,25912106.80755637,1.3494038158083566,2.6359474114176424,0.8936534955349511,0.0025283672290421495,0,1.427231664460707,39971.58823529412,0.3631267517907194,0.5980049198351475,0.36271151250908334,0.44128106137831674,0.34599728629579374
16053,218018479.37512323,-1.523332028846891,0.8981534212460571,0.8873542039465372,0.11694043976280201,0.042182996900930844,-1.5008786477871192,23588.58823529412,0.6633447524135784,0.5001756112858916,0.5000519049102045,0.5545240895365581,0.6021031207598372
31099,9950366.81513213,-1.6038866641580736,1.51540603553985,0.9997192981461923,0,0.47603140811682093,-0.3464685816955816,6579.117647058823,0.2503892868265338,0.08191994572591588,0.4909166407142116,0.2744086244222204,0.24830393487109906
40103,8955002.512843575,0.7627463512503319,1.1239404915769151,0.6725834133120027,0.00822561902944942,0,0.5757908218478186,11286.529411764706,0.2388663967611336,0.593230785406181,0.4099449807951832,0.4140140543208326,0.2533921302578019
29059,7143640.124247224,-5.165898328538304,1.218495227007199,0.992250863840375,0,0,1.4138855130990582,16912.176470588234,0.21301775147928995,0.0067842605156037995,0.28713796325132357,0.16897999174873912,0.03154681139755767
37061,224649324.93369097,-3.2333620537205707,0.34634043184594787,0.966867823745886,0.3714415791404959,0,-0.22251764207965424,55990.64705882353,0.6667704764870757,0.49104405101473864,0.20627011315270424,0.4546948802181729,0.30257801899592945
20145,10034583.302159857,-1.302504818841788,2.0831443307949957,0.6953806133590545,0,0,-0.3507343948544361,6597.235294117647,0.2516350046714419,0.10329036635006784,0.33727810650887574,0.23073449251012848,0.32157394843962006
19121,2297135.590065893,1.0056825984809432,2.1576245998151844,0.7078244866177746,0.1589087137938266,0,2.4752621084870787,16113.882352941177,0.11803176580504515,0.8263997465759199,0.48967092286930347,0.47803414508342285,0.37381275440976935
20065,2580171.005050111,-0.5864389516959694,1.9565452456699752,0.6487892559463327,0.6823869580007327,0,-0.4518419192268499,2515.529411764706,0.1242603550295858,0.6574936394725226,0.3470362296273228,0.37626340804314373,0.4755766621438263
20043,36201841.97814446,2.0717102701316055,1.9345559510408439,0.695135353425777,0.06441207046502077,0,-1.3944030582116138,7727.823529411765,0.41108688881968236,0.8299968321989977,0.2730198276756981,0.504701182898126,0.5315468113975577
27093,67772126.97641274,1.8657022249751076,0.36260020086384337,0.9642279699974795,0.9820103087312118,0,-0.3538191699890304,23257.882352941175,0.5066957334163812,0.943792265671098,0.19941866500570957,0.5499688880310629,0.2683175033921303
29217,29868731.202591553,1.923252721250714,0.7173867823038741,0.8915638114157562,0.5133994060013058,0,0.27450573765230013,20500.29411764706,0.3805668016194332,0.9274574703454852,0.291394165888093,0.5331394792843371,0.2700135685210312
27063,45397.54971314016,NA,1.0804481744955174,0.9438103663521545,NA,0,5.689539702062212,10082.35294117647,0.008720024914356897,NA,0.4051697290563687,NA,NA
48047,93126265.6469065,-0.025095880228155565,1.4362648105460618,0.7726194331015388,0.02673030146953087,0,-2.4616491930641873,7127.470588235294,0.5568358766739333,0.564524571531122,0.20024914356898163,0.44053653059134573,0.46302578018995927
29225,24673285.77377305,1.769783285085154,2.3667131961965695,0.8917294165030135,0,0,1.4103833215980979,38270.117647058825,0.3562753036437247,0.4458955223880597,0.36323056161112843,0.38846712921430426,0.24050203527815467
40033,1407688.0102759637,-2.7551251558406644,1.9600764647609552,0.6674079816849303,0.8101147524761375,0,1.4377332151948217,5874.470588235294,0.09280597944565556,0.5246005353085185,0.46465275615073187,0.36068642363496867,0.3978968792401628
28159,281388775.30849403,6.88735641214714,0.841764511091337,0.9948319514116609,0,0,-2.136093492822649,18350.470588235294,0.6938648396138275,0.4989823609226594,0.07256306446589848,0.4218034216674618,0.18588873812754408
13281,3953362.256141691,1.0619059669758446,1.390561971000809,0.9342752751653666,0,0,1.434370260332954,11595.941176470587,0.15976331360946747,0.4021370420624152,0.3377971556109208,0.2998991704276011,0.05223880597014925
31027,53344224.98082117,-0.6441298734011038,2.0058230193366056,0.6301029258526,0.004229944781251897,0,-1.6306191382441861,8541.058823529413,0.4739956399875428,0.3555879284575483,0.2866189141492785,0.3720674941981232,0.5206919945725916
19127,146781629.17871955,0.11564203438100762,0.7306492932559177,0.974757684612118,0,0,-0.29416668702204873,40312.05882352941,0.6181874805356586,0.29206241519674353,0.19505865254853108,0.3684361827603111,0.13127544097693353
16087,5407431.375583366,2.274055314264338,2.2454499445740352,0.6178206123280034,0.9013367523321596,0.379804085935403,0.9536317773949616,10380.882352941177,0.19059483027094362,0.9541851681653675,0.7891622547492992,0.6446474177285367,0.7028493894165536
51036,82986804.00382331,2.094259074357815,2.5608205810249762,0.6345917722671979,0.002633149093186126,0.10903841054569557,-2.3827068920624184,6958.411764705882,0.5378386795390844,0.6346216857051961,0.5842416692619121,0.5855673448353975,0.7957937584803256
01011,56193403.03525084,0.027510333756335825,0.013751379713280195,0.9999202917539656,0,0.002919976780734275,-1.384266242176039,10402.35294117647,0.4817813765182186,0.2745929443690638,0.369043911554033,0.3751394108137718,0.20386702849389415
48311,2717006.497939395,-0.7249735428144053,1.068936838216123,0.80582373880577,0,0,-2.438280752333904,700.5882352941177,0.12986608533167238,0.15722523744911804,0.1864424374545832,0.15784458674512455,0.15976933514246947
01019,69385673.12102328,-4.152558270896579,1.7889135819474724,0.8351186968693641,0,0,-0.2222839473463741,25767.058823529413,0.5098100280286515,0.013398914518317503,0.2859960552268244,0.26973499925793115,0.29341926729986434
13163,10650155.335270638,-0.7503923770414787,1.2411765554960923,0.8772017526233467,0,0,0.9257560479832687,15948.70588235294,0.25879788227966366,0.15383310719131615,0.3446486037579155,0.2524265310762985,0.09633649932157395
48481,121617190.69173224,4.795721082998012,1.1576183565144837,0.9268898563859314,0,0,-0.063936697070701,41450.82352941176,0.5932731236374961,0.4933853459972863,0.24893594934080765,0.44519813965853,0.18995929443690637
01013,686698.6632399303,-0.6952211253960581,1.6640927618580803,0.844115633538362,0.18954777574686624,0,3.9975184780158344,19838.58823529412,0.0632201806290875,0.5993359400846016,0.45437558393023975,0.372310568214643,0.21913161465400272
13231,27949210.148194175,-2.6586422240372247,1.3457960297751823,0.9525772732586593,0,0,0.19037145739731678,18559.176470588234,0.3734039240112115,0.03985753052917232,0.24602927436935532,0.21976357630324636,0.11770691994572592
48399,1979015.7446387645,-0.23424990402987866,1.3578309226274,0.912813571518862,0,0,1.9324283231637431,10201.529411764706,0.11336032388663968,0.22812075983717775,0.37516869095816463,0.23888325822732734,0.04816824966078698
27105,243614549.36525175,0.46038299537267235,0.04183831438105832,0.9965324971963769,0,0,-1.7353460781631225,21740.823529411766,0.6776705076300218,0.33887381275440975,0.08502024291497977,0.36718818776647044,0.12890094979647218
20143,2846497.9685905958,-1.0615043068338004,1.4497977810860156,0.8001311492546859,0,0,0.7464802104367158,5924.705882352941,0.13298037994394268,0.12466078697421981,0.3679020035295339,0.20851439014923212,0.1248303934871099
08017,3084761.7823122595,-4.708513715504319,1.5787440793279626,0.9026311379326221,0,0,-1.1229513363821007,1816.8235294117646,0.1407661164746185,0.009158751696065129,0.19370912488321393,0.11454466435129917,0.15162822252374492
17175,2940727.406709497,NA,1.6334931416695342,0.9896540838907258,NA,0,0.6219756165862184,5575.529411764706,0.13765182186234817,NA,0.243018789577494,NA,NA
17193,8546646.747664511,-0.0863438690467273,1.9480719646370714,0.9841253435467908,0,0,0.9579187171889367,14086.941176470587,0.2320149486141389,0.25474898236092264,0.2728122080348801,0.2531920463366472,0.10753052917232021
28031,823186.8889833424,-2.549038028302091,1.8748663599544066,0.8603769956248171,1,0,3.744325027298732,18918.117647058825,0.07007162877608222,0.5377386387428861,0.44264507422402155,0.3501517805809966,0.2666214382632293
20163,35922039.62271865,1.6785115305211757,0.33025816707301014,0.9595158432296159,0,0,-2.031755034172131,5046,0.40984117097477424,0.4394504748982361,0.11221841586214054,0.32050335391171697,0.10312075983717775
31029,4792662.0658302065,0.9592904416526977,1.059115326053289,0.9756665892774321,0.39964600341636497,0,-0.40541792928623904,3905.1176470588234,0.17813765182186234,0.8592050677564991,0.18623481781376516,0.40785917913070885,0.20420624151967434
31059,11389485.65494185,1.2446017741385287,0.9488489603686623,0.8986839509956112,0.052662639339712575,0,-0.7139314160338001,5642.705882352941,0.26596075988788537,0.771578774917542,0.22121872729160177,0.4195860873656763,0.2367706919945726
19053,410048.1749730693,NA,0.9328414078904487,0.9598604752965929,NA,0,3.149444231053903,8057.64705882353,0.046091560261600745,NA,0.3734039240112115,NA,NA
13149,665715.5147773569,-0.24903303064645854,1.7468389648832126,0.9303090666250083,0.34407241282807716,0,3.2341524578767036,11737.176470588236,0.06104017440049829,0.6880171469125497,0.3953077961175127,0.38145503914352025,0.2028493894165536
21135,808188.7301796672,NA,0.9410912763587231,1,NA,0,3.248147790319821,13465.64705882353,0.06851448146994706,NA,0.3139208969168483,NA,NA
29073,7547983.261677589,0.4351939637604971,1.7584841664536843,0.8269163919140863,0,0,1.1628632579107905,14858.29411764706,0.21706633447524135,0.33649932157394846,0.38243537838679537,0.31200034481199507,0.1614654002713704
48357,166604.9875937377,NA,1.2625865717481528,0.9393338234041464,NA,0,4.398308543945448,10142.058823529413,0.023357209592027407,NA,0.4025744835461435,NA,NA
30037,4289069.8671738235,NA,0.7689755931912393,0.9999999999999999,NA,0,-2.6177076431701436,841.3529411764706,0.16568047337278108,NA,0.04308107546973944,NA,NA
47135,183902.87361081527,NA,0.4202710105290134,1,1,0,3.965804389703608,8135.176470588235,0.024602927436935533,NA,0.32357521021488633,NA,NA
21189,634157.8266285694,NA,0.10663215860721637,1,0,0,1.799210534840946,4404.35294117647,0.05886016817190906,NA,0.2766531713900135,NA,NA
31065,619665.6892254882,NA,1.2625936616079563,0.9361738481630355,NA,0,1.937726091942755,4753.294117647059,0.058237309249455,NA,0.358974358974359,NA,NA
48115,1506747.5330982483,NA,1.3088591173080273,0.6910672213921762,NA,0,2.5659796127019545,12948.64705882353,0.09560884459669884,NA,0.4971452299387522,NA,NA
46061,1708977.788700865,NA,0.9831648500081338,1,NA,0,0.42159378492593536,3412.294117647059,0.10308315166614762,NA,0.1963043703934392,NA,NA
48387,20623907.333461203,3.4537400877412647,0.7959332498495745,0.9067202662290362,0,0,-0.13716483229667245,12228.176470588236,0.3329180940516973,0.48236092265943015,0.2562026367694384,0.3571605511601886,0.09192672998643148
46097,1774678.0390091664,NA,0.346273542032685,0.9994814587746265,0,0,-0.21996707757203865,2289.705882352941,0.106820305200872,NA,0.16869095816464239,NA,NA
27051,19720008.7853221,3.9324421730671624,0.1812005437808279,0.9965099535203642,0,0,-1.1663048555863766,6014.470588235294,0.32700093428838367,0.48778833107191316,0.1135679435274577,0.30945240296258486,0.04477611940298507
13017,88663497.2479488,1.5750429203786425,0.10780797933872698,0.9840860870482052,0,0,-1.0729846072260079,17270.764705882353,0.5478044222983495,0.4343622795115332,0.13630229419703102,0.3728229986689713,0.09328358208955224
48341,4371573.817583844,1.0094360733337346,0.8697172027142129,0.993234289927655,0.001974067364979965,0,2.2743961036974287,21587.352941176472,0.1678604796013703,0.5640547263681592,0.3213952039862971,0.35110346998527553,0.029511533242876527
19189,514977.25825832953,-2.388111466190642,1.7015313852189056,0.8317423641549075,0,0,3.339631909120993,10620.882352941177,0.052943008408595456,0.04867706919945726,0.4514689089587875,0.18436299552228008,0.0780189959294437
08063,3626570.4732727017,-1.8360880366594348,0.6825423897145086,0.9886962731868028,0,0,0.8865195600627543,7626.882352941177,0.15415758330738089,0.07106512890094979,0.2617045572511159,0.16230908981981554,0.01594301221166893
20033,4440.894140333476,NA,-0,1,NA,0,5.4068368750786515,1800.5882352941176,0.0015571473061351605,NA,0.3318799958476072,NA,NA
32009,7918579.968558041,-0.16483434411932052,0.7875343875012248,0.9495560813431886,0,0,-3.3178520274358103,794.3529411764706,0.22298349423855496,0.24050203527815467,0.08481262327416174,0.18276605093029044,0.09396200814111262
48033,371945.34984774125,NA,0.5141370520641371,1,NA,0,-0.6142989820451856,628.4117647058823,0.04297726564933042,NA,0.12477940413163086,NA,NA
48411,98564.98283606433,NA,0.8351103021848139,1,NA,0,4.105048836692456,5906.882352941177,0.014014325755216444,NA,0.32461330841897645,NA,NA
19173,289918.6771800178,4.342404803024267,0.9485287184127493,0.972832771096408,0.12429364373779345,0,3.0817432024357574,6127.823529411765,0.03581438804110869,0.9081889468670494,0.3613619848437662,0.43512177325064144,0.06512890094979647
72149,3363562.9215185763,-3.0239904179985153,0.7123902281396326,0.9730274665718076,0.44600973266973387,0,2.682244888644429,23769.2,0.1463718467767051,0.5001063864499692,0.3537838679539084,0.3334207003935276,0.094640434192673
20049,603094.661144952,-2.1804822732115614,1.5507686184897256,0.7030182514302967,0,0,1.0581417983647425,2611.1176470588234,0.05699159140454687,0.056309362279511534,0.43132980379943947,0.18154358582783262,0.14484396200814112
13003,161472.04276637913,NA,0.42655992806612786,1,0,0,4.126131223039078,8299.411764705883,0.02273435066957334,NA,0.32482092805979446,NA,NA
72109,971959.7732135417,NA,1.088746894866393,0.9986487005250765,NA,0,3.486973639454309,17811.6,0.07692307692307693,NA,0.3364476279456037,NA,NA
48235,43600.60765897204,NA,0.8553351649153162,1,NA,0,2.9023412500744636,1556.7058823529412,0.007785736530675802,NA,0.3078999273331257,NA,NA
13309,69627.93879264826,NA,0.8073826058099004,1.0000000000000002,0,0,4.845489207870492,7657.64705882353,0.01058860168171909,NA,0.32959617979860895,NA,NA
72099,7780812.798557156,3.605021878141633,0.833467386013525,0.9437195585057675,0,0,2.5425254452648236,37719.9,0.22204920585487387,0.48456580732700133,0.3731963043703934,0.35993710585075617,0.026119402985074626
48413,823599.45,NA,-0,1,0,0,0.921047462460606,2930.235294117647,0.07038305823730925,NA,0.23087304058963978,NA,NA
06013,12442913963.617048,-0.26664120733948593,2.6222479937286534,0.5886381251647215,0.027070356491718704,0.007054087054681764,0.2939249525610297,1117373.6470588236,0.9523512924322641,0.5248184066006277,0.7152496626180836,0.7308064538836585,0.8758480325644504
29101,2931960641.111751,-0.6675277032388536,2.4806100808574594,0.5012405754057093,0.05105892513799498,0.004194814597935709,-2.8518680710010513,53797.94117647059,0.8906882591093117,0.5162034834028074,0.5689816256617876,0.6586244560579689,0.9280868385345997
34031,10506849706.768198,-0.7345467305113331,1.9195861799938598,0.7689729194340957,0.019855834361435117,1.443543932752942e-4,-0.730335944486449,507884.82352941175,0.9445655559015883,0.4300808763614973,0.5264195992940932,0.6336886771857263,0.753731343283582
02275,43358763.04191452,-1.106968143800657,2.289983577933468,0.5241902606496076,0.0033307101011545302,0,-3.385751742686903,2335.705882352941,0.43818125194643415,0.30262617047754486,0.2689712446797467,0.33659288903457524,0.6112618724559024
37151,256583796.6793902,-3.3245968463755577,1.8474558529787046,0.8218883398721005,0.016865159035441547,3.5698816759325094e-4,1.069142440262493,143511.58823529413,0.6851448146994705,0.2862829911292508,0.630748468805149,0.5340587582112901,0.5814111261872456
37125,413001048.87991613,0.6220791310828311,2.479833659290985,0.7852788872990564,0.00941980697682405,0.001869526530822045,-0.011274148633658406,96261.4705882353,0.7393335409529741,0.5860004722244126,0.5939997923803592,0.6397779351859153,0.7306648575305291
19139,804316508.9409481,-0.459309563513159,1.3934801859130026,0.8863593175143608,0.043061264279187474,7.395763672025626e-5,-1.9055297320650912,42772.94117647059,0.7975708502024291,0.5337274503779155,0.40496210941555066,0.5787534699986318,0.635685210312076
26055,458173827.64836365,-0.0043533936297990294,2.383880789200626,0.6274486905028267,0.0023424202815853757,0.010698389869012776,-0.18730846007815286,91775.11764705883,0.7496107131734662,0.44336026190780475,0.6765285996055228,0.6231665248955979,0.7774762550881954
34023,9194185515.123106,-0.30666418326354616,3.2258746990994505,0.37887130560083787,0.011939879279228016,0.015504986345120724,0.15418484310893854,834214.7058823529,0.9411398318280909,0.45655965934582865,0.7775355548634901,0.7250783486791366,0.9372455902306649
47179,1508694457.0701935,-0.29227288770819726,3.1221012778197386,0.24864220931405862,0.03975222003153308,2.098632385399168e-4,-0.8690281259316274,128550.82352941176,0.8536281532232949,0.5502835159237516,0.6754905014014326,0.6931340568494931,0.9494572591587517
01103,389084938.0251399,0.8909559099360429,3.1332074106663046,0.6051377064611133,0.007847440318579837,0.01651396247904222,0.39221031071568113,120812.70588235294,0.7309249454998443,0.6032792631848953,0.7313401847814802,0.6885147978220733,0.8395522388059702
34039,6049603035.213728,0.617672639318755,2.413372657435648,0.6414376401724833,0.0011559761585644252,9.357228018868038e-5,-0.043087191100590116,555346.3529411765,0.9240112114606042,0.5128411504148052,0.6221322537112011,0.6863282051955367,0.7822252374491181
13245,11668570064.460173,-0.4048101536852222,3.1631971219396378,0.10677100480406028,0.03151904621399074,1.3460609607477745e-4,-2.2268859333801534,202503.76470588235,0.9495484272812208,0.5142978177068747,0.6195370082009758,0.694461084396357,0.987449118046133
21067,19632994590.569904,-0.02428405190095262,2.121647368862906,0.6901103491292757,0.00809409709458901,0.0014062318226757946,-2.0861626587517814,313409.82352941175,0.9632513235752103,0.4845338574027295,0.5117824146164227,0.6531891985314542,0.8188602442333786
04019,142266358486.56396,0.26195184923519577,1.7875676782469874,0.873787207827735,0.012272655527711774,0.006378963353978854,-2.280079794785374,1020367.7058823529,0.9959514170040485,0.5547461952398691,0.4479393750648812,0.666212329102933,0.7503392130257802
41029,2218784267.216682,-0.28405286922369655,2.463343703113008,0.41764343146024757,0.07345889419227605,0.004059366230822707,-0.4867608151937334,213521.58823529413,0.8776082217377764,0.6022441762765695,0.6982248520710059,0.7260257500284505,0.9111261872455902
10003,5915323036.130442,-0.19333714300115545,3.219426259965184,0.41171284470778546,0.03825224603649565,0.03162049987214303,-0.016604791105315087,556829.1764705882,0.922765493615696,0.5632309394909222,0.7682964808470881,0.7514309713179022,0.9501356852103121
08001,5958186792.317097,-0.27696933725915684,2.556327182679053,0.531939531195351,0.045816501323378084,0.0055794568565656795,-0.21576173551356503,490509.1176470588,0.9233883525381501,0.5650264799159603,0.6928267414097373,0.7270805246212827,0.8951831750339213
24510,38805445449.09033,0.446478149283017,3.1602796155068837,0.36919216798983057,0.01099970381136784,0.004948941413955845,-1.7753912595415107,603662.8235294118,0.9781999377141077,0.5733219038710619,0.6426865981521853,0.731402813245785,0.9637042062415196
55101,756620040.3242859,-2.22203845829495,2.7044108064423846,0.7768144696340296,0.0033005734458074597,0.0015371261299011057,0.45854887156610596,195876.88235294117,0.7919651199003426,0.23648223629529525,0.6271151250908336,0.5518541604288237,0.7469470827679783
08059,56729851453.19195,-0.4424732442739554,2.4711362174242906,0.6685389387326685,0.02298435957083676,0.007679755308368079,-2.2615730436171924,562667.3529411765,0.9844285269386484,0.4853363443304519,0.5424063116370809,0.6707237276353938,0.8907734056987788
26141,17494946.56429751,0.07583121658742087,1.0968975502141365,0.8212117954852084,0,0,0.12914039905682462,13078.64705882353,0.31236374961071317,0.28324287652645863,0.31620471296584657,0.3039371130343394,0.1455223880597015
33013,852787748.951397,-0.03710596664433652,3.0880810999714896,0.46990383575590156,0.026999931749343637,0.04042926315722876,-0.05945869534513409,150548.76470588235,0.8034880099657428,0.562985083690674,0.7503373819163293,0.7056034918575821,0.9104477611940298
28089,14261820928.514225,-0.1320018707582129,0.9851455453621294,0.9599727014397254,0.0013179713091781074,3.725673589605385e-6,-3.444491600076928,103427.41176470589,0.9554655870445344,0.4049192913189563,0.31111803176580505,0.5571676367097652,0.5284938941655359
27137,949130226.023653,0.04123085617658262,3.2546707295698174,0.2750740045559858,0.04594585996864931,0,0.2640011827762125,200080.4705882353,0.8134537527250078,0.6209888116350294,0.49963666562856845,0.6446930766628686,0.8388738127544098
55075,5169619490.09461,1.3308079629844158,0.16753582551648247,0.993430938236234,1.0514291240931328e-4,0,-3.817703493470059,41338.94117647059,0.9168483338523824,0.5555685092482568,0.038098204090106925,0.5035050157302488,0.2801899592944369
37179,737012908.1281475,0.10673385146239411,2.555142491432193,0.6890104114230565,0.26311215451468994,0.003964218602268863,0.7033678791364394,226307.17647058822,0.7897851136717533,0.7420770985661962,0.6936572199730096,0.7418398107369862,0.8385345997286295
51121,1463423047.5755649,0.13535349669448848,3.023158080386978,0.6452461774119062,0.016084723890566414,0.15233352320215632,-1.2626437012556566,97137.64705882352,0.8505138586110246,0.5558216160951482,0.6278417938336966,0.6780590895132899,0.8995929443690638
12005,17326252575.98569,0.6901960757842929,2.8444119172436535,0.2694984217979854,0.006886401492669403,0.0013593239639812739,-2.8104798756376743,178817.64705882352,0.9595141700404858,0.5789419182100066,0.6084293574172116,0.7156284818892346,0.9548846675712347
49011,20594644098.455612,-0.0783656053469386,2.8850068257900636,0.36466667855937096,0.044657217904990804,0.0043956450701950565,-2.013913867761725,339285.5294117647,0.9648084708813454,0.5979640194001753,0.6323056161112841,0.7316927021309348,0.9779511533242876
40015,496534607.8764183,-2.108584452179171,2.873946623460313,0.46037455204320593,0.2596630762646283,0,-2.0374734436433424,28503.941176470587,0.7567735907816879,0.5121115138463268,0.3212913941658881,0.530058832931301,0.8493894165535957
37163,17667893.894575745,-2.7364097627745156,1.5697067718688642,0.7376950946486178,0.7268464578760231,0,2.4812897900458393,62275.58823529412,0.31329803799439426,0.5211039446600121,0.47742136406104024,0.4372744489051488,0.36668928086838537
40131,1258582914.3861263,1.1465928957133293,2.5599355853036574,0.674805457991,0.08786069228798227,0.0012223805912965151,-1.1954944362692967,91915.11764705883,0.8417938336966677,0.8027062718834321,0.5551749195473891,0.7332250083758297,0.8677069199457259
48299,6266254.538358406,1.3191599733605148,1.8432369695005695,0.6878026958365504,0,0,1.8530166821468694,20730.176470588234,0.20429772656493303,0.42045454545454547,0.4764870756773591,0.3670797825656125,0.21234735413839892
08037,140879052.45751292,-1.0529430431530944,2.6146643662549116,0.5488508611849223,0.007198255095112106,0,0.18473710036312754,53836.35294117647,0.6122703207723451,0.3409527104865543,0.42645074224021595,0.45989125783303847,0.641112618724559
13051,8979625888.406328,-0.23253165104948437,2.7734802373761838,0.5892272725697287,0.0024133681444999085,7.688684790620617e-5,-1.4500095721286979,284570.70588235295,0.9398941139831828,0.4028112761026349,0.5507110972698017,0.6311388291185398,0.8649932157394844
36101,534549071.77197516,-1.7712272671846527,2.867749173592913,0.49748196740917827,0.027962579743269204,0,-0.2689090810907788,96283,0.7630021800062285,0.3775582598938266,0.40911450223191115,0.5165583140439888,0.7693351424694709
48061,2648566903.752675,0.011232954520796312,2.7030358139354624,0.4136751300752974,0.137439010304161,8.001686807340358e-6,0.35272987537572503,417958.82352941175,0.8844596698847711,0.6943987477442447,0.7126544171078585,0.7638376115789581,0.9077340569877883
51085,5785250396.731938,-0.7004517241456263,0.5961398540181231,0.9406076647266673,0.0015459981073439539,1.5218628156399958e-4,-2.511700606393896,105533.94117647059,0.9224540641544691,0.3217651947948362,0.3538876777743174,0.5327023122412076,0.4969470827679783
01053,234301327.08093902,1.7196065269840286,2.5022322592365276,0.8629543886471228,0.5906066363269588,0,-0.8779739455216904,37334.294117647056,0.6711304889442541,0.9219649158108165,0.22952351292432263,0.6075396392264645,0.6519674355495251
30013,2697212332.937781,0.05110592098223066,3.0442576509510872,0.31049155367277215,0.008200191624550955,5.822401163764942e-4,-2.1224106583176248,82438.88235294117,0.8853939582684522,0.4992739889548432,0.6122703207723451,0.6656460893318802,0.9440298507462687
51095,634553093.3105227,0.7014454737592715,2.5757968683823567,0.6280263166614498,0.004129828183330877,0.0010456523583682001,-0.838516158795393,74014.17647058824,0.7773279352226721,0.5569186767927533,0.5939997923803592,0.6427488014652615,0.8056309362279511
55117,1372054374.2486582,-0.7910025210270852,1.154634676821189,0.7104284935082533,0.002973564457214562,0,-0.9294034962460224,116013.76470588235,0.8477109934599814,0.32912648000659844,0.2947160801411814,0.4905178512025871,0.47421981004070557
30087,137139476.87778896,1.0755469997558738,2.99071540499414,0.2623857858926804,0.025615044164704455,0,-2.5116657314720188,8905.176470588236,0.6100903145437558,0.6997530792022761,0.35253815010900036,0.5541271812850108,0.8185210312075983
48157,2174627640.325862,1.0380064653028391,2.2914277481725125,0.741017080565275,0.005807278341043844,0.005777599747215964,1.412702846324282,739113.4705882353,0.8763625038928683,0.6031823937336455,0.7230353991487594,0.7341934322584244,0.7248982360922659
46005,161913479.25002968,-0.7347338885833974,3.0694172122985734,0.3837573004153485,0.1471693154921848,0,-1.5844715341055802,18337.70588235294,0.6318903768296481,0.5810468743910254,0.3613619848437662,0.5247664120214799,0.8361601085481682
36085,1077256414.3230767,-0.4605170821403064,2.4892032957416625,0.43948288972425026,0.07533072737660058,0.008886934174191594,1.4571442000577952,478523.35294117645,0.8249766427904079,0.5789794197168647,0.834942385549673,0.7462994826856485,0.8636363636363636
19103,2128560498.6498826,0.5886709917252873,3.1873131959213894,0.4729455344722941,0.012866476737375026,0.00578582787032446,-1.0288609678643703,145203.82352941178,0.8748053565867331,0.59912837887443815,0.6552475864216755,0.7097271072942822,0.9257123473541384
12077,12136301.163256638,-0.8092478761272961,2.373211902787681,0.39637217005414177,0.006279611991657021,0,-0.22131658608651245,8148.235294117647,0.27218934911242604,0.35565613361503645,0.44108792691788645,0.35631113654844965,0.5485074626865671
37107,439257009.7648436,-3.4479602145195507,1.552750057462306,0.8948162767101936,0.04457211371017332,2.413241815332732e-4,-0.861034866496564,57188.05882352941,0.7464964185611959,0.3635730302758389,0.4611232222568255,0.5237308903646202,0.6136363636363636
41071,544992741.8515613,-0.009238885298103128,2.325599419547514,0.6264914563844592,0.020068891432147008,0.010102074494828162,-0.17536901268019406,103739.05882352941,0.7645593273123638,0.544719244005877,0.6773590781687947,0.6622125498290118,0.805291723202171
45037,236347874.9395992,0.8764061494573383,1.7524752918911437,0.6805052765181585,0.006432539588921251,0,-1.3756765748091657,27026.58823529412,0.6733104951728434,0.592570373673625,0.2790407972594207,0.5149738887019629,0.5281546811397557
47081,801660997.9784974,0.5863523515084843,2.4999028910340133,0.9900061340822697,0,0,-2.724546603713565,24843.29411764706,0.7972594207412022,0.35345997286295794,0.062182082424997405,0.4043004920097191,0.43758480325644505
25011,239352567.21781683,-0.9858618137837354,2.51420612859528,0.7741097848628697,0.10344896193498858,0.026538207845785023,0.07476313411963884,71057.41176470589,0.6751790719402055,0.5370974876029762,0.6495380462991799,0.6206048686141205,0.7968113975576662
35007,51180635.94774134,-3.10615631387747,1.3338107483666308,0.9063863375283538,0.21119309107605186,0,-0.985930930382702,12723.882352941177,0.46745562130177515,0.4713640306392976,0.2005605730302087,0.37979340832376046,0.3775440976933514
35043,766227493.8849592,-1.389845434772358,2.6866810904360556,0.48373199212351625,0.09741810393263242,0.008254573721909735,-0.04256315051980733,141844.76470588235,0.7932108377452507,0.4971433142177616,0.7259420741202117,0.6720987420277412,0.899932157394844
30041,151335386.88554,1.321427391141487,1.4304233454269,0.7864164606355288,8.261779807587024e-4,0,-1.6967988834985748,16282.70588235294,0.6244160697601994,0.5709247531698404,0.22173777639364686,0.4723595331078955,0.40027137042062416
54069,153796722.82073742,-0.6320999658078534,3.071154633245966,0.4338926183998486,0.0022334825323972285,0.17284799377018273,-0.25128102505641525,42769.76470588235,0.6259732170663345,0.3390939499985951,0.7589535970102772,0.574673588025069,0.8568521031207599
06069,607495221.0400387,0.2619643852459639,1.0555877698932055,0.8961918901426749,0.005721003084214444,0.0014397772449848076,-1.0976008713931764,60599.41176470588,0.7745250700716287,0.5151696427681234,0.46340703830582375,0.5843672503818585,0.5166214382632293
28099,141846318.53383124,-3.9527715596046544,2.663862853154466,0.8653656978734685,0.08645875419591985,0,-0.7408640397920264,29338.941176470587,0.6128931796947992,0.408381552793511,0.2366863905325444,0.4193203743402849,0.6132971506105834
47163,5406350306.330516,0.49971771295960465,1.1548532884588427,0.9645360526876807,0.008559487878162875,0,-1.8345169608625962,157858.64705882352,0.9190283400809717,0.5657154426446742,0.11647461849891,0.533739467074852,0.3914518317503392
40129,6650679.563441029,-1.1263225978374152,2.1169036058453736,0.649697141893195,0,0,-0.8619058026718978,3586.4117647058824,0.2067891622547493,0.11923337856173677,0.3212913941658881,0.21577131166079141,0.3439620081411126
40021,236055043.490929,-0.6423827100923205,1.4887614451372646,0.8325311019965561,0.003810886212469082,0,-0.5075686922738769,47921.76470588235,0.6723762067891622,0.35275934048105256,0.26668742863074846,0.43060765863365447,0.3843283582089552
34041,419124710.3116182,-2.4215582578453088,2.0277055651720253,0.7578770591578535,0.00506386140353593,0,0.15118127279659738,108215.94117647059,0.7408906882591093,0.24371039682259138,0.3459981314232326,0.44353307216831106,0.5074626865671642
27013,70266763.51662284,0.05150032000717886,2.0934794402737955,0.5947141533859244,0.0026202056695739657,0,1.2037013308906515,66659.4705882353,0.5126128931796948,0.4553554191150279,0.48001660957126546,0.48266164062199607,0.4643826322930801
41027,569271144.8797574,-0.3436593093843001,2.8654629477459532,0.23907821212449537,0.25967977416179416,0.05432369879111418,-2.4955752996044023,23050.58823529412,0.7704764870756774,0.6635675240122942,0.679850513858611,0.7046315083155275,0.9942333785617368
06023,885877344.7036285,0.9609237666995263,2.5838307761956,0.2989758410103637,0.12279970298264876,0,-0.2641508588314769,134854.5294117647,0.8081594518841483,0.806109278711199,0.4594622651302813,0.6912436652418762,0.8229308005427408
13279,5358487.996024646,-1.6572579773602207,2.543131007341717,0.7347269310860058,0.14176443247554665,0,2.4151274828327223,27101.352941176472,0.18966054188726253,0.5032313609580082,0.4772137444202221,0.3900352157551643,0.4386024423337856
24029,13407938.112604313,-0.17180937989496492,2.7786623674744275,0.6581754806384318,0.14849965732543258,0,1.0144059712799938,19689.647058823528,0.2846465275615073,0.6646576735560673,0.4445136509913838,0.4646059507029861,0.5698778833107191
45067,2385285496.7367725,0.6472300107969104,0.004709968151204501,0.9998032557979779,0,0,-3.474005888469948,31119.764705882353,0.8810339458112737,0.3604138398914518,0.029274369355341015,0.4235740516860222,0.20352781546811397
38091,39058106.390406094,-5.335962326430691,0.35393143251624654,0.988468024024648,0,0,-3.6052524993857324,1885.6470588235295,0.4238554967299907,0.005936227951153324,0.047648707567735905,0.15914681074962664,0.10244233378561737
53023,247868584.40788165,0.00674933599998262,1.8215182030105066,0.50923302542762094,0.01740776363442742,0,-5.17436980602941,2266.9411764705883,0.680161943319838,0.5365779047919448,0.2603550295857988,0.4923649592325272,0.6709633649932157
47097,117690756.34737279,-3.6099403245369164,1.7852254383101789,0.8009115954498076,0.03694657200025075,0,-0.7179401041391262,26330.235294117647,0.5901588290252258,0.3444958664502229,0.26949029378179173,0.4013816630857468,0.4837177747625509
13015,983629246.0510395,0.41867270093290543,1.5346901083918443,0.9332492569567008,5.823685424883672e-4,1.6588804994301304e-4,-0.7425340213317048,105349.23529411765,0.8162566178760511,0.4820978456234042,0.4422298349423855,0.5801947661472803,0.5189959294436907
56039,655222827.4178321,-0.19261297634435692,2.424111683936345,0.2997701339287923,0.1091809997045664,0.0167562048755644,-2.6628538402930233,22648.117647058825,0.7791965119900343,0.6445654764979982,0.6496418561195889,0.6911346148692071,0.9487788331071914
23009,412345792.51823866,0.8073841571845257,2.7340079467519267,0.4643243688028346,0.05185334788204512,3.314032114985742e-4,-0.8543186329155308,55092.35294117647,0.7390221114917471,0.7326005470914692,0.6290875116786049,0.7002367234206072,0.8822930800542741
16037,107931689.47043121,0.07975050021095242,2.0978773191750006,0.3223771264367512,0.45922175420008404,0,-3.3716373035488902,4306.823529411765,0.5777016505761445,0.7565305871806933,0.32232949236997815,0.5521872433756053,0.7832428765264586
28087,3013055664.2372537,0.06524141644625914,2.275036702959249,0.46321293040314887,0.08884227588548782,3.28570099699972e-5,-2.7403827406590446,58963.64705882353,0.8919339769542198,0.6764955736892146,0.5369043911554033,0.7017779805996126,0.9080732700135685
12053,272454712.593329,1.5562478972394338,2.5595106425114538,0.8390154472027993,0.011429125981085921,2.2454492816766886e-4,1.4095120879727785,186971.35294117648,0.6907505450015572,0.6706499838211022,0.6368732482092806,0.6660912590106466,0.6540027137042063
13217,63432568.76213992,-0.04141512435484529,2.7022187029514644,0.6246341103738376,0.02675963795816863,0.08378906552794099,2.0362700136358693,107994.35294117648,0.4973528495795702,0.5614690484542129,0.8330738087823107,0.6306319022720314,0.7506784260515604
29113,83851848.44031227,-0.5044395338857601,1.4276776900341925,0.7041009685370546,1.4170564491817613e-4,0,0.7895536929889017,56982.705882352944,0.5387729679227655,0.32436095619552086,0.4116059379217274,0.4249132873466713,0.33344640434192674
47019,32678659.260374207,0.8974363209371745,0.35527530684047764,0.840685958608028,0,0,1.7286437532196852,56860.882352941175,0.39613827468078483,0.3858548168249661,0.4060002076196408,0.39599776637513057,0.07462686567164178
37121,10165882.463940136,0.7081422810545135,1.7425843652236763,0.8065888707007082,0,0,0.8974271718182714,15179,0.25288072251635,0.3685549525101764,0.37641440880307275,0.33261669460986637,0.19029850746268656
27169,162278388.90030643,0.0644475939726945,2.782941984868748,0.482721863747328,0.0011704620106522613,0.007436746701276516,-0.04748031259196952,50701.35294117647,0.6325132357521022,0.4363434014115975,0.7237620678916225,0.597539568351774,0.8083446404341926
21051,145020208.3748677,-1.2235413599864096,1.5096470177487593,0.8287644417414743,0.27281097201238486,0,-1.2873596930900855,20748.235294117647,0.6166303332295235,0.5660046914271781,0.22028443890792068,0.4676398211882074,0.5111940298507462
48499,4965580.181717663,2.3886067583566124,0.5733686077389283,0.9577811946736768,0,0,3.2323827497968103,44222.705882352944,0.18218623481781376,0.4665875169606513,0.37579154988061875,0.3415217672196946,0.013907734056987787
48437,506809.7200516827,3.0949092528358104,0.8449341557129475,0.9740148238074092,0,0,2.8131525347034043,7421.705882352941,0.05200872002491436,0.4791383989145183,0.35554863490086164,0.2955652512800981,0.008480325644504749
41063,39155181.498686895,-0.2675117524058894,1.8774948685752961,0.3317628514233757,0.016970285748796454,0,-1.597638415333636,7116.117647058823,0.4251012145748988,0.4855654320853376,0.37381916329284753,0.42816193665102803,0.6082089552238806
48391,46497967.8869136,0.35419955093660604,1.8121870932896247,0.757103145981414,0.20250796034608162,0,-1.772996361755373,7099.764705882353,0.44970414201183434,0.7675230605942777,0.2299387522059587,0.4823886516040235,0.5349389416553596
27119,63428661.75448179,-0.27738602982933536,1.961047935322011,0.48326175721975706,3.7708061964726364e-4,0,0.1603362024907908,31267.823529411766,0.4970414201183432,0.3636158567700757,0.44274888404443064,0.43446872031094985,0.494572591587517
05147,7403129.46956572,-0.5973534574893744,2.4561870653515427,0.37105084464011306,0.28361241339414633,0,-0.03683383802301856,6639.941176470588,0.21519775770787916,0.6287408602823014,0.4602927436935534,0.43474378722791135,0.6441655359565808
48031,70245787.92583483,2.612800854391633,2.0170663493735512,0.7314226056730571,0.3443798854901922,0.08521432810063907,-1.4742002503209135,11359.823529411764,0.5123014637184677,0.9324175261422891,0.5808159451884148,0.6751783116830573,0.776797829036635
13199,10693009.137960706,0.5615962128808931,2.2526791353697404,0.5283023153514094,0.3652997510686951,0,1.3610256838256718,21319.41176470588,0.2591093117408907,0.8146584892988147,0.5080452610816983,0.5272710207071346,0.5396879240162822
19181,69139458.4387093,0.76303005338535,2.1887379226446626,0.6848408989470638,0,0,0.7826058616344883,49933.35294117647,0.5088757396449705,0.37262550881953865,0.418042146787086,0.4331811317505317,0.3789009497964722
47139,22138511.038222186,0.22646893766089526,2.658608935475186,0.34237031222910624,0.08388424382180526,0,0.29886502924410846,17092.764705882353,0.34257240734973526,0.6987739613102278,0.48977473268971244,0.5103737004498918,0.680461329715061
21235,255033777.82902765,-0.8616963032655356,1.9993729593258665,0.7859050459646341,0,0,-1.0068664945561276,36262.05882352941,0.6842105263157895,0.14348710990502037,0.2582788331776186,0.3619921564661428,0.42672998643147897
48257,32400497.527956203,-1.2040396830698263,2.4697498946034027,0.5058372580600173,0.06694149111253524,0,2.9940815552510123,130457.4705882353,0.3952039862971037,0.489721867978381,0.5685663863801516,0.48449741355187875,0.5627544097693351
37115,30948644.67621305,2.6934506541111887,1.3096539247737737,0.8450677409375045,0.018936942850467823,0.04988891639686093,0.3004733182378113,21350.235294117647,0.3874182497664279,0.7442260142174897,0.6393646838990968,0.5903363159610048,0.45759837177747625
26153,17705459.02507751,0.3881237587009938,1.6416625434143777,0.5791563910639602,0.0978062072072567,0,-0.5879386942807173,8207.941176470587,0.3145437558393024,0.7323823359065484,0.36374961071317347,0.47022523415300815,0.4918588873812754
48243,12260518.07233379,-1.1948472542398711,2.183124746552822,0.6802594875259355,0,0,-2.2418181389372855,2158.823529411765,0.27343506695733416,0.11414518317503392,0.24333021903872107,0.2103034897236964,0.3921302578018996
55033,22364421.997533467,-1.249916526042476,2.0296384937023046,0.6000362778587764,0.011260542228690225,0,1.739888352049621,44587.882352941175,0.34506384303955157,0.3450159024516695,0.5060728744939271,0.3987175399950494,0.40671641791044777
26073,22204282.021154903,-1.569317546433874,2.7976229432252313,0.53390228558303,0.015255710440003067,0,2.4008506118757396,68677.29411764706,0.3438181251946434,0.3409666460918218,0.5480120419391675,0.41093227107521085,0.5325644504748982
55017,81380961.30575213,-0.5967392523389812,2.7767551019662804,0.645172502801176,0.24913530661000008,0,1.0008371994737215,64237.23529411765,0.5347243849268141,0.6235690512639933,0.44866604380774416,0.5356531599995172,0.6689280868385346
55129,136685206.3434444,0.2810920356493334,1.0985055132669668,0.9918280767751964,4.628396565748083e-4,0,-1.612624093967289,16094,0.6091560261600747,0.45924526574632757,0.09851551956815115,0.3889722704915178,0.2262550881953867
51009,236744887.20311725,0.1172111452410256,0.9473637360446857,0.9722908128456493,0.004788339381418316,0,-1.1247537557572962,31935.470588235294,0.6736219246340703,0.48679561746740885,0.14367279144607079,0.43469677784918326,0.26153324287652646
21161,1908789.0066928985,-0.8457761642897221,1.868410192251647,0.9479437529884499,0,0,2.7582795239684232,17189.764705882353,0.11118031765805045,0.14586160108548168,0.37433821239489257,0.21046004371280821,0.06309362279511534
48135,4076936.3404574306,-1.5322779662919626,2.8252966908728117,0.48837126419032306,0,0,5.320100636639582,154212.76470588235,0.16132046091560262,0.08700814111261873,0.5954531298660853,0.2812605772981022,0.36533242876526456
53013,230048928.87345204,1.2166846101147435,1.6728888628117362,0.5453960178334347,0.0064181807156574585,0,-4.240868437874502,3998.470588235294,0.6689504827156649,0.621578299067606,0.2550607287449393,0.5151965035094034,0.60719131614654
05091,135076659.567049,-0.17422438711749955,2.1156507137005343,0.5644859959225512,0,0,-0.10750557249462198,43166.82352941176,0.6082217377763937,0.23829715061058346,0.4025744835461434,0.41636445731104016,0.4816824966078697
19011,34416819.53992907,-0.010973476028162565,1.50613746807095,0.8326159649804908,4.743721312704695e-5,0,0.4797042724835333,25781.58823529412,0.4026782933665525,0.4017588546609275,0.33582476902314956,0.38008730568354315,0.2510176390773406
27159,33974436.49932976,-0.8620008673448787,0.8188191971917447,0.9775423040463125,0,0,-0.4473553109373522,13854.29411764706,0.4008097165991903,0.14331750339213026,0.18187480535658673,0.2420006751159691,0.07869742198100407
29135,22918667.54758266,5.0720173674809725,1.0811854017730653,0.9665042345906977,0,0,0.13081413738849534,15650.529411764706,0.3484895671130489,0.49491180461329715,0.2310806602304578,0.3581606773189346,0.07700135685210312
47177,45269815.890188836,1.0752450601260524,1.1813269921133465,0.8839583451911033,0.00503159612441448,0.0028512433484489744,0.8989273983959494,40761.705882352944,0.4447212706322018,0.5993830718877828,0.6146579466417523,0.5529207630539124,0.3649932157394844
47021,53178717.997355066,0.48674324682634307,2.311683075733743,0.5003527792334488,0.0046419104402605224,0,0.7192558451823303,40262.41176470588,0.47337278106508873,0.5339696806548421,0.475241357832451,0.49419460651746056,0.5352781546811397
19007,41982857.25709754,-1.434608340750204,2.1310415326620182,0.45960735327450264,0.18605627216567996,0,-0.8128058416306121,12515.64705882353,0.43382123948925566,0.5306609374334377,0.3846153846153846,0.44969918717935925,0.666214382632293
28097,4797747.806441057,NA,1.3309432810106459,0.963280493597704,NA,0,1.0482944907174128,10211.058823529413,0.17876051074431643,NA,0.2966884667289526,NA,NA
28113,8219305.270807405,-0.4031864410250865,1.2355152693365214,0.9373569705429309,0.011195494878969684,0,2.5701615255388126,39832,0.2260977888508253,0.438983122282557,0.3774525070071629,0.34751113938018174,0.10820895522388059
21073,110685203.49929029,1.1186839218320124,3.1950710850749964,0.3476465266998675,0.022951833686688926,0,0.32758732058308165,50448.882352941175,0.5814388041108689,0.6946333870817165,0.4900861621509394,0.5887194511145083,0.7527137042062415
18023,3912060.66841797,-2.961285684760723,0.946412221140541,0.9282046140493969,0,0,3.017216316112805,32770.17647058824,0.15851759576455932,0.030189959294436908,0.39437350773383156,0.19436035426427592,0.026797829036635006
54079,74689790.49792306,-0.28487734948423693,3.2051406150687827,0.3138388127391786,0.014594421774596408,0,0.8921953287214062,56492.882352941175,0.5225786359389598,0.4731422365309542,0.5360739125921312,0.5105982616873485,0.7143826322930801
45033,27210994.478956137,-4.322341538825077,0.6880852545031344,0.9453729025863052,0.0585065099324163,0,0.956472714103466,30248.58823529412,0.36966677047648705,0.3761009128161343,0.30385134433717426,0.34987300920993186,0.17503392130257803
27077,4445372.344020705,-1.4725187930723642,1.357628700257539,0.7663104020918035,0,0,-0.34088006495542766,3877.6470588235293,0.16910619744627842,0.091078697421981,0.30821135679435274,0.18946541722087074,0.1692672998643148
21207,927647501.8121558,-0.6394693590494249,1.2200290623906695,0.8782327982042006,0.006716531273676095,0,-3.3700966174803404,17859,0.8112737464964186,0.37815386539700835,0.12945084605003634,0.43962615264782107,0.44199457259158753
47127,22490575.89472054,2.4668256012450467,1.5355907996557827,0.9176296256287428,0,0.0068194219610677245,-1.1948557851668733,6437.64705882353,0.3456867019620056,0.46828358208955223,0.47129658465690855,0.42842228956948886,0.3558344640434193
47121,2437268.154450323,1.545085613531569,2.0239538583902883,0.5705095625718404,0.36100109864617774,0,2.007279391123427,12300.058823529413,0.1214574898785425,0.8962574629131623,0.5232014948614139,0.5136388158843729,0.42774762550881956
48477,60445169.16225025,-0.5620033314966744,2.0245388555896104,0.844979260527706,0.013313629424671304,0,0.380667827615341,35034.470588235294,0.4911242603550296,0.42641943769946045,0.32305616111284124,0.4135332863891104,0.39111261872455905
13221,914663.6337743411,2.2942041582267816,2.1529287753363744,0.6951686711607767,0.21724056829289193,0.16356382684455809,3.286105465742781,14984.117647058823,0.0738087823108066,0.9099378086793215,0.8394062078272605,0.6077175996057962,0.5644504748982361
21059,88776575.15593705,-0.371832399156359,2.5883902571944257,0.6350476960983207,0.10672484259592808,0,1.5843659207426968,100042.58823529411,0.5481158517595764,0.6140675743164302,0.4845842416692619,0.5489225559150895,0.6156716417910447
29119,31939343.814386133,-4.09385314238912,1.1929273043836826,0.9850946712233707,0,0,0.3886116505937621,23106.529411764706,0.3920896916848334,0.014077340569877883,0.23232637807536594,0.2128311367766924,0.07903663500678426
51171,128539065.3298573,0.0495200665506772,1.9934753827689475,0.6998344655523699,0.27759710543306737,0,-0.05284309066015484,43311.17647058824,0.601993148551853,0.733732503451045,0.3576248313090418,0.5644501611039799,0.594640434192673
13177,22686011.250327814,-3.6614676494538827,1.14454715831664,0.8982862781501261,0.6631287073700928,0,1.1433700222149827,30349.176470588234,0.3463095608844597,0.5014712826829597,0.34589432160282363,0.39789172172341436,0.27137042062415195
51103,854075135.226026,0.24874121836893437,1.7628298074539843,0.9924179391246151,0.05987544589291218,3.605159322382849e-4,-4.022871380241718,10985.941176470587,0.8037994394269697,0.6776378401307364,0.28879892037786775,0.5900787333118579,0.6468792401628223
05037,50014033.70478872,0.1265537451450438,1.466342327563023,0.508014132294061,0.11276083521674138,0,-0.5134970369928339,17122.41176470588,0.4621613204609156,0.7055951568446708,0.3890792068929721,0.5189452280661861,0.5393487109905021
19055,8598950.507683652,-0.6647649138336007,1.260636948555068,0.9340747361699913,0,0,1.2782968421130174,17478.235294117647,0.23357209592027406,0.16400949796472183,0.33042665836188106,0.24266941741562564,0.060379918588873815
40001,167816873.12624237,0.08617697218906173,2.413294011029537,0.9603528958736617,7.167909062065826e-4,0,-1.3752070581719462,21560.941176470587,0.6362503892868265,0.43339211213018525,0.1398318280909374,0.4031581098359831,0.43724559023066484
46055,23784518.90930446,1.2793131874381434,1.459366412207333,0.8155465058066782,0.025410873620475644,0,-3.1081514029510746,1887,0.3537838679539084,0.713159811255256,0.16360427696460086,0.41018265205792176,0.3822930800542741
72133,19767019.632658873,-2.7732442206324333,1.0075951761259998,0.9228729644967593,0,0,0.8219947292260524,22408.3,0.3273123637496107,0.03544776119402985,0.310495172843351,0.22441843259566385,0.0773405698778833
42105,20883823.153707683,-0.9203388666383585,0.6822589293421537,0.9797768018270908,0.01924446896033244,0,0.3381136802237772,16878.470588235294,0.3347866708190595,0.4117790080386916,0.23450638430395512,0.32702402105390205,0.12211668928086838
20085,23807864.317008212,1.7843566363524452,2.171209038798369,0.7509109673791645,0.0020492190323042167,0,-0.1497310051205853,13333.70588235294,0.35409529741513546,0.6149132276312008,0.3291809405169729,0.43272982185443637,0.3951831750339213
72049,54856687.49733803,0.5705401199837379,0.7075582571342817,0.7771268659143711,0,0,-4.0254052379087,1788,0.4774213640610402,0.3515943012211669,0.17024810547077754,0.3330879235843282,0.25474898236092264
18129,45965462.32510021,-0.12084670831485766,2.0264063710247413,0.6065010747022099,0.027366320804220832,0,0.17457184183035995,25514.058823529413,0.44752413578324507,0.549740140615922,0.4082840236686391,0.4685161000226021,0.5162822252374492
27081,207516.7376054487,0.09044698359052461,1.6459313390567334,0.8473702909879028,0,0,3.3112246585939378,5717.470588235294,0.02709436312675179,0.28527815468113976,0.44409841170974773,0.25215697650587976,0.06275440976933515
26155,2561170.194079695,-0.6651011745725715,2.466408800424943,0.6277101651459573,0.8586264316319898,0,4.565907525026657,68915.29411764706,0.12363749610713173,0.6528178473636554,0.5492577597840755,0.44190436775162095,0.46099050203527814
24039,138876471.4214467,-0.4566960187657738,1.8116100169666516,0.7270031780599495,0.010606444689829346,0,-0.9234340109528228,25644,0.611024602927437,0.43036446026381125,0.28786463199418666,0.44308456506181165,0.4962686567164179
19049,415800669.1488476,-2.119988329136884,1.8153713171503933,0.9255466469522031,0.5980393836271858,0,-0.18725621972793136,86078.41176470589,0.7399563998754282,0.5393248051961,0.24125402263054085,0.5068450759006897,0.5135685210312076
48077,23340707.829089146,8.19092757376121,0.13927446175191255,0.9925990350184305,0,0.0014902038735380276,-0.4879591280778063,10524.764705882353,0.35004671441918406,0.5,0.4280078895463511,0.42601820132184504,0.15094979647218454
48253,8234919.766497535,2.18290943002037,1.5546255622862348,0.8574876329134371,0,0,1.533190354898163,20101.352941176472,0.22640921831205232,0.4608208955223881,0.3886639676113361,0.3586313604819255,0.11668928086838534
30025,570902.9648216789,NA,1.226053301636529,0.9744572994480729,NA,0,1.315448967359729,2984.823529411765,0.05543444409841171,NA,0.3018789577494031,NA,NA
12043,552079279.5903279,1.325185535795832,1.2625750026827136,0.660615669266984,0.18013347302268434,0,-3.3387972534829644,12939.764705882353,0.7654936156960448,0.8560001051401763,0.223191113879373,0.614894944905198,0.6272048846675712
20001,47100884.83642977,3.7883933652964767,0.35241723110242096,0.9139622939393628,0.4618245310861509,0,-0.891054483630494,12823.529411764706,0.45281843662410465,0.9592077642394694,0.20107962213225372,0.5377019409986092,0.2940976933514247
31087,24295021.80207815,-1.9531215575844953,0.32526178108793286,0.994500495521644,0,0,-2.547701602546466,2771.294117647059,0.3547181563375895,0.06546811397557666,0.06000207619640818,0.16006278216985811,0.06852103120759837
51685,76863340.62116712,-2.241611612898609,1.835930460950161,0.7795671990400078,0.014494450484970221,0.06920819190177208,-1.04581629447548,16000.235294117647,0.5275615073185923,0.30677648829998305,0.5826845219557769,0.47234083919145076,0.66078697421981
28141,328673588.82172525,-2.1801667755998135,0.11443729658637462,0.9928554614294957,0.004127260158496829,0,-2.218306116869787,19258.70588235294,0.7128620367486764,0.24552633081631375,0.07235544482508045,0.34358127079669026,0.2221845318860244
29043,32659359.497967243,1.8913196309647784,2.074852887189832,0.700733464179326,0.006082240388909422,0.0022919004276449107,2.335083372251705,84851.11764705883,0.39582684521955774,0.6567389641336041,0.7592650264715042,0.6039436119415553,0.5274762550881954
46051,2556463.795105098,0.7720919042701713,1.5460548210871037,0.692576959053188,0.589788350961798,0,1.1822473126812012,7359.882352941177,0.1233260666459047,0.8529376709094354,0.4422298349423855,0.47283119083257524,0.34362279511533245
48285,4108970.6737534185,-1.42201439036819,1.8961592933980487,0.7716132148819812,0,0,2.2153190846492343,19928.352941176472,0.16256617876051074,0.09413161465400272,0.455621301775148,0.2374396983965538,0.17028493894165536
30011,3573148.597650757,-1.2071031178154055,1.7473627876812194,0.5484094577836385,0,0,-1.842538452414019,1244.5294117647059,0.1516661476175646,0.11312754409769335,0.3055123014637185,0.1901019977263255,0.33616010854816825
01111,12969416.947493592,-5.745845708130014,1.4793878311493538,0.9156848225323844,0,0,1.2583044398530234,22629.823529411766,0.28122080348801,0.0039009497964721846,0.34174192878646314,0.20895456069031512,0.10210312075983717
20133,23716237.44990649,-1.2880257844077416,0.26182999333958873,0.9857660440494425,0,0,0.14126782190253398,16119.235294117647,0.35316100903145436,0.1046472184531886,0.21571680680992422,0.2245083447648557,0.039687924016282225
19105,1686781.141235333,1.0357540857265501,1.5213124854764684,0.9274222342269975,0,0,3.1626782320506877,20693.29411764706,0.10277172220492059,0.40010176390773405,0.3972801827052839,0.30005122293931286,0.045793758480325644
13069,13251433.818334393,3.4431000671486007,0.9373002886989205,0.9365618420390568,0.08211001867930379,0,2.207442745873742,42973.64705882353,0.2834008097165992,0.8721352700878917,0.36873248209280596,0.5080895206324323,0.15264586160108548
47085,26153133.814021703,-2.948824545334526,1.9619262016704466,0.8006384502707892,0,0,0.2628476083483181,18633.58823529412,0.36561818748053565,0.030529172320217096,0.3352019101006955,0.24378308996714945,0.27408412483039346
28015,12286291.340272423,-1.5330609658049266,1.6254653987636907,0.5731044746976518,0,0,0.09467204010622259,10121.823529411764,0.2740579258797882,0.08683853459972862,0.4119173673829544,0.2576046092874904,0.29138398914518315
16071,956536.0177571814,0.27152742968350907,2.0570067017955322,0.45217685699166565,0,0,1.3987252599585658,4435.117647058823,0.07598878853939582,0.3144504748982361,0.5303643724696356,0.30693454530242253,0.2829036635006784
46119,1326385.602914639,NA,0.7317889217081576,0.9942489370158968,NA,0,-0.6548658604603289,1417.235294117647,0.09000311429461227,NA,0.14886328246652134,NA,NA
21099,1106082.0084527016,-0.677843124882795,1.7719029474503643,0.7962897587865974,0,0,3.441474977154148,18825.176470588234,0.08097165991902834,0.162483039348711,0.47036229627322745,0.2379389985136556,0.10956580732700136
29209,6908216.006335603,0.17973705312049404,1.9084123968240592,0.6947504138654473,0,0,2.4069900651334932,31882.176470588234,0.21052631578947367,0.30139077340569875,0.4927852174815737,0.33490076889224873,0.2130257801899593
54109,166225321.0963103,2.9526999730545356,1.799936683793369,0.9782294614270637,0.005297731230286991,0,-1.3379170600795134,21960.058823529413,0.6350046714419184,0.6760087338856818,0.12602512197653898,0.4790128424347131,0.3510854816824966
29103,1005431.8905227885,4.765852313781485,0.4863199451307869,0.9983274504115915,0,0,1.1731637098770114,3949,0.07848022422921208,0.492876526458616,0.2648188518633863,0.2787252008504048,0.007123473541383989
40035,7682994.468158306,1.0187316805095463,0.7311265889400587,0.9461555171478565,0.021626139237890727,0,1.1138770962319753,14554.588235294117,0.21955777016505762,0.6809708290393541,0.31298660853316723,0.40450506924585966,0.09362279511533243
47095,58541348.04003865,-0.2164500880402791,1.7400247434646283,0.638256699004229,0,0,-1.9594463294612865,7308.588235294118,0.48769853628153226,0.23151289009497963,0.2693864839613827,0.32953263677929817,0.40705563093622793
16025,5683895.207172889,-1.3140825117040151,2.4257571978738692,0.32533295385248856,0.03523231909819624,0,-2.4687631879514553,1118.1764705882354,0.19495484272812208,0.4227522208596297,0.34246859752932624,0.32005855370569264,0.657055630936228
28145,352894.51262183924,NA,2.2954469647723634,0.7176628557416384,NA,0,5.181234284778845,27934.70588235294,0.04142011834319527,NA,0.5184262431225993,NA,NA
17041,1362034.0737790188,NA,0.9301098745454811,0.957153575155287,NA,0,3.308360653009712,19782.058823529413,0.09156026160074743,NA,0.37838679539084397,NA,NA
46039,117592029.0506824,2.721332395083424,0.057640433192961284,0.9986825088641875,9.907316288162498e-4,0,-3.4469154404501663,4336.64705882353,0.5898473995639988,0.6260051763409225,0.03259628360842936,0.4161496198377835,0.17672998643147897
50013,8631783.34858052,0.3292373078452293,1.7816671499189312,0.6083450233959535,0.2651663338396789,0,-0.07970040045428756,7143.705882352941,0.23419495484272812,0.776836010329116,0.3918820720440153,0.46763767907195314,0.47829036635006783
21143,151944015.46698368,1.0844875287952114,1.3364403033103753,0.842716751928601,0.020817768044594086,0,-2.683276978580376,8507.764705882353,0.6247274992214263,0.6834000429624514,0.16132046091560262,0.4898160010331601,0.43080054274084123
38099,8291122.456077884,-0.3397060358414077,2.3821146346440294,0.7757410096152271,0.011479442773874578,0,0.5843032940856069,10787,0.22734350669573342,0.4496474858355336,0.36925153119485105,0.34874750790870607,0.3778833107191316
37185,812672.48493008,NA,0.30693886529699216,0.9928289438413467,NA,0,3.837253941523207,19945.941176470587,0.06944876985362815,NA,0.34994290459877503,NA,NA
29229,7640636.000868295,3.243614498511972,1.1596558731890008,0.99412416823872,0,0.5783446806470454,1.4887707233499325,18577.470588235294,0.2183120523201495,0.4816824966078697,0.6219246340703831,0.4406397276661342,0.15366350067842605
26107,44348685.15349851,1.563104653060595,0.6056003534032456,0.9149818025181746,0.9875881619719145,0,0.9859074328131272,42590.41176470588,0.4419184054811585,0.9271656157180939,0.32679331464756567,0.5652924452822726,0.25169606512890097
48337,69908679.84291452,1.7494277537677583,0.14281267565085293,0.9947270078627511,0.8717974073622606,0,-0.6131373823776746,20001.70588235294,0.5116786047960137,0.9335088086621004,0.1502128101318385,0.5318000745299842,0.23473541383989144
40137,252133270.2102994,0.09109749405577361,1.1566509086683805,0.9781776602896577,0.14440502636915384,0.01267899907417596,-0.6987981987064069,44113.17647058824,0.6814076611647462,0.7091284559168087,0.4689089587875013,0.6198150252896854,0.5373134328358209
12067,26205767.5236138,NA,0.28696591568365376,0.9948933413644232,NA,0,-0.9222218821521728,8527.588235294117,0.36655247586421674,NA,0.1302813246133084,NA,NA
72087,944620.4766642,NA,1.0149689726167983,0.9450748933661776,NA,0,4.166677983906139,27387.5,0.07536592961694176,NA,0.3962420845011938,NA,NA
13269,563422.7386499068,NA,0.8659613506868018,1,NA,0,2.8609171000817284,8214.764705882353,0.054500155714730616,NA,0.3073808782310807,NA,NA
19073,7531347.499812994,1.0964742598554285,0.9368615931594352,0.9908626777146922,0,0,0.4072391396528542,9005.64705882353,0.21613204609156025,0.4058683853459973,0.22651302813246132,0.28283781985667295,0.03290366350067843
28063,17140406.4553581,-2.657141405218324,1.9080596594549228,0.7781934602229656,0.014540626692225792,0,-0.716374573779265,7380.294117647059,0.30924945499844286,0.2935341510701185,0.2797674660022838,0.2941836906902817,0.3880597014925373
18061,17160951.41059044,1.0400312387589636,1.3619205876139502,0.8510172536490673,0.31580123014625755,0,1.8235273342691953,39557.05882352941,0.3098723139208969,0.8593640242946318,0.40423544067268763,0.5244905929627387,0.27951153324287653
28101,1844149.0729050688,-1.2545923037865965,1.1933114306464367,0.8767095922838649,0,0,3.1238921985579116,21394.117647058825,0.10900031142946123,0.10736092265943012,0.42593169313817086,0.21409764240902074,0.041383989145183174
27125,1465184.9225128246,NA,0.6116849220743081,0.9965183927535061,NA,0,0.8188005886852571,4007.3529411764707,0.09467455621301775,NA,0.24499117616526525,NA,NA
48151,455089.6981303046,NA,1.320018114865633,0.967181641410579,NA,0,1.9195082626348148,3829.9411764705883,0.049517284335098104,NA,0.3347866708190595,NA,NA
31129,278887.95823410555,NA,0.7591684843174111,0.99780020686247906,0,0,2.5790760074320134,4284.882352941177,0.0339458112737465,NA,0.3218104432679331,NA,NA
48111,7090789.579257525,NA,0.30529300907415197,0.9973451853576137,NA,0,0.11276071644569521,7123.941176470588,0.21239489255683588,NA,0.1956815114709852,NA,NA
09150,920986.8660083648,NA,1.5700892726557478,0.8936181032278658,0.060193686069079114,0,6.095276611859635,96311.8,0.07443164123326067,NA,0.436935534101526,NA,NA
72073,106683.43720250233,-1.5002936452940965,0.9879086880330699,1,0,0,5.470687837450913,15343.7,0.016194331983805668,0.08887381275440977,0.3320876154884252,0.14571858674221352,0.0013568521031207597
13173,1866899.8202533186,NA,1.2627724078207625,0.9335305173674073,NA,0,1.997566755758557,10247.588235294117,0.11024602927436936,NA,0.36312675179071935,NA,NA
13319,1641686.5290068276,1.7048276609486237,0.5132715682550001,0.9906265072440161,1,0,1.9513062694233614,9129.764705882353,0.10183743382123948,0.935805124495939,0.31402470673725735,0.4505557550181452,0.07530529172320218
28077,1763979.9570987425,-7.169447135198271,1.415954761853521,0.8871063861541814,0,0,2.3497954946466564,12457.176470588236,0.10588601681719091,0.0015264586160108548,0.4039240112114606,0.17044549554822078,0.0539348710990502
47143,971371.1714974967,-0.3089943455515147,1.5879024809323217,0.8850707411905179,0,0,4.4128978498258755,32825.882352941175,0.0766116474618499,0.21540027137042062,0.43703934392193505,0.2430170875847352,0.054613297150610585
18131,286290.9503662442,-0.05147482920948754,1.9009242691989239,0.9999908118411686,0,0,4.209273876573215,12800.588235294117,0.03519152911865463,0.2601763907734057,0.339354302917056,0.21157407426970543,0.025780189959294438
48107,212290.62162745988,NA,0.5656410724770766,1,NA,0,3.277431036692176,5675.882352941177,0.02834008097165992,NA,0.3147513754801204,NA,NA
29129,353.1411761666709,NA,-0,1,NA,0,9.000843212527727,3632.6470588235293,0,NA,0.33395619225578743,NA,NA
20119,316304.54989703203,NA,0.6581284183395611,1,NA,0,2.431373718502207,4223.588235294118,0.03830582373092495,NA,0.29866085331672376,NA,NA
28045,11587471296.311554,-0.54480054839816106,2.6063651843111595,0.4595094032843539,0.008540018484808006,0.0021707133983837773,-4.471914751738453,45733.76470588235,0.9492369978199938,0.4040830417053012,0.5470777535554864,0.6334659310269272,0.9270691994572592
06059,73370555186.8004,-0.5352662215479604,3.0330762502064297,0.4733059321904062,0.02862148023290794,0.018202104122514676,0.07223537883522292,3116946.2352941176,0.9887885393958269,0.48743722179773386,0.74815737568774,0.7414610456271001,0.9413161465400272
54003,6252436070.4039345,-0.47975831348261977,2.261813406656532,0.2455198051883195,0.2747205231405429,1.5696985277287356e-5,-2.4518659781691503,115570,0.9258797882279663,0.6472383935668714,0.5954531298660853,0.7228571038869744,0.9521709633649932
33009,1932762151.2660477,-0.19405806644848056,3.2450776312484084,0.6207239405638996,0.005353431512587623,0.2598197890379855,-1.6513856225782206,90294.29411764706,0.8676424789785113,0.4339698166119666,0.62119796532752,0.6409367536393327,0.9094301221166893
47149,14437048769.944324,-1.5697696276150666,0.7351524575162814,0.8888906547419521,0.012653198693984433,5.161650499867872e-6,-1.7949580860594085,310071.23529411765,0.9560884459669885,0.32760398680672065,0.40350877192982465,0.5624004015678447,0.5756445047489823
12001,3671434528.444755,-0.8255653946368717,3.1744393136243136,0.2534480887911448,0.0427956849191172,0.018790061570647505,-0.6641076447841848,264889.29411764705,0.9022111491747119,0.48472419737711514,0.7512716703000103,0.7127356722839457,0.9810040705563093
18167,731963732.7453511,-1.8192302572818555,2.9658827408033357,0.46091084029307033,0.15859790135782018,7.907219132978248e-5,-0.42007282342309116,107241.41176470589,0.7888508252880723,0.5014388795682727,0.6483961382746808,0.6462286143770085,0.9182496607869742
53059,177337602.01935032,0.29186788943156117,2.293675505579992,0.34743662386787916,0.027568603849127783,0.022533763970906846,-2.3563050726871047,11694.529411764706,0.6418561195889131,0.618759567982641,0.6535866292951313,0.6380674389555617,0.8795793758480326
46093,3322254713.8545427,1.418125093541832,2.2444457976694587,0.391597518867365,0.0292432500363625,5.076461725002986e-4,-3.9795681180266116,27735.764705882353,0.8966054188726253,0.7328369991906019,0.553513962420845,0.727652126828024,0.9084124830393487
42115,32083833.545676373,0.7971068717747407,2.2957070862790983,0.7007582472634417,0.001961573710737086,0.1347803003363564,1.2513298842846103,40980.82352941176,0.39364683899096853,0.5432009428173398,0.7704764870756774,0.5691080896279952,0.6031207598371777
13175,1245945585.648474,-0.34763705532423117,2.9991440655520996,0.3984169109387613,0.012694741838272166,7.390107437368754e-5,-2.157178761261733,48366.294117647056,0.8402366863905325,0.45514026696540977,0.5756254541679643,0.6236674691746354,0.923337856173677
34003,6034369582.242341,-1.2274628906562945,2.986678599821414,0.4137005095526844,0.046613641311199425,0.02135050113460769,0.7423839112002824,931592,0.9236997819993772,0.45661404219565316,0.8128308938025537,0.731048239332528,0.9355495251017639
42019,3265886236.8083925,0.005594044252909214,2.947877519229769,0.3493399845354814,0.04562632780395667,0.0033791743289944822,-1.0587286218070797,188905.11764705883,0.8956711304889442,0.6150656129083132,0.6759057406830687,0.7288808280267753,0.9531886024423338
40125,198563101.2884122,0.4343717327920871,2.983391655407271,0.7755483436451706,0.06581031574217305,0.09404525232562609,0.2747214383535619,71676.41176470589,0.6524447212706322,0.7107426068781615,0.6743485933769335,0.6791786405085758,0.8181818181818182
27021,177079536.51448053,0.4711567922521471,2.974328273329143,0.28958810064157764,0.036651732149439814,0,-0.9559275656192018,29470.882352941175,0.6415446901276861,0.664047565959599,0.4162773798401329,0.5739565453091393,0.8059701492537313
22017,2280156922.455757,-1.0119591066172333,2.8110625618978142,0.4952138288317053,0.032145881912046176,0.02378296539813456,-0.30702817224615997,244818.35294117648,0.8797882279663656,0.44270823419793004,0.7211668223813973,0.6812210948485643,0.9155359565807327
36061,78168945826.72238,1.3930793506513837,2.1409896335597756,0.6118352078968416,0.004980360785363242,0.003046017192682729,-0.9806746113235978,1620996.6470588236,0.9897228277795079,0.6207560983568222,0.6062493511886226,0.7389094257749842,0.8280189959294437
06075,61566274407.010574,-0.7684284633820617,1.4904391841986782,0.7867901820190316,0.10649647440717891,0.004382129362995127,-1.7390818117536868,838788.8823529412,0.9859856742447836,0.5591202758298144,0.5031661995224749,0.6827573831990242,0.7869742198100407
34015,1247464497.8904934,0.8156177458317302,2.7832081199259044,0.5962326984763262,0.012268905916216329,0.003487504007047779,0.577779632023255,294896.1176470588,0.8408595453129866,0.6205561280861134,0.7180525277691269,0.726489400389409,0.837516960651289
17031,78564868911.82787,0.10255400435343276,3.336975749717744,0.41621557276972626,0.023941148506124995,0.003537423385778706,0.7786514867371842,5200651.823529412,0.990034257240735,0.5787400218800333,0.7821031869614865,0.7836258220274183,0.933853459972863
42013,768711333.7953017,-0.45679052944338494,3.2832149617050455,0.21331156490447695,0.005639336098767399,0,-0.24921770777091679,124006.35294117648,0.7935222672064778,0.3964607188143814,0.47513754801204194,0.5550401780109671,0.812415196743555
19101,3678433.2290013423,-0.8581389217599966,2.210743021717504,0.8154045269325021,1,0,2.08695217274275,17016.764705882353,0.15571473061351604,0.6384849073996025,0.43091456451780336,0.4083714008436406,0.37618724559023065
24017,6779990718.08173,-0.228644941423358,2.080875121421443,0.33571746920247036,0.10617031031878846,0.003940045503136074,-2.0559651396784804,158376.11764705883,0.9296169417626907,0.6359546320139148,0.6352122910827364,0.7335946216197806,0.9341926729986432
51600,6305660426.641384,-0.13573103771640405,2.511073027179527,0.31709504188146,0.0063951610552693385,0.0466286743318024,-4.862417565570208,23636.70588235294,0.9265026471504204,0.4531616376126292,0.6323056161112841,0.670656633624778,0.9477611940298507
55109,103153943.37218128,0.20746941950181785,2.9993878279215465,0.5545490173516269,0.0338223512710067,0.024150364867915265,1.2616912442291317,89261.82352941176,0.5708502024291497,0.6209047448130092,0.8086785009861933,0.6668111494094507,0.8171641791044776
13127,3929922533.478572,0.6529735562069483,2.8385402482089654,0.36609228821245887,0.01056926243681615,5.991233569042622e-4,-2.4886091189776716,82996.4705882353,0.9053254437869822,0.5953942031507611,0.5877712031558185,0.696163616697854,0.9365671641791045
40027,2279446538.4412885,0.4264944833215729,3.105491972984014,0.27139397392464076,0.10109909925260915,0.0036241309037746924,-0.11623668549848981,277652,0.8794767985051386,0.7384516885421679,0.7562545416796428,0.791394342908983,0.9647218453188603
18019,681765762.6454053,-0.8265599635269822,3.313224688238031,0.2510883891513541,0.10772722891242457,0,-0.22299972646970037,116553.5294117647,0.7826222360635317,0.5551958734293553,0.47098515519568146,0.6029344215628561,0.8609226594301221
45049,87704594.56406777,-0.35604771529892254,1.7402566232177774,0.7190455473292511,3.775313703124586e-4,0,-0.8628082795851761,19701.529411764706,0.5468701339146683,0.35190779569088426,0.2966884667289526,0.3984887987781684,0.4280868385345997
17179,252857103.07347888,-0.43991555018665807,2.9389753011032007,0.5582616407059378,0.07967867802537085,0.001191538247838366,0.9716245344353063,133262.11764705883,0.6820305200872002,0.586042958825838,0.7402678293366552,0.6694471027498978,0.8453188602442334
21125,1353489989.960866,0.3758219127341391,2.0437288701596357,0.7569179971711163,0.009957790392945892,0,-1.8977377447691988,60637.882352941175,0.8461538461538461,0.5593253444926941,0.2249558808263262,0.5434783571576222,0.6194029850746269
06057,392918784.6537919,0.1300118383557276,2.468286648288466,0.3673765581336757,0.1164812324044006,0.012364022872161765,0.09405942640716515,99855.94117647059,0.7327935222672065,0.7077765889082552,0.7713069656389494,0.737292358938137,0.89280868385346
50019,91751865.25786221,0.3007088297836624,2.047584435113515,0.7437434869062252,0.07359840165317354,0,-0.41845104026321234,27223.882352941175,0.553721582061663,0.7002741348821568,0.31236374961071317,0.5221198221848443,0.5518995929443691
53007,408764771.5893157,1.0155369126595382,2.431039055145524,0.2532980121508496,0.04480780877678549,2.8494689463721935e-4,-0.35892206773302376,75986.94117647059,0.7374649641856119,0.73991945899941,0.7093325028547701,0.728905642013264,0.878561736770692
49045,4371529335.387813,-1.4346371341887156,2.4228857146049996,0.5625743933314847,0.07023443382787084,2.2982458552851555e-5,-2.9093477708556414,67435.58823529411,0.9106197446278418,0.4730431011276284,0.5051385861102461,0.6296004772885722,0.9050203527815468
40119,817720573.1628448,-0.38566477229409557,3.2197586017340067,0.7499390260199352,0.00440003222123903,0.01629895972154831,-0.9628847863613067,80611.4705882353,0.8000622858922454,0.39576643109828885,0.582684521955777,0.5928377463154371,0.8402306648575305
21151,6979117312.384883,0.1897596347174506,0.7940409247620377,0.9239760172004224,0.014123166782129734,0,-2.9469195128036874,89607.17647058824,0.9305512301463719,0.5532408099781653,0.11107650783764145,0.5316228493207262,0.419606512890095
37035,282308854.9110159,-0.4433906322703436,2.265839828895244,0.5934923696181686,0.03751743224621958,8.628628462592665e-4,1.1204728097345678,158136.5294117647,0.6947991279975085,0.5235768914581764,0.7355963874182497,0.651324135624645,0.7601763907734057
51680,5238029195.667463,-2.829998767544545,0.9123875424256866,0.952730063434524,0.06044314524342495,4.480932509464462e-4,-2.8597087036881974,78527.41176470589,0.91778262223606355,0.40132277218389745,0.3444409841170975,0.5545154595123528,0.6078697421981004
12071,1744604828.2934997,1.5757190285412719,2.882077329180499,0.5557549503521075,0.08389870518293145,3.90009801097598e-4,1.5923529892764183,719512.7647058824,0.8617253192151978,0.8263154531586918,0.7632097996470466,0.8170835240069788,0.8602442333785617
21227,164391291.68145338,0.3544198071787772,2.3669975183413863,0.6787281806462868,0.006005606969059314,0.006564873152528754,1.3290662641680902,126976,0.6340703830582373,0.5298837158713628,0.746496418561196,0.6368168391635987,0.6913161465400272
08043,201612944.10711744,0.7297555977306249,2.802927762494547,0.3343634054198508,0.06587225757552,0.012215306554262626,-0.35378226363482873,47797.529411764706,0.6552475864216755,0.7451701231499634,0.7486764247897851,0.716364711453808,0.908751696065129
36109,527219754.2588892,-0.31644856370037644,2.537422772621909,0.6551842427934896,0.013852659820684487,0.26378797858816383,-0.1530283197088089,103000.4705882353,0.7620678916225475,0.46404341926729986,0.6973943735077338,0.6411685614658604,0.8191994572591588
08015,46603387.74757935,-0.13258452421220213,2.2615534743730636,0.551704988843876,0,0,-0.27654839599744224,19111.235294117647,0.45001557147306137,0.2459294436906377,0.3933354095297415,0.3630934748978136,0.4559023066485753
51093,139996536.6257346,-2.7430595265791133,1.9964880085367258,0.8086432396107096,0.011645057663275253,0,-0.3728069706448475,37092.76470588235,0.611647461849891,0.2751041431574139,0.28755320253295963,0.3914349358467549,0.473202170963365
05051,1152240606.1519597,-0.02985741113920426,2.051868247612407,0.7759748835326036,0.003413453576485904,0,-1.0067982112136686,98220.29411764706,0.8327623793210838,0.4471126785456938,0.2631578947368421,0.5143443175345399,0.5725915875169606
06049,144504449.6847964,0.5440594622663113,2.0851397966853464,0.1886696149406381,0.07572251355576885,0,-2.5430380400288715,9029.235294117647,0.6160074743070695,0.7324654963477384,0.3619848437662203,0.5701526048070094,0.7757801899592944
41009,166262015.03974462,-2.412727518598146,1.6214752551730347,0.801927974003511,0,0,-0.05819259560806129,51156.94117647059,0.6356275303643725,0.04748982360922659,0.3136094674556213,0.33224227380974014,0.32327001356852103
01047,1569705360.0157342,-0.10795221899822494,1.2263799183294142,0.8606704351877535,0.0033321386615241086,0,-2.672326373446744,40087.294117647056,0.8564310183743382,0.4320307281229125,0.15270424582165473,0.4803886641063018,0.44776119402985076
18103,731073956.8582714,-0.021962128150228466,2.388280931687465,0.3932882115520005,0.20792892673020125,0,-2.065366665349716,36133.35294117647,0.7885393958268452,0.7094967864267658,0.339146683276238,0.6123942885099497,0.8270013568521031
26009,355090492.0331114,-0.14426547369860288,1.3518322172215707,0.9254298285980207,0.015567299030224078,0,-1.9893170303815462,23578.529411764706,0.7209592027405792,0.5012343773934118,0.1386899200664383,0.45362783340014307,0.3968792401628223
37069,30282151.76737757,-4.633111370785858,2.5434158612332767,0.871027109410795,0.088844700512072,0,2.0419143143125247,66504.29411764706,0.3830582373092494,0.4056313667588456,0.40205543444409847,0.3969150128373979,0.4294436906377205
26059,5039743.994473018,-1.0457824228061199,2.1624576906251476,0.678715713097965,0,0,3.2778064738443926,46018.58823529412,0.18312052320149486,0.12669606512890094,0.5159348074327831,0.27525046525439295,0.23439620081411125
12085,1006402043.3234283,-0.4099460789922986,2.8067302430642975,0.4752623286350582,0.007296371228933183,0.01911485033798696,-0.17577270253607008,155534.58823529413,0.8196823419495485,0.4164223970328717,0.7332087615488425,0.656437833510421,0.8778833107191316
30035,742866551.2952309,0.616388940598597,2.5761467518886456,0.3926765385792046,0.009449773180110569,0,-3.5591437618283144,13610.411764705883,0.7904079725942074,0.5851498338150748,0.3029170559534932,0.5594916207875918,0.7978290366350068
42117,31876793.295352224,0.20720853577286036,2.7794813479998095,0.3168000625413255,0.2737741413219032,0,1.272883868039957,41391.17647058824,0.3911554033011523,0.7586750842254386,0.5589120730821135,0.5695808535362348,0.7089552238805971
46013,818609854.3590614,-0.7071941656556042,2.0943808034587774,0.7379916624819755,0.009981198688895045,0,-2.1079865876232757,37855.58823529412,0.8006851448146994,0.3902224394514946,0.2259939790304163,0.47230052109887016,0.628561736770692
50023,336764370.01880217,0.4556486694542734,2.9318545587788005,0.5191580188791197,0.00587716575273664,0.05236157045826748,-0.5417792824705076,59247.82352941176,0.7159763313609467,0.5419440192007715,0.7070486868057718,0.6549896791224966,0.8629579375848032
54007,34174309.698086426,-0.6967718890132399,2.660300657860398,0.33170336661689676,0.03321855660820436,0,-0.46686748612670037,13729.941176470587,0.40143257552164435,0.4765878432577502,0.4388041108688882,0.4389415098827609,0.6977611940298507
45035,611250695.1864924,-0.23915999804223986,2.7463999941241424,0.6177889712630288,0.03785155335024623,0,0.30073825380889796,153278.11764705883,0.7748364995328558,0.5549306437388571,0.4128516557666355,0.5808729330127829,0.7184531886024423
13261,30703946.43840229,-0.5919811915669282,2.8568099552191133,0.36675199695165234,0.018173385767750246,0,0.8531583720525636,30599.470588235294,0.38586110246029276,0.441551352365518,0.5200872002491436,0.44916655169165143,0.6465400271370421
39129,24841100.109331295,-0.7821537355781398,2.5772435544407335,0.6527702007909835,0,0,2.025416865328708,57714.41176470588,0.35752102148863285,0.15128900949796473,0.494549984428527,0.33445333847170816,0.36635006784260515
29145,122270490.21992113,0.529172507110582,2.4444040085991747,0.5899213766000849,0.012498939064276585,0,0.45885210699191975,58759.882352941175,0.5945188414824042,0.5891502589076842,0.4337174296688467,0.5391288433529783,0.5956580732700135
29009,75318237.05546272,-1.3387346790120294,1.0693122614723765,0.8568897386823454,1.1633909624716696e-4,0,0.1750731710599305,35369.17647058824,0.524447212706322,0.23500698819620244,0.30322848541472025,0.35422756210574824,0.23778833107191316
05113,47927105.625754505,1.2382541699798804,2.847966690870116,0.3974882182412186,0.3534302295309853,0,-0.23362264742065303,20028.235294117647,0.45468701339146683,0.8771075620259061,0.43973839925256925,0.5905109915566474,0.7611940298507462
48043,154103366.78790623,0.0886851434635787,2.2451721282920567,0.3732195350556651,0.004377000504146929,0,-2.564624229868243,9287.764705882353,0.6265960759887885,0.4754840980015209,0.32762379321083773,0.47656798906704906,0.7025101763907734
20013,21243266.46462406,-0.8922507123454455,1.59445920339332,0.6495787492013845,0.00167513459597329,0,-0.5227363670285998,9665.29411764706,0.33758953597010277,0.3037686635142741,0.34184573860687223,0.3277346460304164,0.3646540027137042
72025,426516510.7448205,-2.1449970754010703,1.7737392336667728,0.8142725997795431,0.11505809562640228,0,0.4621428760891345,134442.3,0.7430706944876986,0.4705022890647872,0.34350669573341636,0.5190265597619673,0.5200135685210312
41041,257293750.80051777,0.678242783215957,3.0452850369376088,0.233883396616214,0.01629720927600504,5.69398021035699e-4,-0.5835604982946829,48244.58823529412,0.6854562441606976,0.624332223923197,0.7035191529118654,0.67110254033192,0.8989145183175034
29195,36942814.67078057,3.601056639641568,1.0521354670295462,0.6596005186072008,0.004309042906028491,0,0.24898967230476063,23196.941176470587,0.41513547181563376,0.674442961001152,0.39105159348074325,0.49354334209917633,0.30359565807327
12105,1115520876.6353087,-1.1299797633180617,3.0201232728950496,0.5159307135758443,0.05985514920724836,0.001676391644768239,1.9675743124586167,686092.7647058824,0.8293366552475864,0.4846282343066957,0.806498494757604,0.7068211281039621,0.8663500678426052
51135,718465267.3759189,0.7093071328922598,1.673809158560268,0.7347776145753424,0.06675557272374262,1.22107561614793e-4,-3.3173751752521388,15619.29411764706,0.786670819059483,0.7448126692099712,0.4393231599709333,0.6569355494134625,0.7659430122116689
30067,97891106.6597809,0.9888640008805165,1.6778970446876496,0.6037158442392457,0.026037906469218622,0,-1.2424195518751573,16485.529411764706,0.563375895359701,0.6915911198244522,0.31693138170870966,0.5239661322976209,0.5508819538670285
30099,33391023.7277033,-2.4890118398360563,2.0378752138971308,0.6793749507548713,0.010240613153169556,0,-1.657668548542371,6156.35294117647,0.398006851448147,0.2782508708053828,0.2667912384511575,0.3143496535682291,0.5006784260515604
46079,4976872.247384936,-0.21836871976911887,2.6749650708683266,0.5087372670187565,0.056126138108929316,0,1.2202186341623982,11719.823529411764,0.1824976642790408,0.5910549049251828,0.505242395930655,0.4262649883782929,0.5376526458616011
16051,129319017.35422453,1.5311517218985244,1.5626892250477977,0.7732981919158419,0.21674626635137967,0,-0.6695822222022192,28931.235294117647,0.6029274369355341,0.8768697503555278,0.28495795702273435,0.5882517147712654,0.5159430122116689
31165,9195133.263389133,-3.0231892625587022,1.696769249801808,0.7698245205671572,0,0,-2.7963745959267854,1237.4705882352941,0.24198069137340392,0.028833107191316147,0.19163292847503374,0.15414890901325126,0.28595658073270014
08065,196396985.3842897,2.7963153307506,1.4233710388061898,0.7620040191670828,1.4767551594620015e-4,0,-3.1369552232273503,7469.176470588235,0.6515104328869511,0.6116665714966795,0.18571576871172013,0.48296425769845025,0.4362279511533243
19085,61698004.85540974,-1.4911764974012733,1.4076965022314774,0.7225305838841077,0.05522853512039652,0,-0.9763300613758612,14487.764705882353,0.49361569604484584,0.44826706783082215,0.28859130073704975,0.4101580215375726,0.4525101763907734
17075,437673053.52208865,1.9412976678663263,0.02234651760306307,0.9982919690942885,0,0,-1.933458699797775,28089.529411764706,0.7458735596387418,0.4531886024423338,0.07401640195162462,0.4243595213442333,0.14586160108548168
05089,61733222.001189984,-0.5455340337702204,2.3134948232235932,0.4546985318443174,0.0010066424468730352,0,-0.7556617395945091,16768.117647058825,0.4939271255060729,0.3342741566352968,0.3894944461746081,0.4058985761053259,0.591248303934871
13267,1310815.6778737546,NA,1.8917518010128442,0.8193481660938831,NA,0,3.6979693828073907,24949.882352941175,0.0884459669884771,NA,0.4615384615384615,NA,NA
34037,220905452.35329646,0.04497848583571695,2.4982179807093066,0.6314215583013075,0.003698188698304566,0.012096675537344309,1.2377399505162665,145312.70588235295,0.6642790407972594,0.4631809979071667,0.7690231495899512,0.6321610627647924,0.7367706919945726
20167,9309259.974583257,-0.7385217780529008,2.1260713497416694,0.5044845199857637,0,0,-0.21366297484323862,6873.294117647059,0.24384926814076613,0.1550203527815468,0.4121249870237724,0.27033153598202847,0.3819538670284939
56015,14403979.858059553,-1.798492840877545,1.8498528638068241,0.6618725804107268,0.22143262468225103,0,0.3292349658993157,13127.882352941177,0.29118654624727497,0.5188173724201003,0.39644970414201186,0.40215120760312906,0.4664179104477612
39091,354518256.8459512,0.8850590264894898,2.165918648557325,0.9187219954101801,1.9243199105849866e-4,0,-0.9862373799985243,45696.23529411765,0.7203363438181252,0.5224405164920525,0.19184054811585174,0.47820580280867647,0.44470827679782904
12069,435895851.37955797,-0.046147256947421056,2.5701422425745344,0.5856794800355241,0.029102805554590463,0.04485575342216269,1.8779002298628695,347551.35294117645,0.7452507007162877,0.5673036484547567,0.8354614346517181,0.7160052612742542,0.8080054274084125
56023,40227689.657794535,-0.8706231164372298,2.5166436170222437,0.4723265227681205,0.3989452074260149,0,-0.12679626666739693,19144.529411764706,0.4282155091871691,0.6114125582689576,0.42593169313817086,0.4885199201980992,0.6970827679782904
21063,188914.21762797498,NA,1.0928433856664432,1,NA,0,3.8183215688584347,7512.117647058823,0.025225786359389598,NA,0.3213952039862971,NA,NA
28117,1040062.3436729306,-1.3242269238630922,2.0816869352557013,0.5678496976110451,0,0,3.950207987762297,25296.29411764706,0.08003737153534725,0.1014246947082768,0.56347970518011,0.24831392380791137,0.22557666214382632
35027,122191839.75638945,2.4260633403796117,1.636235082378186,0.730258071777915,0.016480999335585927,0,-1.1715487347768945,20001.58823529412,0.5942074120211772,0.7279565916092701,0.27187791965119906,0.5313473077605488,0.4830393487109905
13219,370469054.1980772,3.0228789100253746,1.2770788305771215,0.9827213642346733,0.007414938492482296,0,-1.3203106024715252,37726.705882352944,0.7240734973528495,0.6938882287415173,0.12384511574794976,0.5139356139474388,0.3168249660786974
27057,11501478.210349983,4.6441649778554,1.6725854280036367,0.8877544166206025,0.5746691132121943,0,1.268299901317737,21041.764705882353,0.26720647773279355,0.9709916214156038,0.3583515000519049,0.5321831997334341,0.3130936227951153
51131,187008452.41894075,0.6084342514199008,2.150549942631458,0.6412290140649255,0.1643106027153985,0.004064012554054631,-2.3566615126782433,12109.235294117647,0.6483961382746808,0.7887158305756696,0.5373196304370393,0.6581438664291299,0.8334464043419267
54093,18115599.64084852,-1.03111653424871,1.9362829170242986,0.6109610716135546,0.041764855305531166,0,-0.8647959288506715,6940.058823529412,0.3179694799127997,0.4627170442196016,0.33769334579051175,0.37279328997430433,0.5084803256445047
41023,225452193.50194728,0.6486865103895951,1.8586411847894004,0.24261233800126047,0.11138886437702274,0,-3.319425928035642,7252.764705882353,0.6670819059483027,0.7712406948677999,0.3377971556109208,0.5920399188090077,0.7730664857530529
56041,9601307.575638449,0.5427066759615826,2.4965606812462586,0.3778301853355622,0,0,1.4246633186685251,20707.823529411766,0.2475864216754905,0.3475237449118046,0.5518530052943008,0.38232105729386534,0.4141791044776119
05001,537852097.4737263,0.9983243324669075,1.536763186973207,0.8416721917761947,0.009026697515880304,0,-2.8199172504134604,17919.41176470588,0.7636250389286826,0.620631470992641,0.15830997612374129,0.5141888286816882,0.49050203527815467
21007,76211339.66549014,-0.02069041558855922,1.491215470344906,0.8536784710780323,0,0,-2.0847120654961837,8009,0.5263157894736842,0.2662822252374491,0.174815737568774,0.32247125075996913,0.29952510176390773
72017,157377882.54304656,-1.9724592938592842,0.15372143997865265,0.9984135553815756,0,0,-1.1211581532983421,24442,0.6281532232949237,0.06445047489823609,0.11232222568254957,0.2683086412919031,0.10345997286295794
41015,104120225.18141717,-0.31718789673539405,2.3232331556157346,0.46044273106088296,0.003915621703710509,0,-0.8184365823483675,22722.882352941175,0.572718779196512,0.40124856225340777,0.3837849060521125,0.45258408250067744,0.6346675712347354
12059,19697739.230053782,0.3828314058847102,1.9771231547407047,0.805597955633682,0.031608508609129546,0.09250727306597015,0.6244266809236717,19620.529411764706,0.32668950482715664,0.6428543427877917,0.6852486245198796,0.5515974907116094,0.5715739484396201
18175,8208843.238350994,0.0960490922626871,1.054671629626647,0.9362838616713917,0.0471599617608106,0.06648673699294194,2.0405462429495076,28047.70588235294,0.22547492992837123,0.633832001406703,0.6868057718260147,0.5153709010536963,0.3100407055630936
39045,121158029.0555105,1.0683260210740233,1.4513725425008623,0.813785238367709,0.05701265221294475,0.008549587627933099,1.9268824573809793,154063.23529411765,0.592650264715042,0.7650373111668838,0.7219973009446693,0.6932282922755317,0.5403663500678426
12035,57939790.781093605,0.841364934177216,1.8165713866629014,0.8296108702329047,0.00114809508385169,0,2.1494564594413554,109620,0.48582995951417,0.5365886680643059,0.42520502439530783,0.4825412173245946,0.28256445047489825
20207,4014104.64626698,-2.778304399729521,1.2154043296355568,0.8018658755885936,0.6216096604918758,0,-0.5325246737887551,3193.705882352941,0.1610090314543756,0.5159060771928298,0.2797674660022838,0.31889419154982973,0.3242876526458616
21121,295190301.7239667,-2.8720950512332166,1.166219283735785,0.8424438822226485,0.7330003636121983,0,-1.3868911938069732,31071.70588235294,0.7016505761445033,0.5177092085573227,0.20948821758538358,0.4762826674290699,0.5033921302578019
05097,20946941.91359131,-0.2571438858272437,2.2508576364056028,0.26980056146792425,0.05163631399638658,0,-0.614217112267601,9014.35294117647,0.3360323886639676,0.5796232899992658,0.4407764974566594,0.452144058706631,0.6594301221166893
28003,35771814.92503195,0.10617793271965859,1.8796632839437808,0.8602584316751294,0.020302948585461538,0,0.9579411676223945,36275.76470588235,0.4092183120523202,0.5647197833024711,0.3551333956192256,0.4430238303246723,0.33175033921302577
05103,1271628016.0590115,1.790617156945494,0.9155982656026738,0.8640706857686218,0,0,-3.2356357231813666,24040.41176470588,0.8427281220803488,0.4470827679782904,0.13837849060521126,0.4760631268879501,0.3419267299864315
08011,47475541.42415219,0.16017558036077162,2.2913998657205275,0.4642413160306267,0.022168032442286666,0,-2.0872920807100632,5848.294117647059,0.45375272500778574,0.58308702434267,0.3177618602719817,0.45153386987414584,0.6621438263229308
37089,216238229.12397116,-0.22232314253954755,2.2712584884038596,0.7275474990441898,0.0011288634767043807,0.007622308376073441,0.8762753156735175,112838.29411764706,0.6620990345686701,0.38479865656233314,0.7037267725526836,0.5835414878945623,0.669606512890095
56045,150927178.87554985,-3.742100201377502,0.3872495500788745,0.9495684903987165,0,0,-2.9658758233273765,7027.470588235294,0.6237932108377453,0.018317503392130258,0.09104121249870238,0.24438397557619262,0.1930122116689281
48259,697651675.3783716,0.13273632957386283,1.989433071138882,0.5908287934614734,0.10071983831260554,0.007541567599497149,-1.8097498349307537,41479,0.7848022422921208,0.698095761853875,0.5887054915394997,0.6905344985618318,0.8507462686567164
29067,11016440.696890222,0.6067912085183753,2.053958426582885,0.3678145760644595,0.7876917446677246,0,0.587778540628158,13045.117647058823,0.262223606353161,0.84348423214588375,0.5026471504204298,0.5361183296398249,0.5926051560379919
40107,5452327.97725239,-1.5660174594856677,0.7880497643949538,0.7606558456427718,0.09049529685250347,0,1.151260692570133,11893.64705882353,0.1915291186546247,0.48075402274472057,0.41129450846050036,0.3611925499532819,0.21879240162822253
17107,4247522.728399012,-2.019784950013534,1.632378202983746,0.7447654291382056,0.059960241653973026,0,2.75556201583672,29107.58823529412,0.16443475552787293,0.42949569423786516,0.4796013702896294,0.3578439400184558,0.2737449118046133
22099,256021308.364368,-0.5322789824735601,1.3927431901997651,0.822309977073948,2.7063957406929225e-4,0,-0.4496160546565292,52536.41176470588,0.6848333852382436,0.323285988530657,0.2754074535451054,0.4278422757713353,0.35956580732700133
21075,62289982.60036947,0.515670148684503,1.6752159725023046,0.6312178228938188,0.07491313787773282,0,-2.216799648087556,6423.882352941177,0.49486141388975396,0.7277347549010278,0.2629502750960241,0.4951821479622686,0.5763229308005428
28111,1655481.189786857,-0.17706377914946891,0.9890027062305831,0.9015111499135795,0,0,2.343743028469415,11897.823529411764,0.10246029274369356,0.23778833107191316,0.39603446486037575,0.24542769622532748,0.030189959294436908
18135,3866918.5978965904,4.778682261061225,0.4135898564642686,0.990482358232106,0,0,2.6302616143286213,25183.41176470588,0.15789473684210525,0.4932157394843962,0.3352019101006955,0.32877079547573235,0.008141112618724558
48505,8880523.415770674,2.7544016818198322,1.84926115834623,0.5904418143586214,0.004896725394334592,0,0.920317550424257,14093.64705882353,0.2376206789162255,0.6689347713971588,0.4648603757915499,0.45713860870164474,0.3531207598371777
13187,56805123.01203654,1.3640531271984102,1.8402612701599015,0.6722197587261889,0.009410049679759983,0.047971423822520495,0.3134448504683137,32165.058823529413,0.48333852382435377,0.6509623725062064,0.7147306135160386,0.6163438366155329,0.6312754409769336
39175,2140680.9911437533,-2.926754890331578,1.7531434246539093,0.8933475469435547,0,0,3.024304226643547,22105.647058823528,0.11585175957645594,0.03154681139755767,0.41472023253399776,0.18737293450267045,0.07666214382632293
13247,80848449.56774129,1.5244032418144968,2.3235836650361708,0.5271731554985665,0.5034460700642881,0,1.5108688001905408,89588.64705882352,0.5334786670819059,0.9055860477173252,0.5165576663552373,0.6518741270514895,0.6431478968792401
26101,30317594.064857103,0.8655893626462703,1.4282143407367267,0.5809079686721601,0.057431545895965525,0,0.5482879779334275,24808.470588235294,0.3833696667704765,0.7461979590116461,0.44202221530156754,0.5238632803612301,0.42367706919945725
30077,25929746.0412486,-0.9519510979025192,2.3915873164207917,0.5499056084108715,0.02798385732264347,0,-1.2143451011767112,6981.764705882353,0.36343818125194643,0.43895321171515356,0.3342676217170144,0.37888633822803813,0.6048168249660787
19117,80848741.2723143,-1.4085631273709467,1.3531124241358425,0.9877502304689543,0.016985955513511487,0,-2.012705197481025,8733.529411764706,0.533790096543133,0.35683148295686806,0.08771929824561403,0.32611362591520504,0.28867028493894165
48447,20342159.18988649,-1.5177580831899817,1.9779042050061115,0.9870760520000685,0,0,-3.2371591638751043,1562.764705882353,0.33073808782310804,0.0878561736770692,0.05564206373922973,0.15807877507980234,0.22795115332428764
31089,15476152.312569577,2.7154774422000223,1.0419373294121632,0.9283928698190722,0,0,-0.11762808730752922,10246.411764705883,0.2992837122391778,0.4726933514246947,0.2437454583203571,0.3385741739947432,0.08955223880597014
17063,43710212.58569646,-2.3786407048553713,1.9402729466297897,0.6957266895447553,0.41079742978633355,0,1.2769375701987191,51128.117647058825,0.4397383992525693,0.5189587678296439,0.44596698847710997,0.468221385186441,0.4972862957937585
27131,174820160.89408007,2.9762287344948213,0.6661569628847558,0.9467982246170165,0.015533222133024374,0.0017680851697039063,0.2747819148971314,65894.88235294117,0.6396761133603239,0.7356331840524106,0.523928163604277,0.6330791536723371,0.37652645861601086
21003,2980104.9210524606,-0.37637142347995933,1.5954093306173582,0.4276318460071296,0.17708694870001196,0,2.5948534487177013,20711.235294117647,0.1388975397072563,0.6407746519724207,0.5823730924945499,0.45401509472474233,0.3941655359565807
35059,13435799.873204913,0.5422008710532289,1.7725167485368722,0.5380352357723652,0.014510016634449374,0,-1.3223279911065422,4210.411764705882,0.2852693864839614,0.6003601504229625,0.33146475656597113,0.40569809782429833,0.47455902306648573
54027,4739890.725402486,0.6320857860753275,2.1635784297680662,0.5325640564622951,0.01000913525747381,0,2.3226513423238053,23510.235294117647,0.17751479289940827,0.5910287331787047,0.5460396553513962,0.43819439380983644,0.378561736770692
38023,34756702.4629689,-0.04932933570709608,1.1291471801740258,0.8851388148157723,0.0017041322553038051,0,-3.2401499069148265,2222,0.4051697290563687,0.4238422571057991,0.12747845946226513,0.3188301485414777,0.27849389416553594
39007,846636556.5962645,1.0220888039035714,1.3322517194209833,0.30233822785565595,0.018207651319980516,0,-0.6894191145061586,98818.29411764706,0.8031765805045157,0.6671201969746821,0.43049932523616735,0.6335987009051217,0.6387381275440976
47107,239136726.13493976,-2.662658284725529,0.9408337563661551,0.9779169064207254,0,0,-0.35912171919137204,53315.117647058825,0.6745562130177515,0.03917910447761194,0.18716910619744628,0.3003014745642699,0.16451831750339213
55053,5065286.47370203,0.6766704440972653,1.5438995093764403,0.7801376912599981,0.02403655355528497,0,2.0590744446527913,20638.470588235294,0.18405481158517595,0.654888134477911,0.4461746081179279,0.4283725180603383,0.23100407055630937
19133,8511528.530801807,NA,1.2182639406516835,0.9572750508872553,NA,0,0.2593993267110692,8855.235294117647,0.23076923076923078,NA,0.24737880203467247,NA,NA
09140,27386411.298205063,6.123284659734887,2.5399531247999563,0.7424321459997185,0.01326843400096789,0,5.05287514261584,454969.4,0.37122391778262226,0.7457911073163968,0.5064881137755631,0.541167712958194,0.4016282225237449
46077,3447788.4791711573,-0.41354892724759473,1.8539610234250155,0.8269071106153629,0,0,0.33107812756228694,5110.470588235294,0.14917471192774837,0.20047489823609227,0.32772760303124676,0.22579240439836248,0.1828358208955224
51081,194095667.5367928,1.2993299277716837,0.14892110368882594,0.9984855302237131,0,0,-2.4549755855358795,11630,0.650887573964497,0.4189280868385346,0.05595349320045676,0.37525638466782946,0.13263229308005428
22111,25845965.45473138,0.3735299580538989,1.8075995258525412,0.7163391848928589,0.017364463581410323,0,0.5272365295508181,22017.647058823528,0.36250389286826534,0.5927202664034537,0.39105159348074325,0.44875858425082077,0.37822252374491183
54087,11203017.667527629,3.5882504505021853,1.1649868136732142,0.8449867602492482,0.7634225317754902,0,0.7069969010761276,14271.70588235294,0.26471504204297724,0.9700289316761066,0.34423336447627945,0.5263257793984545,0.28697421981004073
27015,120473840.00240166,-1.8465004158433018,0.42469816663033766,0.9588285283405713,0,0,-0.7875265416885816,25538.41176470588,0.591715976331361,0.0707259158751696,0.17699574379736324,0.2798125453346313,0.1346675712347354
39053,8972914.081694579,0.5673490170677837,1.7455780639650091,0.6487212088331324,0,0,2.0586372521501564,30104.117647058825,0.23948925568358767,0.35091587516960654,0.4981833281428423,0.36286281966534545,0.21641791044776118
55023,25166559.059218787,1.2985428531419299,2.2236286649639663,0.6596127461913435,0.004708217421777993,0,0.10072795926776527,16320.882352941177,0.358766739333541,0.6121426480278512,0.38077442126025124,0.4505612695405478,0.44640434192673
38087,193353.0924707591,NA,0.9537451928042888,1,NA,0,0.2756066662363398,734.2941176470588,0.025848645281843663,NA,0.18581957853212913,NA,NA
18159,39055586.8393443,NA,0.06938757147846805,0.9952954709191311,NA,0,-0.41959014981173587,15471.941176470587,0.42354406726876365,NA,0.16163189037682965,NA,NA
26063,13936664.72699981,-1.5416723467112483,1.6249405859372237,0.4786289950823009,0,0,1.7042928971901516,31863.529411764706,0.2896293989411398,0.08582089552238806,0.5385653482819475,0.30467188091515846,0.27883310719131615
13253,39939167.11021087,3.0140876329164836,0.2608523260441789,0.9952305021645026,0,0,-1.3042240426590905,8752.35294117647,0.4279040797259421,0.4781207598371777,0.10733935430291706,0.33778806462201233,0.06445047489823609
47029,18099770.16218526,-0.1256952355209613,1.4541432641316652,0.7984385437377894,0.022943647008642064,0,1.6241144568837655,35915.94117647059,0.3176580504515727,0.5348666577841346,0.4213640610401744,0.4246295897586272,0.2601763907734057
28017,13017418.60553181,-2.16922368276596,0.853656330527133,0.9410356348349425,0,0,0.8416886141101629,17226.470588235294,0.28184366241046405,0.05698778833107191,0.2981418042146787,0.2123244183187382,0.05122116689280869
05081,37381090.10158882,-0.2971735759712164,2.246180674127987,0.45791590845750396,0.04654463590025239,0,-0.7064865139770445,12435.058823529413,0.4166926191217689,0.5627955367995149,0.3914668327623793,0.45698499622788774,0.6336499321573948
48443,4090065.196159858,1.852188293914038,1.2434872952966243,0.8660229286920031,0.020125046378231082,0,-2.584765676541349,833.2941176470588,0.16194331983805668,0.7255171809018308,0.15125090833592858,0.34623713635860537,0.25848032564450474
22007,28173704.13080744,2.150009069095498,1.2169706506379112,0.7679782821434749,0.25286002189101164,0,0.4546441013980832,22217,0.3746496418561196,0.9112086679011574,0.36343818125194643,0.5497654970030744,0.3568521031207598
47069,1316003399.3911576,-0.8841399199850493,0.2219913660227398,0.988438411715642,2.710406832232056e-4,0,-3.148542019697322,26048.058823529413,0.8439738399252569,0.2824082130792567,0.0543963458943216,0.3935927996329451,0.26865671641791045
22083,52254177.49847077,2.3708840672357425,1.199587883794584,0.9839038261265463,0,0,-0.29364381404049444,20380.882352941175,0.4699470569915914,0.466078697421981,0.1872729160178553,0.3744328901438092,0.12042062415196743
27095,19985992.94861592,1.007911890053677,1.2995767963680396,0.9444533722747926,0.014534464607586391,0,1.049716410933149,26236.941176470587,0.3282466521332918,0.6502192535228757,0.310806602304578,0.4297575026535818,0.17062415196743555
37083,46143592.696421124,1.737990625623901,1.7161085947701633,0.935375290394911,0.004771907193610309,0,1.2298578834556588,51368.41176470588,0.4484584241669262,0.6374088067587006,0.32627426554552064,0.47071383215704915,0.23507462686567165
21191,101253.81508003843,-0.13987186822564013,1.128970417351253,0.9999999999999999,0,0,5.45441933201017,14664.70588235294,0.014637184677670508,0.24423337856173677,0.3429876466313713,0.2006194032902595,0.0047489823609226595
27065,801056.2756974518,-3.376855318074882,2.0604244983495215,0.7320195529725375,0,0,3.5379809861415823,16212.470588235294,0.067891622547493,0.023575305291723202,0.49870237724488736,0.1967231016947012,0.16757123473541383
19123,972443.8248356238,-0.020016579156015624,2.080662125048693,0.7367557871432021,0,0,3.821677255063154,22227.29411764706,0.07723450638430396,0.2666214382632293,0.4998442852693865,0.2812334099723066,0.16791044776119404
72117,950649.5222841394,NA,1.034963113983662,0.9727209312572411,0.018996972849903784,0,3.199592884480383,14517.1,0.07567735907816879,NA,0.36323056161112843,NA,NA
47175,39634027.526730224,0.3710523905511227,1.025099244983099,0.9978818403901636,0,0,-1.8962673697470418,5889,0.42665836188103395,0.32801899592944367,0.07650783764144088,0.27706173181730614,0.11227951153324288
47169,261138.50774537222,0.5833075056245454,0.9571549934550037,1,0,0,3.890483273028272,9758.176470588236,0.03145437558393024,0.35295115332428767,0.3222256825495692,0.2355437371525957,0.0027137042062415195
40085,9630028.782066364,-1.2567081713081247,1.3743680150971256,0.9970609298645288,0.01723962468340031,0,0.3026258394397905,9886.235294117647,0.24789785113671753,0.37071837025475646,0.21000726668742864,0.2762078293596342,0.13432835820895522
47181,6007922.086227873,1.7090131105728066,0.8908822622262856,0.9473941963847844,0,0,1.5636068540809762,16652.470588235294,0.20056057303020866,0.4414857530529172,0.3359285788435586,0.32599163497556144,0.030529172320217096
08075,34483201.26809907,-0.33866409182613566,1.590086342335458,0.9245196923011094,0.1669257032136123,0,0.23461834113921476,21955.176470588234,0.40330115228900654,0.6442058699035339,0.2694902937817918,0.43899910532477743,0.3409090909090909
42067,3660217.77137472,1.9698100443569597,1.1268317214144725,0.9111693523734807,0,0,2.6267142474677496,24228.882352941175,0.15478044222983495,0.45454545454545453,0.39800685144814696,0.3357775827411455,0.038331071913161464
21155,8260962.120544953,1.4874912378155223,2.0442288762288072,0.571487885056145,0.14638263006238486,0,1.491568804662795,19596.941176470587,0.22672064777327935,0.854799603730301,0.5020242914979757,0.5278481810005187,0.460651289009498
37131,65695509.72648193,-4.219254197776028,0.1314328981314002,0.9986609548215198,0,0,-0.5712954540334642,19735,0.5035814388041109,0.012550881953867029,0.145748987854251,0.22062710287074294,0.06105834464043419
05135,6674790.452467814,1.7690995084808936,0.7464331027236585,0.8015367038548042,4.1619337220269117e-4,0,1.5195144102307925,17339.235294117647,0.20741202117720337,0.5896804916934729,0.41399356379113467,0.4036953588872703,0.10922659430122117
46125,3677789.9551690165,1.7181686387670254,0.8859158803181758,0.8835172214835892,0,0,1.0324507120351702,8477.058823529413,0.155403301152289,0.44216417910447764,0.3489048063946849,0.3154907622171505,0.04918588873812754
31091,148289.6841059786,NA,1.5163998844515238,1,NA,0,0.4857655367921666,708,0.02117720336343818,NA,0.20128724177307175,NA,NA
21041,5986235.150694053,-0.42319250414530174,0.4959715044851893,0.9886320693978882,0,0,0.9148548138565371,10821.470588235294,0.1999377141077546,0.1997964721845319,0.2640921831205232,0.22127545647093658,0.016960651289009497
38011,7545362.310165578,0.8391809779539052,1.2067784942914361,0.7578521083857922,0,0,-1.2140672395242973,3089.0588235294117,0.21644347555278728,0.3812754409769335,0.2564102564102564,0.2847097243133257,0.19776119402985073
48011,1460043.308535999,NA,0.12270463609650328,1,0,0,-0.31876258614939934,1885.5294117647059,0.09436312675179072,NA,0.14595660749506903,NA,NA
31133,4356930.946624236,NA,-0,0.9999999999999999,0,0,-0.8919042815841807,2658.823529411765,0.1669261912176892,NA,0.11886224436831726,NA,NA
08125,11843939.278782215,6.495252957201014,1.0436249189634677,0.9153765105724286,0.1434087569589892,0,0.1163568701135329,10022.117647058823,0.27125506072874495,0.9219872354387654,0.2667912384511575,0.48667784487288923,0.23541383989145184
48369,44593.47793779797,NA,0.7724854088756696,1,NA,0,5.676950095797482,9881.470588235294,0.008097165991902834,NA,0.33250285477006125,NA,NA
28065,56177090.44773706,-9.0253493462765,0.07462545302336332,0.9999192126335511,0,0.005198482162830374,-1.2135343412157291,11642.29411764706,0.4814699470569916,5.088195386702849e-4,0.3899096854562442,0.29062948401730204,0.20963364993215738
31143,629814.5842187598,NA,0.8215959119930978,0.9551141278435428,NA,0,2.0772594203268415,5268.588235294118,0.05854873871068203,NA,0.3506695733416381,NA,NA
17129,1433970.5645267584,-1.304448559453844,0.6702449471232617,0.9723408225662453,0,0,2.5490531153608886,12392.588235294117,0.09342883836810963,0.10312075983717775,0.3508771929824562,0.18247559706258118,0.009497964721845319
13035,1020793.7682494506,NA,1.0693307943758414,0.9905557475894409,NA,0,3.9252042635271427,24576.29411764706,0.07941451261289317,NA,0.35461434651718055,NA,NA
48335,93791.75729652346,NA,0.7223247533540922,1.0000000000000002,NA,0,4.788020440501264,8976.117647058823,0.013702896293989412,NA,0.3292847503373819,NA,NA
48205,73426.00761344857,NA,1.306667737727471,0.9302842958668948,NA,0,4.338481467247473,5673.529411764706,0.012145748987854251,NA,0.4088030727706841,NA,NA
48295,430740.8163325151,NA,0.44506613356299435,0.9999999999999999,NA,0,1.7245316245328783,3246.8823529411766,0.047648707567735905,NA,0.28516557666355236,NA,NA
18161,447123.8386989407,NA,0.07676452131288951,1,NA,0,2.891548654588648,7195.235294117647,0.048582995951417005,NA,0.30769230769230765,NA,NA
26051,113890.12822128233,NA,1.6814373110975107,0.7097094725479439,NA,0,6.178611414758781,25575.29411764706,0.017128620367486764,NA,0.5230976850410048,NA,NA
31057,28919.419077134637,NA,0.44076832575765434,1,1,0,3.5323879715933035,1799.6470588235295,0.006540018685767673,NA,0.3185923388352538,NA,NA
47067,457743.7499452057,NA,1.291320076363843,1,NA,0,2.7631830576475713,6713.470588235294,0.049828713796325134,NA,0.3059275407453545,NA,NA
48333,195361.45656895134,NA,0.4995928979555344,1,NA,0,3.0990996594161064,4775.470588235294,0.026160074743070694,NA,0.3117408906882591,NA,NA
29199,360186.73820677155,NA,0.03673775251143953,1,NA,0,2.500119574575836,4816,0.04235440672687636,NA,0.3001141908024499,NA,NA
25001,3070901528.4732394,0.01616388292362103,3.3039502716603177,0.3094522838176092,0.025151230737626738,0.014852017321806093,-0.7690746994005622,219631,0.893179694799128,0.5676556641097663,0.7310287553202532,0.730621371409716,0.9657394843962008
53063,4730939848.41857,-0.3613237037871677,3.537858320845661,0.26013262716478747,0.04702318563238921,0.0018153212137250814,0.05902582533465203,505026.5882352941,0.9149797570850202,0.5544639709088008,0.7578116889857781,0.7424184723265331,0.9620081411126187
21111,120462118439.50117,0.4905439081785943,0.8567368789796646,0.9122344522114385,0.0015819016487784645,8.153709392217641e-5,-2.552578494847469,763532.8235294118,0.9947056991591404,0.5040843786170259,0.369562960656078,0.6227843461440815,0.5664857530529173
01097,23367547597.1894,0.26610040079076924,1.4395644117683122,0.7932905256273317,0.0043230700821225345,2.0274491551115005e-4,-1.8422385383771107,413116.1176470588,0.9666770476487075,0.504492023395502,0.4589432160282363,0.6433707623574819,0.6835142469470827
51775,718681526.9686481,-0.7519260065317361,2.840038147761804,0.2508012811361548,0.0064334316024855405,0,-2.5885069867628463,25286.647058823528,0.7869822485207101,0.36258133634976875,0.35191529118654624,0.500492958685675,0.8307327001356852
01101,10638814160.968115,0.2767692896144922,3.093547899920311,0.19971709453469128,0.04038675950101209,0.017252191301273923,-1.9586597118178726,227451.11764705883,0.9458112737464964,0.6476194134084542,0.6889857780546039,0.7608054884031848,0.9972862957937585
36027,2190241918.1856046,0.8285126116148902,1.988795950905386,0.7525490493290398,0.0095667156335872,0.017022411240468514,0.02213049468785194,296312.0588235294,0.8766739333540953,0.6088817163952509,0.6481885186338627,0.7112480561277362,0.7435549525101763
41019,1175122416.4690259,0.2939056504688651,2.977501743121461,0.11284929539783461,0.12888127048548903,0.010450451148558393,-0.86664439512079,109159.05882352941,0.834319526627219,0.7353286400933935,0.7424478355652444,0.7706986674286189,0.9837177747625508
13215,6699389528.823759,-2.5600822822734095,2.5927723532664424,0.21854129192973165,0.3531783466536713,0,-1.7087743385923886,197643.23529411765,0.9286826533790097,0.5056719046414856,0.3882487283297,0.6075344287833985,0.8985753052917232
06007,663490823.9090159,0.03506371915374018,2.2449797747366813,0.5330862099509144,0.08629271549088216,0.040835880167056554,0.7549106376784409,218440.5294117647,0.7804422298349424,0.6690693689504745,0.7882279663656182,0.7459131883836784,0.8432835820895522
17161,4602241162.450253,-1.1026730315947013,3.055221077056882,0.28337245923403065,0.035924339678548724,2.6945647506795503e-4,-1.801699534681756,145036.88235294117,0.913111180317658,0.44307894395756686,0.6219246340703831,0.6593715861152027,0.9681139755766621
20051,15131798.874129534,0.7926543051088526,1.6378302712700206,0.7553718222376182,0.01787120192118862,0,1.4675081674937542,28771.235294117647,0.29772656493304267,0.6423889162313773,0.4310183743382124,0.4570446185008774,0.2903663500678426
27123,3574953703.233585,-0.46649097793994443,3.2653595811135574,0.48044379551102184,0.070933148646863,0.00903730497376635,0.41938273971735573,532503.9411764706,0.9000311429461227,0.5747965854821356,0.7590574068306862,0.7446283784196482,0.939280868385346
27141,140769158.33287492,1.9680572868740747,2.03300287544989,0.8197116030122342,0.03041008387536901,0.012814880749550587,1.0299934260386472,94057.17647058824,0.611958891311118,0.763661085173513,0.6820305200872002,0.6858834988572772,0.6333107191316146
36029,8630923670.858648,-0.5303010962393202,3.571415628185146,0.4421986525938749,0.024243514041757216,0.009524795101711867,0.3801251889030134,928900.8235294118,0.9386483961382747,0.4754366263055283,0.7682964808470882,0.7274605010969637,0.9379240162822252
18097,44846961903.43741,0.29478278564947047,3.0659949810460323,0.6380633842300544,0.013109637205769176,0.0023569019281526006,-1.2452866795765403,942808.2941176471,0.980379943942697,0.5634875585635314,0.5744835461434651,0.7061170162165644,0.9060379918588873
09009,5126258644.893525,-0.274778661848611,3.7956598731446536,0.19653592789644145,0.07640424323081389,0.01957491337785821,0.7847046771208193,860142.4166666666,0.9165369043911554,0.6082952879979769,0.8576767362192464,0.7941696428694596,0.9793080054274084
20103,10214131788.797197,-1.0032364702182406,2.809421283137048,0.3258837478052271,0.04837897179764703,4.187020992605428e-5,-3.502495204464805,79837.41176470589,0.9433198380566802,0.47996241238696297,0.5584968338004775,0.6605930280813735,0.9735413839891451
24003,75746108160.30153,0.3953528854225645,2.9733687210335926,0.25572310382184366,0.010360197377644459,0.006551150306773109,-2.5367140166015525,567875.7058823529,0.9890999688570539,0.5653920912834262,0.6440361258175024,0.7328427286526608,0.98202170963365
51059,616257016532.788,0.1854416394609828,2.830986470227848,0.14206027273739064,0.018183171385453122,0.005253067727360019,-3.5958525371542,1126815.294117647,1,0.5694320572397622,0.63168275718883,0.7337049381428641,0.9938941655359566
25027,3810911322.563719,-0.25738972291306794,3.6037454213293834,0.4448553318159197,0.016700086753401008,0.02299536457440294,1.0247168055824645,828627.5294117647,0.9043911554033012,0.486932707568008,0.8265337900965432,0.7392858843559508,0.914179104477612
72021,1151957757.0064738,-0.9463588023505132,3.0582199255097544,0.24427087590571026,0.0378209739463846,6.646141222253953e-6,-0.012054155177129896,189480.9,0.8324509498598568,0.46318133779997805,0.7239696875324405,0.6732006583974252,0.9287652645861602
38017,6408380382.771053,0.5252759928154376,1.7714277892780632,0.7540944386950977,0.034806616170585954,0.0011631369157549384,-1.8692989177319013,172614.58823529413,0.9271255060728745,0.6647963498231197,0.49112426035502965,0.694348705417008,0.7795115332428765
42095,1253184448.6129746,1.8687052239403847,2.0509222968274217,0.7974279703682082,0.0012036934823660317,0.019774579672532867,0.6263711423170988,305439.17647058825,0.8414824042354406,0.6062865214825852,0.6736219246340703,0.7071302834506987,0.6780868385345997
05115,181304728.77692175,0.2514022573302519,2.638925475699766,0.286866123097983,0.03727916686047639,0,0.17519211649813235,63201.294117647056,0.6459047025848645,0.6372262843189772,0.4921623585591197,0.5917644484876537,0.7578018995929444
19153,3326243246.021761,-0.28454274497292076,3.2994330276046666,0.29135840388239903,0.08805791727130646,0.0020492215216585652,0.30222942529791263,469910.82352941175,0.8969168483338524,0.6140960120149843,0.7702688674348593,0.7604272425945653,0.9596336499321574
28001,1066638918.6704377,-2.7396427398954355,0.8546572340119097,0.9474408614442393,0.03435106285303695,0,-2.676003777100604,30980.176470588234,0.8243537838679539,0.3539336701444499,0.09986504723346828,0.426050833748624,0.39721845318860244
24021,32726495028.73873,0.09136618435849897,2.5352745626647457,0.5460887799441133,0.01870026360623567,0.003100182201618816,-2.9046828216405864,255778.64705882352,0.9741513547181564,0.5563280563841386,0.5491539499636665,0.6932111203553205,0.9165535956580733
29077,961871358.9573808,-0.012889273600517726,2.981411130532297,0.5420003463149303,0.016059129509232255,0.0027122551073066304,0.8070827139273523,288977.70588235295,0.8140766116474618,0.5278391473131699,0.7444202221530157,0.6954453270378825,0.8514246947082768
05065,2968387.191461524,-3.6804088654311187,1.9541754920682597,0.5977813933738224,0,0,1.9743556380659308,13709.70588235294,0.13858611024602926,0.019335142469470826,0.514689089587875,0.22420344743445833,0.23744911804613297
23023,32729551333.17059,0.6177060032217199,0.3116413951438478,0.9986956274134317,8.655016721100038e-5,9.111895317889807e-5,-5.875769617815629,35921.882352941175,0.9744627841793834,0.49180167209135595,0.26180836707152494,0.5760242744474214,0.4406377204884668
16069,236093590.36138892,-0.3878311407041828,1.9860097453574006,0.7448381802286697,0.0083509038865107,0,-0.7584003678058556,40607.41176470588,0.6726876362503893,0.42598312862722276,0.29077130696563896,0.46314735728108375,0.5223880597014925
37119,4106657631.722737,0.09267762757941611,3.3523404224510127,0.2950037677828744,0.030609146217712307,0.003260112181543003,1.3021802087308807,1045735.6470588235,0.9062597321706634,0.5957454257225441,0.8413785944150316,0.7811279174360797,0.9311397557666214
34019,2518834182.1719837,0.778332208827603,0.5696234267627593,0.9345129176685696,0.013014167246061869,0.0039821707442852265,-1.395617160099172,127364.05882352941,0.8825910931174089,0.6208249832999332,0.4380774421260251,0.6471645061811224,0.519674355495251
13153,20040758073.359867,0.07547893606457023,2.9330359361117875,0.296497339687439,0.062205427041453404,0.014427403446149118,-3.1842075488269006,153792.4705882353,0.9638741824976643,0.653311145130605,0.6350046714419184,0.7507299996900626,0.998303934871099
47055,77486487.69698483,-0.9513651118824402,2.5984295115039044,0.8672712144674336,0,0,-0.11978976736601589,29659.235294117647,0.5294300840859545,0.1355156037991859,0.2776912695941036,0.314212319159748,0.3877204884667571
18005,765416845.6005111,0.8973139658627112,0.5434969710553285,0.9451821341334978,7.463244805491439e-5,0.006163538427956632,-0.8902527705413249,80960.11764705883,0.7928994082840237,0.5194527453822162,0.4695318177099554,0.5939613237920651,0.4243554952510176
42027,5532874197.427557,-0.128522054384419,1.6407598918708932,0.9292850602916193,0.0034520147909958446,0.026085089289743138,-1.853826609681649,158257.9411764706,0.9199626284646527,0.4299798148989068,0.4561403508771929,0.6020275980802509,0.6655359565807327
08089,17703185.7523677,-1.7808237821203523,2.5349406439884845,0.5682265507881239,0.0378366926607313,0,0.6378592102869254,18447.235294117647,0.31423232637807536,0.40059392869864563,0.4506384303955155,0.38848822849074555,0.5512211668928086
22043,297183137.9846615,-0.3099390802561004,3.428933295041434,0.22584213216595783,0.014361846949162909,0,-1.9013995644708492,22215.764705882353,0.7022734350669574,0.46740167354156525,0.378698224852071,0.5161244444868646,0.842944369063772
47173,11657090.137451299,0.027460717946452107,1.2544007091707636,0.9589900061493511,0,0,1.148766369438107,19617.29411764706,0.26938648396138276,0.2744233378561737,0.3058237309249455,0.28321118424750064,0.05800542740841248
31173,836052059.4375436,1.9303435093972183,2.4959238926212746,0.6169882466315582,0.14483250091107333,0,-4.704739633126967,6903.35294117647,0.8019308626596076,0.8768666913202252,0.2294197031039136,0.6360724190279154,0.8015603799185889
40017,942572664.6912735,-0.27740421704188023,2.840766763426144,0.5164527375149083,0.013629131411650883,0,-0.2670455404660012,140228.17647058822,0.8128308938025537,0.47015967711089296,0.4046506799543237,0.5625470836225901,0.7594979647218453
40127,266555648.909092,-5.101159311071479,1.354166403233445,0.9804993846647643,0.05977099598286003,0,-2.8384854384403524,11131.70588235294,0.6879476798505139,0.3725235409761178,0.07027924841690024,0.37691682308117724,0.3995929443690638
29097,1367873200.5779026,-0.21032599258491658,2.298864725598531,0.4904090509113761,0.04982774768031728,0.0033036042058956125,-0.8780481592750096,119776,0.8464652756150732,0.5835737508485991,0.6497456659399979,0.6932615641345569,0.8765264586160109
12083,588952902.9214706,0.11338897929122638,2.692527901038944,0.5871746340654693,0.01508438987706033,0,1.6251505111732933,358796.0588235294,0.7726564933042666,0.5475578021715072,0.5051385861102461,0.6084509605286733,0.6648575305291723
30027,116384570.95482667,-0.6338997839765934,2.7202697056277296,0.494225176307697,0.227770126878915,5.550364969965765e-4,-1.9660522530828295,11458.176470588236,0.5882902522578636,0.614971236004347,0.5697082944046507,0.5909899275556204,0.8894165535956581
51683,7306138764.693012,-0.9200419309419061,2.4315164263463864,0.6318058441689984,0.04815905644332383,0.046053406288917374,-4.186755623257281,40711.82352941176,0.9330426658361881,0.48793652433768486,0.5463510848126233,0.6557767583288321,0.9236770691994572
72005,713172963.4827669,1.6930526029010302,2.2641299039465705,0.4087388726032969,0.05673864502654717,0,-1.3803943099928089,55891.1,0.7860479601370289,0.8028647752311497,0.36468389909685456,0.6511988781550111,0.7778154681139756
21147,612662164.4043893,0.9648282376936024,1.6408768250817227,0.7826886505364324,0.01546145784360543,0,-2.98082799055215,17559.823529411766,0.7754593584553099,0.6493060748362396,0.18114813661372367,0.5353045233017578,0.5566485753052918
28081,475744062.4816936,-0.036162619610976776,3.297581223083521,0.42235100684829485,0.03404340690834658,0.0430027535313637,-0.3611371608832685,83877.23529411765,0.7527250077857365,0.5800269693616088,0.7430706944876985,0.6919408905450145,0.9308005427408412
32007,242606832.07804096,-0.34220011323607835,2.887391501805019,0.2849110395230872,0.032188640807928014,8.371925437132597e-5,-0.41448407121708386,51891.76470588235,0.6770476487075677,0.5247925747469612,0.6922038824872834,0.6313480353139375,0.8873812754409769
19193,291232595.48024786,0.38367345060990843,3.2843110158098647,0.48267523310075794,0.006827765809354487,0,0.44706321191663395,103450.35294117648,0.7007162877608222,0.5429931550119688,0.4628879892037787,0.5688658106588566,0.7269335142469471
17195,31605492.914328203,0.5523948307490372,2.79707587025184,0.5331449913277486,0.12704921195725719,0,1.7536444034557164,56546.529411764706,0.3902211149174712,0.7662126605087154,0.5262119796532753,0.5608819183598207,0.6258480325644504
42097,155522441.79216135,0.007842965463332519,1.650397104632586,0.7740800307669344,0,6.336711234087506e-4,0.9037028502823831,92417.23529411765,0.6269075054500156,0.27221845318860244,0.6479808989930448,0.515702285877221,0.45115332428765265
39017,5197370114.372914,0.10764782992494304,2.1133749001840547,0.8198511059623006,0.0012844521830478652,0.004450994204585753,-0.4678053563228368,379423.9411764706,0.9171597633136095,0.4466607344041316,0.5594311221841587,0.6410838733006332,0.7174355495251018
12073,1872211065.3995829,0.4745780427413493,3.3376585775454024,0.45935126518351077,0.03153658351564298,0.005210012829539969,0.13242262061653864,287327.9411764706,0.8660853316723762,0.6526941263803048,0.7347659088549777,0.7511817889692196,0.9226594301221167
17011,142654659.1169318,-2.4369153710154023,1.8329733626804117,0.8237751953404547,0.008861518527828943,0.010229056919750295,-0.539266190260605,33645.117647058825,0.6141388975397073,0.27091587063770234,0.5685663863801516,0.48454038485252043,0.6204206241519674
54067,127010346.40681076,0.06706732765924528,1.6504427902784256,0.7921135499721083,0.009652049020883128,0,-0.8565301177612983,25267.058823529413,0.5991902834008097,0.510504727229221,0.26492266168379525,0.4582058907712753,0.43419267299864317
19061,109790911.27780703,-1.0295211397584065,2.0361593743020037,0.5510533477360635,0.08066975445063984,0.01661536600114099,1.3183926327912925,96566.88235294117,0.5805045157271878,0.5169948671653575,0.8069137340392402,0.6348043723105952,0.7561058344640434
04001,2159642496.317499,0.4015426024469342,3.0949865352126484,0.22003516290199593,0.028720546800047635,7.593956741138416e-6,-2.1534120975860103,69735.82352941176,0.8757396449704142,0.6385488072481462,0.6068722101110765,0.707053554109879,0.9630257801899593
46135,134306735.50088808,-0.4903708293593869,3.1079181362648582,0.30875462282034477,0.04773729901631275,0,-1.0659764772547433,22828.823529411766,0.6075988788539396,0.5384949002482577,0.40548115851759575,0.5171916458732644,0.8117367706919946
55111,348081710.82867354,-0.9941179036198875,1.9951215684139623,0.6963779009589646,0.00630206006138461,0,-0.46245536372970775,63814.35294117647,0.718467767050763,0.3390268778171449,0.32866189141492785,0.46205217876094523,0.5502035278154681
45091,380313454.79080707,0.325127350252842,3.153929544186074,0.39508730456847213,0.6839795776955542,3.0200434213889445e-4,1.5725992093140508,259581.58823529413,0.7271877919651198,0.8053853070229106,0.805356586733105,0.7793098952403784,0.9002713704206241
51075,46764973.824225225,-1.296432272246257,2.8445980885411384,0.5860123584059322,0,0.06081882405350689,0.023641401333399505,23357.117647058825,0.4512612893179695,0.10396879240162822,0.7280182705283921,0.42774945074932996,0.7072591587516961
01121,1401122354.978477,0.302151047392897,2.724718098673888,0.8693765165170135,0.004637758774178884,0,-1.4889354726013206,81277.70588235294,0.8489567113048895,0.5103969812080063,0.19101006955257968,0.5167879206884918,0.6367028493894166
12019,898391482.7987933,-0.14896651822420992,3.278611741834908,0.3132882863001341,0.06709493228603981,0.005021807796127804,0.38076701586210815,208422.76470588235,0.8094051697290564,0.619635245162419,0.7881241565452092,0.7390548571455615,0.9433514246947082
02290,342459704.9267177,-0.7009260506548749,1.8608161005825592,0.48796651557379817,0.007992018536939288,0,-4.183507863184421,5401.529411764706,0.717533478667082,0.3788768174068626,0.27177410983079,0.45606146863491154,0.6740162822252375
51031,2102629627.5565522,-1.2006953896992805,0.7519560808465271,0.963437256513501,0.0010190480411732632,0,-2.4839095115676555,55073.82352941176,0.873248209280598,0.26761619122460206,0.09436312675179072,0.4117425090856636,0.32903663500678426
36037,775360373.0223279,0.3780041191975627,1.633014695410794,0.653922744176677,0.007092952407891258,2.6978772585710414e-4,-1.3940041209217187,58536.529411764706,0.7947679850513859,0.5428000958950918,0.5361777224125402,0.624581934453006,0.7120081411126187
27019,1249406877.2409525,-0.4790544348382646,1.0929025174988183,0.9579072422513828,0.02815461156769179,0.0050225506831964905,-1.0516604460691539,100591.05882352941,0.8411709747742137,0.49643939620534605,0.447108896501609,0.5949064224937229,0.5580054274084125
28151,321701605.8580918,-0.06399631542544881,2.4324820406444583,0.4825905593998221,0.018623034075385066,0,-0.8481331049172838,46950.05882352941,0.7091248832139521,0.5290240136537208,0.3761029793418458,0.5380839587365062,0.7150610583446404
38013,89621157.99535462,-3.917673584027538,1.1337416415243056,0.8549908405260228,0.4271174391491178,0,-4.246320111196808,2137.1176470588234,0.5493615696044846,0.4865456829534238,0.1320460915602616,0.38931778137272327,0.4735413839891452
01115,142886332.42414242,-1.8251872348110894,2.534960368249097,0.6174480054667102,0.014646462917077663,0,0.9174683889231309,88183.4705882353,0.6144503270009343,0.3254123579587941,0.4545832035710578,0.46481529617692874,0.5943012211668928
04015,350723204.5548235,-0.5348588153467766,3.0299667375545862,0.3648574069230751,0.07851941302715461,3.3229239707753934e-4,1.3259270367836036,209050.4705882353,0.7200249143568982,0.5697711569679387,0.7991279975085642,0.696308022944467,0.8799185888738128
39165,1005228565.6449535,0.3801549287128765,3.258647566679298,0.6478044423234025,0.010520188620662119,0.02282797869938958,0.41441120054852176,229530.9411764706,0.8193709124883214,0.5636829969300882,0.7207515830997613,0.7012684975060569,0.8548168249660787
56001,141877280.88364583,-0.233248623596495,3.015403017335371,0.2749909035622121,0.11994079736106199,0.07048774209787573,-0.36503146080125864,37614,0.6132046091560261,0.6421206275055765,0.7802346101941243,0.678519948951909,0.9382632293080054
53051,42105464.86684619,0.637623955017423,2.524970846921054,0.3380106044894572,0.06130822559956632,0,-0.7118878914750107,13404.411764705883,0.43475552787293675,0.7286451011475688,0.42281739852590056,0.5287393425154686,0.7126865671641791
29161,189610682.50977778,-0.32741209772182955,2.8774360377694914,0.31774753721062937,0.0756855099047998,0.0730177439847934,-0.3865398946618367,44915.294117647056,0.6490189971971349,0.5976309244450003,0.7718260147409945,0.6728253121277099,0.9277476255088195
26037,719505884.3583609,2.1498279906636952,1.1282798174239408,0.9676234107417061,0.0021706576620553002,0.005242912503741272,-0.8911377043240216,77672.64705882352,0.7872936779819371,0.6289749331317542,0.4489774732689713,0.6217486947942209,0.46845318860244234
17165,126081956.52241494,-2.083042161721325,1.1497205000911919,0.8166400598420355,0.10656449722671463,0,-0.9192723043827428,24123.823529411766,0.5982559950171287,0.46753015302427564,0.24831309041835356,0.43803307948658593,0.43283582089552236
37053,615443109.2639902,-3.2540092479167004,1.8261616467067394,0.9604184714157126,0,0,-2.3567575222789574,26600.647058823528,0.776082217377764,0.02527137042062415,0.10048790615592235,0.3006138313181035,0.3582089552238806
31111,52944031.25119736,-0.08482724988077806,2.441420969561697,0.5332849634823181,0.37337515176574115,0,0.5186381508949951,35161.294117647056,0.47243849268140764,0.7208530584461551,0.4539603446486038,0.5490839652587222,0.6672320217096337
19083,5512667.911189886,1.1705069045910061,2.0083266403776756,0.8767247008227042,0.1675035594707817,0,1.6898900720726153,17101.29411764706,0.19277483649953286,0.8438301297302883,0.3859649122807018,0.4741899595035077,0.3144504748982361
17071,44316167.54703784,-2.5720934678635725,1.8933842709155748,0.759723329568407,0,0,-1.792994320810927,6787.588235294118,0.4416069760199315,0.04257123473541384,0.22817398525900554,0.23745073200478362,0.3639755766621438
18041,3993499.8431199724,-5.3953624734042025,2.5602892363722916,0.7429326546043407,0,0,2.498870874865422,23586.058823529413,0.16069760199314856,0.005597014925373134,0.47503373819163297,0.21377611837005153,0.26119402985074625
22073,1233106414.2389386,1.249941155926681,1.2940338737617063,0.8647758542596868,8.19290674904152e-5,9.8856165713123e-4,-0.3750041777426869,155938.29411764705,0.8393023980068515,0.5498097053446558,0.5212291082736428,0.6367804038750501,0.5261194029850746
72023,774701072.2726183,4.208273995201965,0.8862599667412226,0.923306404926172,2.0450449826391693e-4,0,-1.6450530303294955,49561.7,0.7944565555901588,0.6294544085910401,0.15446901276860792,0.5261266589832689,0.32259158751696065
39075,51333064.42792755,-2.921626967368452,1.3510859371522528,0.9803565623098027,0,0,0.8761001879230191,43628.41176470588,0.4677670507630022,0.03205563093622795,0.2700093428838368,0.25661067486102235,0.10583446404341927
24011,19604820.15723819,-2.4037762290649614,0.9148986075782217,0.8821624456259856,0.10097763576742214,0,1.4223450370569213,33136.82352941176,0.3260666459047026,0.45063464785745166,0.3698743901173051,0.38219189462648645,0.2157394843962008
27153,39809140.098809846,2.031073649143867,0.023161474269876012,0.9983769890159723,0,0,0.2815685104818188,24901.235294117647,0.426969791342261,0.4559023066485753,0.20502439530779612,0.36263216443287744,0.03426051560379918
47171,1195192274.9887896,-0.6006911174129925,0.6051535521992133,0.9842004630105101,3.5349786518592316e-4,0,-3.614674272596101,17963.529411764706,0.8371223917782622,0.3147743927475032,0.05252776912695941,0.401474851217575,0.29240162822252375
55141,123133549.16076571,-0.13798339374789492,1.9732477575863554,0.829267291701623,0.005115368061683485,0.005778302893596676,0.7984673208670872,73883.82352941176,0.5963874182497664,0.4419673811666753,0.6464237516869096,0.5615928503677837,0.5729308005427408
51191,22270804.839957453,-1.0865787763408559,2.6854036612124856,0.28469438073447517,0.15903283107521207,0,2.0429164970013427,54320.64705882353,0.3444409841170975,0.5528218354393092,0.5989826637599917,0.4987484944387995,0.6685888738127544
27115,58981680.70116544,-2.96534769982223,2.5121365365849324,0.6655738139935025,0.009023308497177767,0,0.14125575913960617,29428.29411764706,0.48956711304889444,0.255471254585154,0.38274680784802245,0.375928391827357,0.5468113975576662
37111,33421971.99006303,0.6761808087006624,2.243777149985787,0.7023463788224346,0.0024637664015933467,0,1.3521463567007326,45002.23529411765,0.3986297103706011,0.5381520616991559,0.4476279456036541,0.46146990589113696,0.3958616010854817
22061,15697638.292549517,1.662565175131821,2.0863324278469433,0.6451703756761805,0,0.2833652931967362,2.1839033257919662,47321.35294117647,0.30052943008408595,0.4387720488466757,0.835357624831309,0.5248863679206902,0.47591587516960654
21029,243025659.8481292,-5.577365532718195,2.059460581709695,0.6767629221400067,0.06311726212782869,0,0.22549348239600236,79292.17647058824,0.6773590781687948,0.3764924693348705,0.3842001453337485,0.47935056427913797,0.5993894165535957
27069,24891758.15190161,0.9570357052484297,1.6954646585832114,0.885106039189426,0,0,-1.89478534594485,4335.058823529412,0.3581438804110869,0.38992537313432835,0.1663033322952351,0.30479086194688343,0.25237449118046135
37109,37053141.59423697,-1.5038449847229511,2.141596027795112,0.7551326265524462,0.002814374707965709,0,2.1910691341795907,83859.4705882353,0.4157583307380878,0.2665599176643654,0.46133084189764356,0.3812163634333656,0.3521031207598372
01109,56975898.8410457,3.237494400405428,1.3835037230744343,0.9290673463562727,0,0,0.3530963484134275,33084.41176470588,0.48396138274680783,0.48151289009497966,0.27519983390428737,0.413558035582025,0.1628222523744912
37043,8542824.93564367,-2.224051642265021,1.6104556061359006,0.8250114684685813,0.22497926139859373,0.0070164167534218285,0.5833764342613528,10995.529411764706,0.23170351915291187,0.5015096905706483,0.6381189660541887,0.4571107252592497,0.5091587516960652
26071,12520166.849956915,-0.025707627142990574,2.3773280242714794,0.694270220546714,0.08261414597238792,0,0.27379837491086306,11536.35294117647,0.27623793210837744,0.6552033284116854,0.38077442126025124,0.4374052272601047,0.505427408412483
26103,100964187.79502001,-0.6274375928031333,2.830019190321799,0.3724393000632917,0.4489848579995083,0.016745924363606564,0.8505349290490258,67070.35294117648,0.5677359078168794,0.6408745804589732,0.8266375999169521,0.6784160293976016,0.8867028493894166
02282,50307096.87776358,1.3326359126548333,1.7804584259207559,0.5073785062366555,0.022313480894885347,0,-5.469373137531576,650.4117647058823,0.4630956088445967,0.7055377149595436,0.2605626492266168,0.4763986576769191,0.5976933514246947
13081,10424334.41700384,-0.7911007878756795,1.72596309755222,0.8509275520090054,0,0,1.4431931420589756,22133.529411764706,0.2563064465898474,0.14993215739484397,0.3868992006643828,0.2643792682163581,0.1546811397557666
55107,13042413.127406714,-4.5605239322544975,1.7852889308097646,0.9339065256670835,0,0,0.5613915117649363,14332.35294117647,0.2821550918716911,0.01051560379918589,0.2847503373819163,0.1924736776842644,0.1485753052917232
51111,159872.4750219415,0.594568595126006,1.781338522784466,0.7523742829965419,0,0,4.743683559026056,12399.176470588236,0.02242292120834631,0.3551560379918589,0.5004671441918406,0.29268203446401525,0.10176390773405698
51720,3591930.5117877987,-1.247248124060084,2.7073528558351323,0.5620831618678634,0.22224817410902784,0,-0.1268340091618774,3879.8823529411766,0.15260043600124573,0.5551105603336931,0.4013287657012354,0.36967992067872474,0.5983717774762551
41057,254588301.09363395,1.1190043716141354,1.6105514348940237,0.6722257246706299,0.0023528910829075764,0.01144712864269007,-1.493749744460424,26256.882352941175,0.6838990968545624,0.5809085380167843,0.5787397487802347,0.6145157945505272,0.6872455902306649
01113,58160807.89521744,1.240158272672474,2.524414599960796,0.526991118830155,0.30279181243453607,0.04975449565230187,1.159682503293114,57144.41176470588,0.4864528184366241,0.872441966701381,0.8191632928475036,0.7260193593285029,0.8110583446404342
51045,3462768.658407913,-3.1248725343279737,1.3928988035030117,0.8584754797700215,0.7147050096152635,0,0.3103655244072576,5055.470588235294,0.15010900031142946,0.5112719786021613,0.31236374961071317,0.32458157617476796,0.28324287652645863
31083,94410955.49555808,1.0744715094224286,0.9173912734815199,0.8105361476072531,0.7495703567169238,0,-3.6334128658016254,3316.176470588235,0.5587044534412956,0.8881246210195153,0.15799854666251428,0.5349425403744418,0.4752374491180461
37123,387811418.0849941,-1.554861344880111,1.2962050103335876,0.9767694970996209,0.006646558955026334,0,-1.8710458292864989,27023.823529411766,0.7303020865773903,0.29472570196929365,0.10401744004982871,0.3763484095321708,0.337516960651289
05109,14693117.715151869,0.5714473565633185,1.3353409393260038,0.679095294811462,0,0,0.00704984777453692,10751,0.29336655247586424,0.35176390773405697,0.368732482092806,0.3379543141009091,0.22082767978290366
48055,9095297.094993522,-1.9301739444191988,1.7398276319179036,0.6949472687251139,0.025473000685650178,0,2.5696245898928542,42573.294117647056,0.24042354406726876,0.36224133024076194,0.49600332191425317,0.36622273207409467,0.30970149253731344
26097,50086554.11001973,-0.7002332488293472,2.6259861316122404,0.4296444266314023,0.02865528640160002,0,-1.1904591341595387,10958,0.46247274992214266,0.4655553757900242,0.36883629191321504,0.4322881392084606,0.7042062415196744
05043,51014222.53499234,-5.971434027441475,0.5691516883721529,0.9461069606388698,0.5177873021797254,0,-0.4487450851147709,18106.176470588234,0.4668327623793211,0.47850381903562894,0.20668535243434027,0.3840073112830968,0.27781546811397556
37055,332062846.4074955,0.036779376790537555,2.6524418348753374,0.3271645730431934,0.0699303699474424,0,-1.286870560022457,35878.94117647059,0.7141077545935846,0.6552135251960275,0.3892868265337901,0.5862027021078008,0.8158073270013568
18073,442171067.6732313,-0.26734657289683383,0.10029232311815724,0.9973132276975963,5.368427976823542e-4,0,-1.6832354711968622,33364,0.747430706944877,0.36900157166435993,0.08626596075988789,0.4008994131230416,0.2059023066485753
18149,282304.06555366155,2.3394901543420277,1.3867589457215286,0.9395469800659307,1,0,5.12210243822737,23181.176470588234,0.03456867019620056,0.9598892493263325,0.4060002076196408,0.46681937571405796,0.14280868385345996
18007,883835.4677428051,NA,1.2246691854477447,0.9773903088358697,NA,0,2.5047042034805425,8741.29411764706,0.07256306446589847,NA,0.3461019412436417,NA,NA
32027,5041835.669582533,-1.0866961346660329,2.2356643531363254,0.7420007111354707,0.021257223537440088,0,0.34282715377857104,6620.35294117647,0.1834319526627219,0.403520632400033,0.3670715249662619,0.3180080366763389,0.38331071913161463
29107,222295478.52773687,1.7372589755216907,1.4779172535115392,0.8314429660605853,0.4003024851668699,0,-1.0139634040481404,32960.470588235294,0.6645904702584865,0.9122893004462114,0.23575210214886325,0.6042106242845203,0.5156037991858887
16079,171826739.68730116,-1.1338510601518212,1.973575134217019,0.6493048621628776,0.03935988089063677,0,-2.164378156801053,13001.588235294117,0.6378075365929617,0.4493858816683571,0.2578635938959825,0.44835233738576713,0.6360244233378561
29159,52921825.95180994,-1.6123217946289543,1.8586752614277908,0.8645807001521102,0.03199105911692273,0,0.8077629771717506,42550.705882352944,0.4721270632201806,0.3942033773562503,0.34122287968441817,0.402517773420283,0.36363636363636365
37199,13180757.498778699,-2.243051150206144,2.1275778264778156,0.7024698427675242,0.018087847319705162,0,0.9003519224007883,18055.41176470588,0.28277795079414514,0.32079933272243266,0.42084501193812934,0.34147409848490234,0.39348710990502034
40079,175557878.10435146,-0.3606374265010892,1.9458456016646895,0.6798711346733068,0.36435626076879063,0,-0.15245189433357934,49827.41176470588,0.640298972282778,0.6730396568804728,0.3578324509498598,0.5570570267043702,0.6170284938941656
46105,5563756.89133472,-0.6148071508261879,1.459370798169877,0.5096674285370542,0,0,-0.9899656733868203,2928.9411764705883,0.194020554344441,0.16994572591587517,0.359285788435586,0.24108402289863406,0.29884667571234735
37025,179364109.07136592,1.2263915940804182,2.408182676686096,0.6023300540902115,0.10298184956618513,0.001003025582606487,1.9667391286111862,204979.11764705883,0.6437246963562753,0.8179736904836358,0.7743174504308108,0.7453386124235739,0.7672998643147897
19045,45713946.741985954,1.9549531178841377,0.9169999702056758,0.8789986847893445,0.06396909619766361,0,1.120546419686939,47494.76470588235,0.446589847399564,0.8259445168038474,0.35586006436208867,0.5427981428551666,0.24559023066485752
08021,9827199.406925797,0.8217340273420906,2.418352191954462,0.5575010009635613,0.00665187261102561,0,-0.039070610128882036,7994.64705882353,0.2485207100591716,0.5894992155273913,0.4086992629502751,0.41557306284561263,0.48948439620081413
21127,12338574.611460276,-0.3467367049996817,1.7326774336626947,0.5797074210430211,0,0,0.7721386733087677,15880.764705882353,0.27436935534101525,0.21082089552238806,0.45665939997923805,0.3139498836142138,0.28222523744911804
22095,282289183.0797415,4.0359721836502,1.0545590720712752,0.7474723775809211,0.20304290129919725,0.007190490391857697,-0.840697931773836,43278.117647058825,0.6944876985362816,0.9318639540501175,0.5778054603965536,0.7347190376609842,0.6743554952510177
37157,1588990822.4886684,-0.009768881871636381,1.4712823496603396,0.9168205486186489,2.263291407057504e-4,4.2064331580569724e-4,-1.4250777265508343,92129.70588235294,0.8570538772967923,0.4082770924028065,0.4195992940932212,0.5616434212642734,0.5613975576662144
27113,38253672.008467324,-2.3516582359510885,0.9724465727855932,0.8705916048417227,0,0,-0.5502091004068324,13999.470588235294,0.4207412021177203,0.05037313432835821,0.24540641544690125,0.23884025063099326,0.16655359565807326
38073,13304454.639594287,-0.12036048982622383,2.193820851878954,0.6413918569647716,0.0038307826047719903,0,-0.9119508296074285,5486.058823529412,0.28402366863905326,0.43501328754297375,0.320357105782207,0.3464646873214113,0.45725915875169604
39097,30499216.57499732,-1.1802699540800639,2.0364436207581815,0.7415733064593711,0.4298179723115344,0.05610092356148963,1.405690698398343,43887.35294117647,0.3843039551541576,0.5866109197136924,0.7560469220388248,0.575653932302225,0.6692672998643148
19065,1293878.59012777,NA,1.8396221033116746,0.7602693324579419,NA,0,3.3794718127167016,20042.235294117647,0.08813453752725008,NA,0.4839613827468079,NA,NA
48203,249868506.98680535,-1.3147911236852181,1.9568652813947462,0.47681135749368986,0.25298756040115916,0,-0.05035873234836577,67304.5294117647,0.6807848022422921,0.5536755328839497,0.4303955154157584,0.5549519501806667,0.6916553595658074
17169,3329975.717204109,NA,0.8182437022631492,0.9881283045398962,NA,0,0.8652769641344779,7108.35294117647,0.14512612893179694,NA,0.2607702688674349,NA,NA
17009,220633800.80989617,6.012625645687846,0.6442659155566637,0.9783298390260291,0.0012819892363898342,0,-3.4298673769750088,6646.823529411765,0.6639676113360324,0.6544313185393854,0.059586836914772144,0.4593285889300633,0.2496607869742198
17131,36277616.35076924,-0.5364881645804633,1.4611402822470183,0.6496100677722015,0.0031221868081612596,0,-0.30971044725800456,15845.35294117647,0.4126440361258175,0.3623485097739577,0.3573134018478148,0.3774353159158634,0.3687245590230665
26135,6754619.808063017,-0.088107397500794,2.1434026131324213,0.4007500944577431,0.1906197083583556,0,0.41826354065842586,8442,0.20803488009965743,0.6924473098163764,0.48364995328558075,0.46137738106720483,0.5705563093622795
51133,115054907.26364361,-2.43680921049544,1.79748978373668,0.9212745858604614,0.23712828480699102,0,-1.8512748373058072,12267.411764705883,0.5867331049517285,0.4945323709381676,0.14709851551956818,0.4094546638031547,0.49830393487109903
29057,1359426.0038129876,2.9436795121500587,1.2387188415088517,0.9863497354909583,0.031296434011066646,0,1.8743371324801148,7660.176470588235,0.0912488321395204,0.7888985796106007,0.3170351915291187,0.39906086775974664,0.07021709633649932
29001,76107406.43819533,-0.2714873618734668,1.4630146971313185,0.9075987775854797,0.006823499102018578,0,-0.3339851027590387,25441.647058823528,0.5260043600124572,0.43495641214586567,0.24115021281013185,0.4007036616561516,0.3029172320217096
40075,2448624.2206520773,0.9000257401742253,1.6047952452283647,0.8097252147637425,0.05976131507572956,0,1.52151494419968,8950.64705882353,0.12176891933976955,0.7512574901045872,0.41036022007681927,0.4277955431737253,0.24389416553595658
21043,867551828.6331012,-2.7874161254426255,0.05202782471815017,0.9950573451507784,0,0,-2.6704211712244708,27127.235294117647,0.8062908751167861,0.03510854816824966,0.055849683380047754,0.29908303555502785,0.18758480325644505
28085,20968235.113259677,-3.5630707469328566,1.3761111699643493,0.8816671926248048,0.03457204549875969,0,1.4242482074898788,34685.58823529412,0.33634381812519465,0.3386612664496791,0.3703934392193502,0.34846617459807466,0.23405698778833106
19093,1118860.6855558346,NA,1.108825177101623,0.9958088499238245,NA,0,1.9271271891776371,6974.35294117647,0.08190594830270943,NA,0.30457801308003735,NA,NA
18155,9841065.920707425,4.047828225108063,1.0972733008745654,0.9823315248196738,1.9913965241898982e-4,0,0.358200161255059,10403.941176470587,0.24914356898162565,0.6275939486390238,0.23429876466313715,0.3703454274279289,0.07835820895522388
22113,68231961.63518387,0.5187968551825612,2.3727896073553847,0.440191434232194,0.3755571251945774,0,1.0343743053621164,58457.82352941176,0.5073185923388353,0.8107392985881305,0.514896709228693,0.610984866718553,0.6760515603799185
38043,265987.2779416495,0.5397633181480241,1.604751034282611,0.8189032385431804,0,0,1.7659116085909354,2426.705882352941,0.03270009342883837,0.34701492537313433,0.41752309768504103,0.26574603882900455,0.08242876526458616
72085,509917.07605358143,NA,1.2683569025186532,0.9341118799475929,NA,0,5.283007743520087,38103.5,0.05232014948614139,NA,0.4102564102564103,NA,NA
21055,429179.82804928377,NA,1.349454773323858,0.6237478461114463,NA,0,3.2882019880389586,9101.411764705883,0.047025848645281844,NA,0.5375272500778574,NA,NA
19097,32384762.28687934,-1.2831595696456493,0.9971519709807593,0.8994859407726876,0,0,0.11979614560944071,19524.235294117647,0.3945811273746496,0.10532564450474899,0.2767569812104225,0.258887917696607,0.12652645861601086
37009,49933243.13570116,1.539693638119644,1.1538613209654032,0.9605962534864032,0.7807646801980475,0,0.17353238243075167,26930.176470588234,0.46122703207723453,0.919133948584641,0.2387625869407246,0.5397078558675333,0.29579375848032563
40145,124496247.63686751,1.0239165250218107,1.647710738207203,0.8276587301139043,0.12545509986742592,0,0.8903463916100164,79080.88235294117,0.5970102771722204,0.8165910065268484,0.3647877089172636,0.5927963308721108,0.43113975576662145
20095,12890744.284483207,-1.2224662325177302,0.9015510006181298,0.9968107946842703,1,0,-0.40753291634988126,7497.823529411765,0.2802865151043289,0.6060900634375943,0.16069760199314856,0.34902472684502395,0.20691994572591588
21213,6431626.071739489,-3.89413477720783,0.25616902940287367,0.9747844586811584,0.55243380026371,0,1.6464959856375732,18400,0.20523201494861415,0.4932283155184181,0.3191113879372989,0.3391905728014437,0.10685210312075984
19081,72306780.76047823,0.13614212167328787,0.999886072024779,0.9915699172465472,0,0,-1.5583395991982298,10952.823529411764,0.5163500467144192,0.2966417910447761,0.10131838471919442,0.3047700741594633,0.1417910447761194
54051,2350279.7984417905,0.5897083516252799,1.8577635834278534,0.791565508505917,0,0,3.46857566154013,31534.58823529412,0.11927748364995329,0.35447761194029853,0.47254230250181667,0.3154324660306895,0.13059701492537312
39079,16602296.747718109,-4.878352136762723,0.6430217519318709,0.9683700920971411,0,0,1.5703505989719586,32740.117647058825,0.3067580193086266,0.008141112618724558,0.320253295961798,0.2117174759630497,0.030868385345997285
47053,977002991.7669946,0.07629642797618175,1.6083084170489719,0.8195808100403542,0.04021937701657692,0,-1.8684118844913176,49845.882352941175,0.8153223294923699,0.6159108130326687,0.19879580608325545,0.5433429828694314,0.5597014925373134
19015,9895194.80818669,-1.677289304068669,2.0885587688248513,0.7860228904094703,0.027731882316624535,0.16544061474011287,1.7636568570436149,26427.58823529412,0.2497664279040797,0.380966025220953,0.7622755112633656,0.46433598812946614,0.5318860244233379
31167,405147.7011325443,0.3957442713142125,1.567268430163797,0.8719562122479406,0,0,2.710118265880328,5979.941176470588,0.04546870133914668,0.33242876526458615,0.42074120211772037,0.2662128895738177,0.05698778833107191
01099,19316015.879420307,2.242700654148713,0.7710412934088876,0.9294487485300221,0,0,0.769459923682955,21316.29411764706,0.3245094985985674,0.4628561736770692,0.30156752828817607,0.3629777335212709,0.05936227951153324
39067,12488501.702377658,1.1601213189427444,1.7483599568048334,0.7375141450669482,0,0.09911212619720278,0.6897779824341589,15160.176470588236,0.2759265026471504,0.40993894165535955,0.7190906259732172,0.468318690091909,0.4114654002713704
29203,47893017.51421248,3.8627961795238814,0.6596242215685626,0.9533381327420138,0,0,-1.626264405381824,7976.823529411765,0.4543755839302398,0.4871099050203528,0.13287657012353368,0.3581206863580421,0.12924016282225237
36041,264852.6204968759,0.3119446798839167,1.439193389348244,0.8679672937408244,0,0,2.804663507232924,4806.764705882353,0.032077234506384306,0.3203867028493894,0.4239593065503997,0.25880774796872447,0.047150610583446405
08095,15569626.356027376,3.599102129895549,0.03667933910904992,0.994706165115939,0,0,-1.4051712933738372,4393.882352941177,0.3002180006228589,0.48422659430122117,0.1028755320253296,0.29577337564980327,0.04172320217096336
29055,3663773.171616451,-1.5942826937704044,2.3748948072230722,0.7897613277702082,0.5594976304843011,0,2.610049013053001,23978.941176470587,0.15509187169106198,0.5602150705753434,0.4575936883629191,0.39096687687644144,0.39823609226594303
48395,38288209.00464848,2.3847849401112757,0.27099878140294975,0.4928579498737601,0.038375449289141675,0,-0.2704078584264526,16852.235294117647,0.42105263157894735,0.7950726192321322,0.41046402989722824,0.5421964269027693,0.3751696065128901
48507,28115025.48304085,NA,0.16745967133011416,0.988744472278045,NA,0,-0.5784873650390454,11210.823529411764,0.37402678293366554,NA,0.1610090314543756,NA,NA
47007,442327.7870298428,0.7969902960125115,1.3052157836742877,0.9503123338681146,0,0,3.9384536479883505,14267.64705882353,0.048271566490189974,0.376865671641791,0.39011730509706216,0.2717515144096811,0.018995929443690638
48249,43151189.311724,0.07551841481383725,2.199732347402385,0.7471205422288475,0.3960418907299308,0,0.9343632286216937,40426.58823529412,0.43631267517907196,0.7508421410890529,0.40475448977473266,0.5306364353476192,0.5183175033921302
48305,1858271.639720103,4.190191388355422,1.1731271878801073,0.9238949463964953,0,0,1.1452469999593262,5817.35294117647,0.1096231703519153,0.49050203527815467,0.33146475656597113,0.3105299873986804,0.04206241519674356
31125,9243391.634636635,2.71299887702072,0.30340063242478205,0.937602790330752,0.04217144358894037,0,-1.2142342439254699,3532,0.24260355029585798,0.8083620882651781,0.1643309457074639,0.4050988614228333,0.17401628222523746
19003,5075291.354182109,NA,0.07894500697478536,1,NA,0,-0.5097896812119969,3785.529411764706,0.1853005294300841,NA,0.13152704245821653,NA,NA
13303,15001153.45150047,0.5657406265079974,0.4767286931730796,0.9665997692793361,0,0,0.9602913061069238,20461.058823529413,0.29648084708813455,0.3504070556309362,0.28755320253295963,0.3114803684173435,0.03188602442333786
54095,7707933.595093016,1.4571178978125516,1.075801824880151,0.9993556512157729,0,0.1580590363193003,0.3376246842902081,8733.529411764706,0.22080348800996574,0.4280868385345997,0.5366967715145853,0.39519569935305027,0.16689280868385345
20201,786761.888039417,2.156089611349911,1.4326543211141871,0.9358593441289055,0,0,1.9491399214974834,5607.588235294118,0.06726876362503893,0.46014246947082765,0.35970102771722207,0.2957040869376962,0.037991858887381276
72039,41503828.81155752,2.031714404852446,0.4004967631962016,0.9049291625905438,0,0,-0.3062092054577546,17359,0.4310183743382124,0.4560719131614654,0.24509498598567425,0.377395091161784,0.1078697421981004
48211,2616692.880704592,2.2544878228935232,0.8767084323099888,0.9873379089069154,0,0,0.13928879168882582,3752.176470588235,0.12581750233572095,0.4631953867028494,0.213744420222153,0.26758576975357445,0.023066485753052916
21091,780931.1266517498,NA,0.6931471803041349,1,NA,0,2.632404350199342,8763.941176470587,0.06664590470258487,NA,0.3033322952351292,NA,NA
13141,605235.8693703086,5.056091161911947,1.2211899490507512,1.0000000000000002,0,0,2.903289645655986,8857.176470588236,0.0573030208657739,0.494572591587517,0.3073808782310807,0.28641883022812387,0.007801899592944369
49031,1549577.8292285716,3.0813324081345908,0.8767995675298916,0.9732340300890969,0,0,-0.7345517402906421,1490.0588235294117,0.09778885082528807,0.47845997286295794,0.16827571888300633,0.24817484752375077,0.03765264586160109
35021,211339.94734666258,NA,0.8626210331514985,0.9999999999999999,NA,0,0.05380521702834977,672.5882352941177,0.02802865151043289,NA,0.18197861517699573,NA,NA
31093,698514.5690595205,NA,0.9897913950749495,1,NA,0,2.269080689380481,6403.882352941177,0.06384303955154158,NA,0.29357417211668224,NA,NA
48129,915867.5867547115,NA,-0,1,0,0,1.0571719522327574,3439,0.07412021177203364,NA,0.23938544586317867,NA,NA
22071,34515323107.57099,-1.7371029924907546,2.8779414765873663,0.3750374223879681,0.06172738662325369,1.9957889209010267e-4,-2.4005662894650035,369647.29411764705,0.9760199314855186,0.4443741621642199,0.5787397487802346,0.6663779474766577,0.9765943012211669
42007,1198002725.0757334,2.6167837623727266,1.4558603785946354,0.8093334392140675,0.0014432149919043006,1.1685866573563086e-4,-0.23529924882485204,167784.9411764706,0.8374338212394893,0.6311509269103562,0.5403301152289007,0.6696382877929153,0.5783582089552238
18053,756572280.0589378,-0.08018806005017609,2.939372341372115,0.37712329849239284,0.11305186350533872,0.0014928036856856018,-1.150603331603224,67644.17647058824,0.7916536904391155,0.6672614790866219,0.6515104328869511,0.7034752008042294,0.94640434192673
55025,10403857637.082417,0.17975705235540573,2.8496554207854286,0.6520315951122471,0.013122519319723585,0.013157425320022521,-0.6541793623410024,530629.2941176471,0.9439426969791342,0.548387367226538,0.6369770580296896,0.7097690407451207,0.8839891451831751
56033,679798700.3358546,0.6255846731012227,3.1273829281586982,0.31418697496548664,0.13302121675496645,0.03660204450291109,-2.256596076057938,30350.823529411766,0.7823108066023046,0.7795620639741718,0.6689504827156649,0.7436077844307137,0.991180461329715
12031,35844727893.21427,0.4381126052417237,3.2098182100823935,0.298544522871502,0.046457643539191795,0.0015930180508972457,-1.032136839442525,936036.9411764706,0.9766427904079726,0.6815279133572436,0.6764247897851137,0.7781984978501099,0.9827001356852103
55083,17309320.43202678,0.8509681103960034,2.891442543837884,0.5209169585852182,0.014509015699316537,0,1.7615755702407732,38187.17647058824,0.310806602304578,0.6351320914103196,0.5299491331879995,0.49196260896763233,0.5434192672998643
54033,4686956107.4390135,-0.46376661245694706,2.788621371177028,0.2396733034647353,0.022508261849426045,8.679119493929681e-4,-2.9784651378376843,67460.23529411765,0.9140454687013392,0.47944441574238483,0.6037579154988061,0.6657492666475101,0.9640434192672999
45045,6811900682.299825,-1.8902645757239362,2.703989702590448,0.41001951415596677,0.01793185060451744,0.0012957556418910494,-0.3218340238499086,499612.70588235295,0.9299283712239178,0.3347148843140827,0.6950067476383266,0.6532166677254424,0.9043419267299865
51740,17442542189.141174,0.13023603858831834,3.2118952597208206,0.1342316432585921,0.016729616671345714,0.0032075884079718273,-3.758417143088478,96012.11764705883,0.9601370289629398,0.5569775915467299,0.6202636769438389,0.7124594324845028,0.9959294436906377
26033,2591177715.8464036,3.0819356587399795,0.8674582953073952,0.8246687800104172,0.9537298972581847,4.479284689325302e-5,-3.2653824950084713,37727.35294117647,0.8835253815010901,0.9709475486477251,0.39572303539914877,0.7500653218493213,0.7103120759837178
22105,252945784.76133978,0.2418793501779284,2.29126842591767,0.6266688784555546,0.061249535812263924,0,0.9289336729600828,129585.82352941176,0.6823419495484273,0.6791226052285484,0.4527146268036956,0.6047263938602238,0.6268656716417911
01045,19052606932.93435,-0.03635125720542831,1.4683803571721241,0.6638165663801996,0.004832645483889117,3.9780898442497343e-4,-4.84476198965357,49652.58823529412,0.9623170351915291,0.45761287387076277,0.46143465171805254,0.6271215202601148,0.7628900949796472
37021,2935671173.83687,-0.05367987731264989,3.3852665549591348,0.2707239051626292,0.010866723338447952,0.002864627161235396,-0.49428034539986243,255635.64705882352,0.8909996885705388,0.4956447268122858,0.7239696875324406,0.7035380343050884,0.944708276797829
39061,36628126588.15912,-0.7198598938624841,2.6406057697011893,0.707562730213996,0.009933820422206778,0.004618067516859841,-1.2647557323941743,814232.3529411765,0.9772656493304267,0.3883645853443658,0.5611958891311118,0.6422753746019682,0.8612618724559024
45019,45721118827.88749,-0.9933939866469821,2.920740153926603,0.24578787681789022,0.0204327989662776,0.001367501203193946,-2.6028269318046178,389427.17647058825,0.980691373403924,0.40833476088314125,0.6177722412540226,0.6689327918470293,0.9813432835820896
48245,3007552750.8896685,0.697154080257647,2.701760179077591,0.28784719117103263,0.14824332393557937,0,-0.5326150325454753,253257.82352941178,0.8916225474929929,0.7930524096587568,0.44254126440361263,0.7090720738517874,0.858887381275441
34013,15071449275.99811,-0.0026097779108482655,2.988632080649136,0.7146926784179409,0.029625397589427137,0.0017887780036990085,-0.3832924989067452,810715.7058823529,0.9567113048894426,0.5778036171846179,0.5970102771722204,0.7105083997487602,0.8768656716417911
08031,17211702050.061493,0.306982452191523,3.3042952287344463,0.40918610277311446,0.045748789189369525,0.004416187260218213,-0.7953408489786353,674119.1176470588,0.9588913111180317,0.6622136176468723,0.6849371950586526,0.7686807079411855,0.9691316146540027
12057,41072806223.14027,0.4200829065086822,3.185622991154964,0.16421259545666073,0.019870360717001805,0.0062438811525206365,-0.5755433209470359,1384766.0588235294,0.9788227966365618,0.6096915676672204,0.7473268971244679,0.7786137538094167,0.978629579375848
37019,1734142153.5276828,0.06040824169974712,2.5884931395291164,0.2970992323283947,0.05129628967235129,0,-1.002022842053998,129084.76470588235,0.8614138897539707,0.6337355851458684,0.4122287968441814,0.6357927572480068,0.8371777476255088
42005,490646110.10271436,1.0189636410442233,1.9785244419858172,0.7380763476681903,0.0019625272311245214,0,-0.7406901647366974,66616.88235294117,0.7555278729367798,0.5649079706223845,0.29575417834527146,0.5387300073014786,0.5291723202170964
49035,19153479577.706112,0.1448358494583637,3.449324541156181,0.5192288519978401,0.024984024821445322,0.007375013192675361,-0.13854167995287217,1116537.1176470588,0.9626284646527562,0.5912413927810392,0.7074639260874078,0.753777927840401,0.9369063772048847
26005,368244835.9539821,-3.5515608999985187,0.8484761911175837,0.9123880224249605,0.03291863342465924,0,0.384487916961612,115904.58823529411,0.7234506384303955,0.3361614681194139,0.28786463199418666,0.4491589128479987,0.3137720488466757
54107,1080214408.5208943,-0.4543601567264446,2.5410046771550037,0.26407810276195737,0.0015511578563958464,4.2851277374227824e-4,-1.1569379461433789,85231.05882352941,0.8259109311740891,0.35822798922131915,0.6608533167237621,0.6149974123730568,0.8761872455902306
25025,19896765311.961884,0.46045641305892104,3.2689495452657282,0.38466355170356664,0.017250290668487833,0.010209995543534,-0.7405173589064437,769246.0588235294,0.9635627530364372,0.6029044747115216,0.708917263573134,0.758461497107031,0.9579375848032564
13121,23487063890.280743,-0.037423613110714626,3.4095044988283516,0.36567900784244217,0.02540689984390291,0.0047840812975643784,-0.493611707323226,1010449.8823529412,0.9669884771099346,0.5579724578057064,0.7137963251323575,0.7462524200159995,0.9623473541383989
39167,90335728.89015289,-0.617871425573087,2.852927526665652,0.41451873831593167,0.03547327476518043,0,0.8054576008010648,60489.294117647056,0.5502958579881657,0.4907514033041207,0.5051385861102461,0.5153952824675109,0.7048846675712347
22019,1846935968.3863156,0.04068303741776802,2.4593710182411614,0.545808654818477,0.06480318371973497,5.704352149459144e-4,-0.40369348928650906,199821.88235294117,0.864528184366241,0.650545324026615,0.6422713588705492,0.7191149557544684,0.8700814111261872
37081,4701093932.879907,0.014171468652428132,3.009790758178507,0.4903682273111526,0.06844584754643701,0.00252371429139444,0.11038939433935839,520279.4705882353,0.9143568981625662,0.6499817817453089,0.7110972698017233,0.7584786499031995,0.9284260515603799
24005,71528525315.91035,0.10983191611982335,2.544807156175231,0.44967006505023105,0.029357496856193807,0.001700685050906959,-1.9082785092362111,828207.5294117647,0.9878542510121457,0.5966377576500808,0.5972178968130385,0.7272366351584217,0.9348710990502035
27005,133386153.70532113,0.3197564272857214,2.917746601891813,0.25344175985199446,0.1374547559498111,0,-0.46101972467709895,33892.05882352941,0.6072874493927125,0.7435820306374848,0.4533374857261497,0.6014023219187823,0.8151289009497965
46047,244841991.5788147,0.1036471446800995,2.8603429927451547,0.3917203176911064,0.5817427427697708,0,-3.458088868039372,6988.588235294118,0.6782933665524759,0.766952380563932,0.3040589639779923,0.5831015703648,0.8605834464043419
36069,2751773048.2835755,-0.3514305187316644,2.2078361185509516,0.7409890212925622,0.35893627803835954,1.794850464995942e-4,-1.7075567494951618,109879.82352941176,0.8872625350358144,0.6735719290231299,0.4862451987958061,0.6823598876182503,0.8487109905020352
23005,7994753882.492879,0.17884235224308043,0.8860591812462475,0.8812440364123832,0.0042960143639000905,0.001670512517958871,-1.2869930766533424,293515.9411764706,0.9352226720647774,0.49093131989895666,0.46330322848541466,0.6298190734830496,0.5719131614654003
06079,1122611061.1109605,-0.4151442196618582,3.247346198679146,0.2517103082871614,0.059883814789946206,0.07360642074600772,0.592668662832368,277767.5882352941,0.8299595141700404,0.5660341488041665,0.8512405273538878,0.7490780634426982,0.9538670284938942
29065,433631013.31807745,0.48183885128743853,0.23369186736201308,0.9776172118112696,4.8390520132992265e-4,0,-2.845121125822508,15285.764705882353,0.7449392712550608,0.48553166939940484,0.07214782518426242,0.434206255279576,0.2435549525101764
06045,209116505.23563355,-2.106020241304506,2.4988170956987585,0.5759568935667503,0.3118561474920711,0.0038597419520641665,0.5367373398001695,88189.94117647059,0.6580504515727188,0.5182931444073131,0.7230353991487596,0.6331263317095971,0.8381953867028494
51149,7397304894.50232,-0.4003482589767664,2.8462446613565775,0.2529060566113098,0.0234244567350356,1.459590383870404e-6,-4.267788460210832,38906.94117647059,0.9339769542198691,0.49192754572917885,0.5607806498494757,0.6622283832661746,0.9677747625508819
48465,1939158308.7995574,0.33498497596898247,2.78042129765133,0.2646522716253681,0.16599296712775277,0.022235540251833177,-2.59499082730327,48511.82352941176,0.8679539084397384,0.7553007416914335,0.6617876051074432,0.761680751746205,0.9952510176390773
42083,103855054.02497382,0.4422606356146197,2.671632919809971,0.3056518833516036,0.025406379279960256,9.635544551922948e-4,0.10358007684966015,41715.529411764706,0.572095920274058,0.6326019293222356,0.7443164123326067,0.6496714206429668,0.8426051560379919
05069,2821958289.2593203,-1.5795732945604684,2.35551614644883,0.5148680787922401,0.21205850479461408,8.708562325963651e-5,-2.40226624509614,70599.70588235294,0.8894425412644036,0.5269923610223614,0.5374234402574484,0.6512861141814045,0.9185888738127544
20005,158112412.22780582,-2.3557395806839168,2.1611901763358814,0.5971815040348224,0,0.006275952356937556,-1.7245511381336907,16456.352941176472,0.6284646527561507,0.05003392130257802,0.5857988165680473,0.42143246354225866,0.7065807327001357
42031,13411909.046351045,0.26332227923892404,1.1502048181907607,0.8483494966605275,0.6563882257841871,0,2.0353993232803234,38662.470588235294,0.28495795702273435,0.795065368185489,0.41316308522786255,0.4977288034786953,0.25780189959294436
22115,8921601131.164639,-0.6675751324647727,2.656266476684256,0.2760422031840283,0.054349546915212536,0,-4.079961775903388,49852.17647058824,0.9392712550607287,0.5208768962619948,0.32305616111284124,0.5944014374785216,0.8887381275440976
51113,87409822.91428232,1.438656719309133,2.769172641676378,0.5252838304963262,0.11751521566675911,0.06322108600359146,-1.4384904870011648,13438.35294117647,0.5456244160697602,0.8404010644536473,0.6529637703726773,0.6796630836320282,0.8863636363636364
53031,327518591.7526315,-0.8570662355485261,2.4067887348197115,0.41578082197925126,0.018834483802807077,0.003329957782918434,-1.4761109255581084,31375.058823529413,0.7119277483649953,0.4162148358227083,0.6358351500051905,0.587992578064298,0.8595658073270014
37045,367781122.9303244,-0.7137271962982474,1.8039086645647842,0.8455815093778858,0.0593325913870698,1.6957292906636152e-4,0.1392916517986648,98487.64705882352,0.7228277795079414,0.5233115484700744,0.5513339561922558,0.5991577613900905,0.6451831750339213
41061,128502657.07518089,1.0640211988979917,2.020652250932705,0.42184181792851727,0.007070090632963675,0,-0.8247299263709839,26003.470588235294,0.601681719090626,0.6157335022827202,0.39520398629710374,0.53753973589015,0.6207598371777476
30071,58876846.80059525,-1.3176761400666912,1.8706032136112698,0.6112644557124187,0.025484481314108288,0,-2.8163087906463176,4164.882352941177,0.4889442541264404,0.39802569861568454,0.2545416796428942,0.38050387746167297,0.5841248303934871
55105,3826357488.9900036,0.1092417162565269,1.2107459340442204,0.9140264653751177,1.3896883111888503e-4,0,-1.449099757094675,162060.11764705883,0.9047025848645281,0.42579086259357246,0.16837952870341535,0.49962432538717194,0.3883989145183175
21179,227323577.2980413,-1.1647344603583605,1.6227583195891626,0.9755151505697085,0.002207207553797181,0,-0.5486982484748013,45490,0.6677047648707568,0.2865237485373279,0.17658050451572718,0.3769363393079373,0.31173677069199457
37071,563481921.9147041,3.1034201494646823,1.5500519059147806,0.8725712065502255,0.4165241275639054,0.002683515995476146,0.9216573023703747,218927,0.7682964808470881,0.9500881002167156,0.620678916225475,0.7796878324297595,0.6414518317503393
53005,71972508399.68318,-0.17566434731601888,1.734144202310516,0.8095593678722114,6.686444101957075e-4,1.6308282588154986e-4,-4.110334740260764,194111.17647058822,0.9884771099345998,0.38675813862007147,0.3989411398318281,0.5913921294621665,0.7252374491180461
21015,1265546539.2292707,-1.0594613531617192,2.639203676822094,0.7115339785586712,0.00659447352366112,3.8318037891277106e-4,-0.6816576265172727,129542.41176470589,0.8424166926191218,0.33492505136913353,0.5618187480535658,0.5797201640139403,0.8012211668928086
17109,6965632.8555870745,-6.547341727521038,1.3896353930540426,0.8832984963321481,0,0,2.318401736289508,30234.529411764706,0.2114606041731548,0.0020352781546811396,0.4055849683380048,0.20636028355528024,0.0742876526458616
29205,3923338.7527814084,-0.46754412748158813,0.834230970367198,0.9651643940888864,0,0,0.47188693548343535,6108.588235294118,0.15882902522578635,0.19402985074626866,0.2562026367694384,0.20302050424716445,0.031207598371777476
17005,98339171.07178286,-1.2393999399136408,2.1352201248836424,0.6173087420403616,0.007776310272418701,0,-1.1971323757487207,17037.58823529412,0.5646216132046091,0.32716767773448296,0.3136094674556213,0.40179958613157113,0.5827679782903663
12023,334292060.9607651,-2.0345098008236526,2.552592703001467,0.42974552332301796,0.0489708109385731,0,-0.29289834861706215,69498.05882352941,0.7153534724384927,0.41262080923493305,0.42665836188103395,0.51821088118482,0.7605156037991859
45043,686242697.6269546,-1.1915259082289982,2.0255135879317634,0.941661517917854,0.0015384809929299534,0,-1.1808352973647527,62166.94117647059,0.7829336655247586,0.27631586103006556,0.16329284750337383,0.407514124686066,0.44674355495251017
48309,6117435856.584582,0.299611299924603,2.596378290640713,0.8441814973175228,0.03721200912589016,5.66087044945251e-5,-1.2642790587513457,249661.29411764705,0.9246340703830582,0.6424866920634575,0.4554136821343299,0.6741781481936152,0.8120759837177748
02068,2357871094.497159,-0.09346124521568555,1.679437348261485,0.6275517058695933,0.021726982019433298,0,-7.741693559994824,1841.3529411764705,0.8807225163500467,0.534937015596095,0.2213225371120108,0.5456606896860509,0.683853459972863
21149,5420103.790785745,-0.3038564811003628,2.495407044935582,0.5211521586791782,0.04354116676281182,0,0.7895891758007503,9329,0.19090625973217065,0.5569426958847592,0.47472230873040583,0.40752375478244524,0.5186567164179104
42011,1810008310.3095026,0.264578011528517,2.835036161400321,0.672393280711687,0.006309795451898041,0.008196922117784644,0.7407650599631328,419992.8823529412,0.8632824665213329,0.5216904863548898,0.7167030001038098,0.7005586509933441,0.8175033921302578
13105,130378486.1278084,-0.5728748119037945,2.7436217357361556,0.5060470305585234,0.09385684649990998,0,-1.2622928069860475,19662.29411764706,0.6047960137028963,0.5757050056694121,0.3440257448354614,0.5081755880692566,0.7710312075983717
01095,399495660.9183926,-2.560873489334691,1.4238376694769281,0.8725920268613834,0.05594648565597221,0.006060163330849944,0.0161211353159528,95890,0.7352849579570228,0.40246288597094687,0.5740683068618292,0.5706053835965995,0.6051560379918589
36093,4308689152.14661,-2.7192734787100576,1.4608128402305809,0.8339849049562892,0.362086500381952,0.0022507175246492613,-1.621938696405863,156367.76470588235,0.9087511678604796,0.5015778957281365,0.47337278106508873,0.6279006148845683,0.7615332428765265
17157,37458238.76930231,1.5323424917204473,2.1595504752189214,0.5549202357729989,0.09120460125606027,0,0.7252623621947903,32067.823529411766,0.41793833696667704,0.8286117689925305,0.4601889338731444,0.5689130132774507,0.566146540027137
06041,1948864415.2220767,-0.12139097144007494,2.309759145526114,0.6313253951321295,0.09615387943916902,0.03255431693451137,-0.07552076107216511,257172.23529411765,0.8682653379009654,0.6482679288926111,0.699055330634278,0.7385295324759515,0.8599050203527816
53015,1161206459.1718004,1.9517142584160112,1.6655115182509292,0.6305311019763287,3.9714898292084384e-4,8.227880636015375e-5,-0.8932208210951834,106418.11764705883,0.8340080971659919,0.597317996463302,0.5678397176372885,0.6663886037555274,0.6933514246947082
17007,55663105.26848672,1.7672794299690118,1.8616550213984295,0.8751703732681662,5.373661985973266e-4,0.0032661820476810265,1.107371071424882,53625.117647058825,0.47991279975085643,0.5910138911926068,0.6345894321602824,0.5685053743679153,0.4453867028493894
42051,543104742.0052559,-1.031414343691555,2.9126495118463778,0.5078752171896804,0.009909674260688579,0,0.18943416520249345,131711.64705882352,0.7642478978511367,0.3578380188690361,0.4381812519464341,0.5200890562222024,0.7343962008141113
42103,164534341.8293537,-1.5163022369568893,2.589654876928609,0.3412417012701631,0.11197140073461793,0,0.13021788349111282,57540.05882352941,0.6343818125194643,0.49868042280852976,0.4784594622651303,0.5371738991977082,0.7683175033921302
51730,2482654171.571539,-2.7988993208648267,1.7457371602044043,0.4115009649222778,0.010406069336962618,0,-3.45484487412405,32360.470588235294,0.8819682341949548,0.26806666249731487,0.29938752205958685,0.48314080625061884,0.7289687924016283
48021,812483463.3584628,0.7106316801298327,1.5708455095024918,0.6953704071789963,0.024969209101851828,0.00471599021519026,-0.8407993879606118,87013.11764705883,0.7994394269697913,0.6628179470655468,0.5916121665109518,0.6846231801820966,0.7245590230664858
02122,589409266.7701023,0.713857420060581,2.6451382505361187,0.3798996798354418,0.10486379444336391,0,-1.1334909745218513,58009.294117647056,0.7729679227654936,0.7757208220149028,0.3849268140766116,0.6445385196190027,0.8239484396200815
16065,35635236.5677371,1.1618986535648759,1.2992861129513815,0.8442888467840133,0.0206367200825263,0,1.2188577434492684,42991.94117647059,0.407972594207412,0.688668268241594,0.37786774628879893,0.4915028695792683,0.2527137042062415
27047,20898413.89756328,0.23829353564413047,2.327444173621844,0.6851253496446515,0,0,1.2459577891805267,30763.29411764706,0.3350981002802865,0.30953188602442333,0.4475241357832451,0.3640513740293183,0.3331071913161465
47013,301624070.4385177,-2.1874271538153724,1.3057167294290022,0.9516034986597639,0.030093843765905307,0,-1.0231733432323482,40079.117647058825,0.7032077234506384,0.36442038305466656,0.16651095193605314,0.41137968614711945,0.3656716417910448
21037,77176710.87779069,-1.2738742554813918,2.7220846623716937,0.550519726855154,0.04861179873925365,0.0023344026509824894,1.5996286736484666,92126.64705882352,0.5291186546247275,0.45570607519879197,0.786878438700301,0.5905677228412736,0.7771370420624152
29019,1188387115.4398732,0.005137719120352102,3.212014425337297,0.2753496632794309,0.07464695561253124,0.03942742959618824,-0.15632644400749887,175833.35294117648,0.8361881033945812,0.6548091660480617,0.7902003529533893,0.7603992074653441,0.9701492537313433
21107,53058594.41708667,-0.9404809929146598,1.8194683377709595,0.8144081639179764,0.7874765467210109,0,0.9175204681814221,45829.117647058825,0.4730613516038617,0.6236767972852081,0.37371535347243845,0.4901511674538361,0.4497964721845319
18123,37774329.755884215,0.3206407257941031,2.3317738090154276,0.4183339034303565,0.003380200309496607,0.001490861755881729,-0.054459374062292835,19263.941176470587,0.4194954842728122,0.5041056785665405,0.7133810858507214,0.545660749563358,0.7194708276797829
34011,1152781237.8409083,-0.11689660197438201,2.2459551466025274,0.5596353384820387,0.002259097942586982,5.658586099757285e-4,-0.3247802097330959,154182.82352941178,0.8330738087823109,0.42032504629340095,0.6434132668950482,0.6322707073235866,0.7856173677069199
48181,200261239.12867662,-0.4540953194609312,2.6824800162868487,0.364377085800903,0.04492470294557215,0,1.1747869507172508,130643.29411764706,0.6536904391155404,0.5387609230219825,0.5420948821758538,0.5781820814377922,0.7221845318860244
12097,254275909.62364548,0.41408298382624764,3.1817101797564504,0.44642367485382706,0.08202704804389525,0.007289513884744076,2.4074074078913763,345382.1176470588,0.6835876673933354,0.7240739960246136,0.8669158102356483,0.7581924912178658,0.8656716417910447
48231,35913561244.08444,-0.16552724070723457,1.8572723815154306,0.9928132354194362,0.0016595973461957815,6.44787887789274e-5,-4.490599775984341,95381.11764705883,0.9769542198691996,0.402821472886977,0.27395411605937925,0.5512432696051853,0.6275440976933514
37003,19472278.388787165,-0.019515309660814495,1.113114441951245,0.8195385952035543,0.3181278363636635,0.0071803102445634525,1.5916819066277135,36893.882352941175,0.3254437869822485,0.7255418797794595,0.7025848645281844,0.5845235104299641,0.4487788331071913
30017,71499673.15130746,0.232538679719287,2.7674921894404636,0.22088877016191413,0.04278612956155186,0,-1.4332827025887995,11808.35294117647,0.514792899408284,0.6465314165191531,0.39946018893387314,0.5202615016204367,0.7852781546811397
16067,74885425.63931583,0.38486227079646973,1.7855450405621514,0.7307805784780633,0,0,-0.6166000834364408,20883.647058823528,0.523512924322641,0.3310719131614654,0.30551230146371844,0.3866990463159416,0.35651289009497966
02261,568830646.5567598,NA,1.6503300221713448,0.7611214603001446,NA,0,-3.8422933144209352,9463,0.7701650576144503,NA,0.17709955361777222,NA,NA
48229,116027912.60322611,-1.3187054815873775,1.8138720938551025,0.642357213221115,0.0387683074581574,0,-3.6769080851141847,3692.470588235294,0.5879788227966366,0.4310866191904388,0.22620159867123432,0.41508901355276984,0.6119402985074627
47145,326138697.027897,4.228685797652133,2.0486482253116978,0.7469450335382951,5.405095190156637e-5,0,-0.650187484143519,53996.529411764706,0.7109934599813142,0.6242799937278447,0.2960656078064985,0.5437796871718859,0.5044097693351425
56007,306864812.9846934,-2.5360266832208787,1.6702805130053557,0.7297141983134786,0.04753291666231529,0,-2.5027105583445293,15251.70588235294,0.7047648707567736,0.39179047828810043,0.21768919339769544,0.43808151414752317,0.5936227951153324
53019,64850572.45900607,0.23454514888014977,2.827474311768803,0.22516441127285236,0.09529809409984227,0,-2.018650966218406,7519.941176470588,0.5007785736530675,0.7086608767059219,0.37433821239489257,0.5279258875846273,0.810719131614654
47129,5734901.489782827,-2.0205147035482227,2.379043431659066,0.6097548717027612,0,0,2.0045644429201435,21610.41176470588,0.1962005605730302,0.06309362279511534,0.5119900342572407,0.2570947392084621,0.310719131614654
05149,114141790.82700743,-0.2944819701032948,1.9416084134884217,0.5705681349091866,0.7733587307094297,0,-1.0103333551981137,21270.058823529413,0.5845530987231392,0.7044173149555556,0.339873352019101,0.5429479218992653,0.6774084124830394
41011,396578780.21036637,-0.142780926065047,2.7308660816049946,0.38992448964930077,0.004918396326315675,0,-0.5967735250930813,63650.94117647059,0.7343506695733416,0.43945455361197294,0.41627737984013286,0.5300275343418158,0.75
17203,4501434.8317267755,-1.6753149835589074,2.6897021892989104,0.7708803384721612,0.0012182627289414193,0.022656680551223534,3.1256324967775786,38623.82352941176,0.1719090625973217,0.23501265307639252,0.7887470154676633,0.39855624371379256,0.5081411126187245
56037,84234318.82914075,-0.10278771953168508,2.5737149927628336,0.3914292856108656,0.09444476999772705,0.004266122810435546,0.3660476986632121,43204.294117647056,0.5393958268452196,0.6494734153970537,0.7660126647980898,0.6516273023467877,0.8439620081411127
05141,4326934.8926961,-3.5191477591471205,1.2072802954613318,0.931413739586904,0.04312917076769327,0,1.8936964695965612,16673.058823529413,0.16630333229523514,0.36055138318246627,0.3607391259213122,0.2958646137996712,0.1383989145183175
42015,40543551.28612359,-0.7090887594474289,2.7047575275423075,0.5727449040352812,0.14667704998184525,0,1.6268178623901506,61302.17647058824,0.42883836810962317,0.5841023974679345,0.5087719298245613,0.5072375651340396,0.6217774762550882
12007,93213562.0101969,0.49041921949440237,2.7621143105044554,0.3529207334090369,0.09265778519858352,0.0011524683578285882,-0.40666918662940527,27724.647058823528,0.5571473061351604,0.7397197153239088,0.7006124779404131,0.6658264997998274,0.8744911804613297
26017,94157144.39548743,-1.3685919045210255,2.8405229189990626,0.4220848273303616,0,0.014448610531095658,1.6001641042513879,105099.94117647059,0.5583930239800685,0.0978629579375848,0.8563272085539292,0.5041943968238608,0.7276119402985075
21085,24681445.94013126,-0.6657821100103458,2.626410899958568,0.25915281215671393,0.16829008857625918,0.0010035234629767239,0.8362069404980442,26193.823529411766,0.3565867331049517,0.5963690157338648,0.8024499117616526,0.5851352202001564,0.8164857530529173
48315,37722731.566718616,-1.7737833768862483,2.1198141580696754,0.5625467247251064,0.5534405118179829,0,-1.0281978036070663,10114.529411764706,0.41887262535035813,0.551737350775726,0.34153430914564514,0.43738142842390976,0.6526458616010855
48497,132221210.04437236,1.8156066946874283,1.2371731012298381,0.8957485251953453,0.03655585294290175,0.015993802924773964,0.5618849098232261,66236.29411764706,0.6063531610090315,0.7714110944639165,0.6156960448458424,0.6644867667729302,0.4993215739484396
37141,46016059.00810524,-0.46968775221195536,2.1339534801383118,0.661320999035238,0.05108412767579018,0,1.4406269968392966,58936,0.4481469947056992,0.546560443365247,0.46631371327727605,0.48700705044940745,0.48846675712347354
42123,1240782962.5725582,-1.8626610050925692,0.6405425228588444,0.950428749968766,0.07045527457146354,0,-2.444463168472942,39894.882352941175,0.8396138274680784,0.44997140368480065,0.10505553825391882,0.46488025646893266,0.40468113975576664
55071,202062329.5268468,-1.750529033067366,1.5400275150935703,0.8003428055909306,0.056612634318386805,0.004275881963159187,0.43438803228210937,80575.70588235294,0.6555590158829026,0.4361833118974267,0.630748468805149,0.5741635988618261,0.6177069199457259
08003,71823201.92339313,0.5210908843740913,2.9324289868887887,0.3319077122435411,0.00321377805634806,0,-0.975115229825568,16030.70588235294,0.515415758330738,0.5261779778462398,0.407661164746185,0.4830849669743876,0.7191316146540027
53021,512021253.1632605,-1.0609529384285743,2.6452972833753274,0.43844545810856367,5.820627641932376e-4,2.681000959910996e-4,-0.3361696183605873,89514.76470588235,0.7598878853939582,0.27195798199746396,0.669365721997301,0.5670705297962411,0.8222523744911805
17117,189858151.84831527,1.1701338930523235,0.5690936193402512,0.9743586370130044,0,0,-0.3550906213935016,45897.882352941175,0.6493304266583618,0.41112618724559025,0.19101006955257968,0.41715556115217717,0.1322930800542741
48323,688754067.9014763,2.7924029335991953,1.2290368639652414,0.8920747076055205,0.002630377420649724,0,-1.3205034570458805,56823.882352941175,0.7838679539084398,0.6507369102746424,0.18758434547908232,0.5407297365540549,0.37550881953867027
48147,153465864.44868803,0.7654810755300261,2.579968573247491,0.4608184738738938,0.050193845402086774,0,-0.5511600783628287,35032.470588235294,0.6256617876051075,0.7243315214780534,0.3990449496522371,0.5830127529117993,0.7384667571234735
51005,6036390.00649572,-0.0809794463371567,1.6264214992697943,0.7052497464500529,0.011840099734252313,0,1.445839302963249,15454.058823529413,0.2008720024914357,0.4957465813581029,0.4515727187791965,0.38273043420957836,0.2734056987788331
22065,145961397.61319366,1.8721397864640839,1.7661454978060158,0.8535863026570063,0.01149437250641806,0,-2.2422067873359173,11087.941176470587,0.6172531921519776,0.6887874573207926,0.16879476798505136,0.49161180581927383,0.46132971506105835
47011,108710090.44235872,2.389338376690361,1.8736848388641023,0.6975777313968086,0.028796745650311453,0,1.4545433698313275,104968,0.5783245094985986,0.7725353465864337,0.4544793937506488,0.6017797499452271,0.45386702849389415
19099,20719266.676813982,1.2384572745063203,1.6619861220921257,0.7278401578508431,0.10306739441162749,0,1.5417042711431541,37189.882352941175,0.33322952351292434,0.8194975432547592,0.4478355652444721,0.5335208773373852,0.36974219810040704
13011,3171659.657066084,-10.765696012173251,1.1095267224401208,0.987081916933239,0,0,2.3748914854846617,18662.29411764706,0.14294612270320772,1.6960651289009497e-4,0.3339561922557874,0.15902397382396175,0.017639077340569877
13049,810039771.5301069,-5.154783930759642,0.267228489696529,0.9745260299951758,0.051638533598633456,0,-3.7194461494765796,12963.235294117647,0.7991279975085643,0.36082828252615584,0.06010588601681719,0.40668738868384574,0.35617367706919945
72113,373357101.3928281,1.363874356571289,2.49115277783434,0.5633040866417444,0.017759305679743986,0,0.756366340341396,149542.5,0.7250077857365307,0.6890359189659283,0.4598775044119174,0.6246404030381255,0.6573948439620081
18079,159197131.83819366,-2.322033048992381,2.3157477285466324,0.5701188566637847,0,0,-0.9323574830439564,27900.352941176472,0.6300218000622859,0.05189959294436906,0.3441295546558704,0.3420169825541752,0.5464721845318861
48005,129749879.87170254,-0.9635577197242249,2.6441290661928374,0.40555234737083506,0.10518371306727625,0,0.9950580279298505,87091.94117647059,0.6035502958579881,0.5406409834594562,0.5220595868369148,0.5554169553847864,0.7242198100407056
25007,167618392.29065344,-0.8866398932654977,1.6682050899916063,0.7730069388524288,0.27408009652240306,0,-1.6359721465494999,18134.41176470588,0.6359389598255994,0.5963590455447304,0.2301463718467767,0.48748145907236884,0.5807327001356852
18165,442905808.35447484,NA,0.6755442726981675,0.9792855204577088,NA,0,-2.824182308478656,15716.941176470587,0.747742136406104,NA,0.0709021073393543,NA,NA
20193,331087.8237089564,NA,1.070575605789207,0.9727189176988466,NA,0,3.3242283195208993,7852.117647058823,0.03955154157583307,NA,0.3659296169417627,NA,NA
48083,9531028.885432886,-0.6103171570553911,1.7798132153439796,0.5838514481823289,0.05424957758969634,0,0.055966068712904146,8342.35294117647,0.24696356275303644,0.5281751880060438,0.4074535451053669,0.39419743195481577,0.4460651289009498
13273,8968772.004421998,0.947594187507061,2.1908181894846894,0.5338777796397305,0.12302916327401538,0,0.23723326772461326,9033.470588235294,0.23917782622236064,0.8044080018925232,0.4336136198484377,0.4923998159877738,0.5379918588873813
20017,26993402.875736047,-0.8150003867659148,1.4617303766277252,0.7993775543687942,0.2428941478099909,0,-2.7150593293957224,2660,0.369043911554033,0.5977992846842486,0.18104432679331464,0.3826291743438654,0.45793758480325647
17069,780777.277485885,NA,1.9708335247233362,0.7751874963469281,NA,0,1.4380377214822535,3980.4117647058824,0.06633447524135783,NA,0.4219869199626285,NA,NA
46019,17228366.23669179,0.77893667540576494,2.774550664214057,0.4015319473038283,0.20580368005171884,0.005642305652009548,-0.21208829955995118,10333.411764705883,0.31018374338212396,0.8183893793919816,0.729471608014118,0.6193482435960745,0.8351424694708277
27143,31309349.12828117,2.9223668500628133,1.0391563566288562,0.9665871647640227,0,0,-0.24305225861903598,15023.35294117647,0.3892868265337901,0.4764246947082768,0.20543963458943215,0.3570503852771664,0.09226594301221167
18069,44124847.212348744,-0.7677393923037386,2.450765948485874,0.7083502118646969,0.015294225285087976,0,0.7680660022992802,36758,0.4409841170974774,0.409824284480313,0.40911450223191115,0.4199743012699005,0.4935549525101764
12125,2479666.516462864,-2.398951426323551,0.8308603201001125,0.9562896671088075,0,0,2.3348183686133708,15446.882352941177,0.12239177826222361,0.04816824966078698,0.35814388041108686,0.1762346361113658,0.015264586160108548
21153,1622874.9016573387,-2.9845927509294743,2.0735414808036428,0.7415500869122589,0,0,2.429584021433264,12427.70588235294,0.10152600436001245,0.02968113975576662,0.4745146890895879,0.20190727773512232,0.18724559023066487
40149,32039626.35306549,-4.2479986657173985,1.242445865681841,0.8400749194421007,0.1294931367553477,0,-0.7027535092329465,11258.35294117647,0.39302398006851447,0.431385951459681,0.252154053773487,0.35885466176722747,0.36024423337856176
39127,9960625.186591318,-0.9840131013235052,1.4854533030777641,0.9733507801165534,0.04659973048808863,0,2.2202306693218583,35888.82352941176,0.25101214574898784,0.4778174621518025,0.3417419287864632,0.35685717889575114,0.1590909090909091
38025,35135187.07329073,-0.8271357563396631,1.8055543733993973,0.8653279792044944,0.10146288498752846,0,-2.341497918050948,4052.4117647058824,0.4070383058237309,0.5500162468763851,0.15986712342987647,0.37230722537666416,0.46031207598371776
12049,2604880.737651934,0.7729378294000497,2.221059749632941,0.672665485605832,0,0,3.123221332579468,26866,0.1251946434132669,0.3741519674355495,0.515415758330738,0.3382541230598515,0.22388059701492538
08007,32391368.29160505,-0.0868268624848536,2.5406430459200915,0.443281171231723,6.727512090335693e-4,0.08246408073997928,-0.49712623290093777,12990.058823529413,0.39489255683587665,0.40337697103841336,0.7338316204712966,0.5107003827818621,0.7639077340569878
12129,50390002.5349903,0.29107055265619586,2.653783410850554,0.38627174965240996,0.033449268662400604,0,0.4510436844048275,32544.823529411766,0.4637184677670508,0.632785018249978,0.48925568358766736,0.528586389868232,0.6736770691994572
48185,12428246.372233037,-1.8769442398933727,1.4708353140374963,0.9699083493621468,0,0,1.6454778797330785,28415,0.27530364372469635,0.06919945725915876,0.3234714003944773,0.22265816712611083,0.06241519674355495
51145,6932226.078076633,0.6846704094225355,2.0298589030286096,0.7330072352506574,0.017866872419282746,0.29893674170720447,2.2778418004442362,29341.70588235294,0.21114917471192776,0.6310278857126284,0.80483753763106,0.5490048660185387,0.510854816824966
47119,259098970.88263574,-1.3350788498723887,1.0223742847529609,0.9637706838831717,0.012684409399608326,0.011098514115435068,0.3950591261078881,92525.76470588235,0.6863905325443787,0.3447290329188454,0.5524758642167549,0.5278651432266597,0.4223202170963365
54059,19867111.359935235,-3.025375568282975,2.364824179361006,0.3951587300807608,0.00698585515057156,0,0.9620169891515784,24662.470588235294,0.32793522267206476,0.24141974586894277,0.5223710162981418,0.36390866161304974,0.5230664857530529
01021,16805767.119173653,1.1608501488427692,1.8722716669063297,0.8835505867825245,0,0,2.0201886985773876,44427.64705882353,0.30800373715353474,0.41010854816824965,0.39510017647669465,0.37107082059949303,0.15943012211668928
02066,33899945.170619465,3.8469378180850757,1.8318318412906796,0.7304068888185248,0.02970834720247285,0,-2.9625812721301448,2625.6,0.40049828713796326,0.7942189217874918,0.20492058548738712,0.4665459314709473,0.4966078697421981
19089,9536410.289188432,-2.3477709828774618,1.3317145162837118,0.9545902152517557,0,0,0.23796487219429674,9411.823529411764,0.24727499221426347,0.0505427408412483,0.24737880203467247,0.18173217836339475,0.08005427408412483
31169,360806.9837464193,NA,1.4779243276614737,0.9031385333808486,NA,0,2.5763126581219673,5070.411764705882,0.04266583618810339,NA,0.40143257552164435,NA,NA
47027,76083676.8888565,0.31060472171117226,2.340007834663461,0.5935078354929737,0.050161376889122956,0,-2.142493481584944,7700.470588235294,0.5256929305512301,0.6714168953012312,0.28028651510432884,0.4924654469855967,0.6777476255088195
37015,10267775.645918582,-3.5756316111082143,0.6739126760533046,0.9384163966206713,0.21750199339944679,0,1.2520371743255934,19313.352941176472,0.25443786982248523,0.46641417162683574,0.3253399771618395,0.3487306728703868,0.16350067842605157
39119,54283693.262587845,-0.2820494890930547,2.2888621395614477,0.4375675603933689,0.009962072953863022,0,1.8495923852661498,86127.70588235294,0.47586421675490503,0.4511137834239261,0.5560053981106613,0.4943277994298308,0.5359565807327001
05015,44401392.457484156,0.6485631690079359,1.7602150111568624,0.6678505019391756,0.011168389796737049,0,0.34704649981383784,27947.058823529413,0.44222983494238555,0.5968893916281228,0.39644970414201186,0.47852297690417345,0.41044776119402987
54103,2859150.9743978735,-1.5455135446763126,1.5979735423709247,0.6985622123582864,0.6684939408481441,0,2.189631315351911,15418.470588235294,0.13329180940516974,0.5672760038394292,0.48479186131007995,0.3951198915182263,0.3337856173677069
28053,181935161.07156256,0.87387505067292,0.4551127274897342,0.9949402454378113,5.686354995241457e-4,0,-2.8727469905594103,8455.470588235294,0.6465275615073186,0.5301095179957382,0.050763002180006234,0.40913336056102106,0.21031207598371776
48149,10229586.572704274,-1.465500331863966,1.5235871842745712,0.8466146625911921,0.2429016831571198,0,1.639948201433017,24894.117647058825,0.25350358143880414,0.5414873165598497,0.3995639987542822,0.398184965584312,0.289348710990502
27043,53189431.60730256,3.5839476909282766,1.200652276132853,0.9424954484174543,0,0,-0.8712933879553098,14078.64705882353,0.47368421052631576,0.48388738127544095,0.18291290356067683,0.38016149845414454,0.16858887381275442
28143,46825020.42744791,0.016795556756587615,1.4991994770592956,0.6358696408969378,0,0,-1.2453652150591756,10107.764705882353,0.4515727187791965,0.2734056987788331,0.3028132461330842,0.34259722123037123,0.34972862957937584
30057,29107045.909681473,0.9668799118165872,2.0289241090504446,0.6233145327349272,0.06984075784927735,0,-1.0641372045800643,8322.117647058823,0.37807536592961694,0.7708877728319596,0.31952662721893493,0.48949658866017054,0.5620759837177748
48153,865931.3877662795,NA,1.7946233050208398,0.7487362463819174,NA,0,1.9171613992121384,5849.411764705882,0.07131734662099035,NA,0.45302605626492265,NA,NA
28125,14882756.199745135,-0.5032891636737968,1.7395249869082245,0.6807457696699296,0.5209310707157203,0,-1.3785840872090047,4340.411764705882,0.29554655870445345,0.6643873454733982,0.2787293677981937,0.41288775732534844,0.5132293080054274
45055,21772937.813756246,-2.1353107645696827,1.8436256281025765,0.8037648012040215,0.6085043170725494,0,2.3311063669208774,64739.82352941176,0.340080971659919,0.5388081681227674,0.44389079206892973,0.44092664395053877,0.37924016282225237
21001,1785005.3177177685,-1.0328330281946076,1.5056031425163328,0.7309359822203814,0.7526547330393176,0,2.981014341971079,19052.117647058825,0.10744316412332607,0.6130124337322316,0.4908128308938025,0.4037561429164534,0.28799185888738127
31031,7547720.95554111,-0.5320723626988073,1.3873270914014382,0.72425591550577,0.22404029091378141,0,-0.2938490124311697,5675,0.21675490501401432,0.6297348201604476,0.3311533271047441,0.39254768409306867,0.3710990502035278
45011,10475536.105819384,2.3505633724608614,2.536685832623818,0.8650934410412878,0.0054448128629482504,0,1.3980454347757212,21552.70588235294,0.2569293055123015,0.6659732853314045,0.37620678916225475,0.4330364600019869,0.3273405698778833
29139,6775406.395624983,6.324739223955735,1.533328546405945,0.9264982461982962,0.027661521190898774,0.011333939419642133,0.9095923729313542,11703.35294117647,0.2086577390221115,0.8004055374430453,0.6159036644866605,0.5416556469839391,0.3616010854816825
30061,20238757.96068373,-0.15447314338808482,2.044987772000736,0.2931939089757405,0.017930827425723574,0,-1.6527290166425082,4436.823529411765,0.3294923699781999,0.5077161333068669,0.3776601266479809,0.4049562099776826,0.6116010854816825
45081,27736305.347081326,2.4521313290579663,0.18549575434751683,0.9773763727215626,0.935362754039426,0,0.2935306468563513,19768.117647058825,0.3727810650887574,0.9599309428445312,0.23346828609986506,0.5220600980110512,0.1926729986431479
01119,4541302.544507833,-1.9391364702840264,1.2100706327743653,0.8606650994257898,0,0,1.4502781469398245,12842.64705882353,0.17408906882591094,0.06580732700135686,0.38212394892556834,0.20734011491761203,0.06886024423337857
20195,359814.38740579673,NA,1.335645041306583,0.948008133880079,NA,0,1.7166204109260208,2867.9411764705883,0.04204297726564933,NA,0.3417419287864632,NA,NA
47033,5138869.999678653,-2.694539936403073,2.4128644787411027,0.6141495408926326,0.4318697694498563,0,1.4940005541767607,14344.058823529413,0.18592338835253816,0.5096069570167019,0.4894633032284854,0.3949978828659085,0.5098371777476255
26023,16448042.67835534,0.8555466487388568,0.3946490417432524,0.9535342441380006,0.3437975470850276,0,2.043074403983548,44467.882352941175,0.30520087200249146,0.8438881381034343,0.35066957334163806,0.49991952781585464,0.14314789687924015
40139,2503328.4499479723,0.2014876896571529,0.768008940632535,0.9522156560670942,0.06155159789523979,0,2.7816612383548476,20882.58823529412,0.12301463718467767,0.6719913141525022,0.3719505865254853,0.3889855126208884,0.07360922659430122
01067,15383907.5889273,0.21767371998208063,1.7956814784754038,0.7643887493944208,0.008892875679675375,0,0.6821612973117515,17312.117647058825,0.2989722827779508,0.5305808360275504,0.37921727395411603,0.40292346425320574,0.31919945725915877
31161,4521553.067197152,2.2458542685794907,1.023699896610388,0.8946110904968132,0,0,0.09324465550824397,5224.117647058823,0.17222049205854875,0.46302578018995927,0.2766531713900135,0.3039664812128405,0.06818181818181818
54005,7202019.268331591,-3.666139119869664,0.8437348553382433,0.9635282614944441,0,0,1.858309542387085,22806.529411764706,0.21332918094051698,0.019504748982360924,0.3366552475864217,0.1898297258364332,0.023405698778833108
55001,240340806.07030904,2.7934191448411276,0.8232453129908488,0.9109758012846372,0.005961745999653966,0,-1.8011466486395653,20630.647058823528,0.6754905014014326,0.6781276256719682,0.155507110972698,0.5030417460153662,0.3147896879240163
20073,10835087.838365419,-0.5570383881699783,1.886055769044022,0.6683114999545153,0.06418793274965257,0,-0.5142870182828322,6229.529411764706,0.25973217066334475,0.5515133614130114,0.3359285788435586,0.3823913703066382,0.4569199457259159
19161,4252413.665593876,0.31186975524199667,1.5155407186227425,0.777791930109264,0,0,1.129218990460807,9946.470588235294,0.16474618498909996,0.3202170963364993,0.40402782103186957,0.2963303674524896,0.1414518317503392
72051,744624964.3495239,-2.732282872518386,0.5320586318746923,0.9863231883054498,0.008156005379504998,0,-2.0274469514178493,37502.4,0.7907194020554345,0.25674449305666963,0.08917263573134017,0.37887884361448143,0.28426051560379917
72019,231914348.22775167,-2.289547632993175,0.8539904499601332,0.9977774472816164,1,0,-1.2397503528105882,29198.5,0.6705076300218,0.5470669969518412,0.10723554448250805,0.44160339048538316,0.34294436906377207
13167,1258790.5907365647,NA,2.168762837288873,0.6160613206473076,NA,0,2.302239992459996,9659.470588235294,0.08688881968234195,NA,0.5193605315062805,NA,NA
48067,2669992.607673001,-1.2496832011571328,1.566147004447069,0.7511074200663106,0,0,3.2499601443388837,29693,0.1270632201806291,0.10854816824966079,0.485310910412125,0.24030743294747162,0.11533242876526459
21137,21409441.104551584,4.338796067990172,0.5321702191332585,0.9900303763487913,0.999132383592779,0,0.8792660444253488,24532.70588235294,0.33821239489255683,0.9858416516434044,0.2596283608429358,0.5278941357929656,0.16417910447761194
20077,6846839.605371416,-0.39171228683922976,1.5664856377528413,0.9750480165921706,0.0473673146623417,0,-0.1954338491469165,5678.588235294118,0.20959202740579258,0.551228417939452,0.2026367694383889,0.32115240492787783,0.216078697421981
27133,246416.78699814793,NA,2.0844954317770585,0.7683370384868402,NA,0,3.9117548074554813,9524.058823529413,0.030520087200249145,NA,0.48666043807744214,NA,NA
26123,3390530.8864747975,2.42884368141263,2.308179288971756,0.6260189719026449,0.04794297082621334,0,3.7706665688885037,49047.94117647059,0.14730613516038618,0.816302550827571,0.5425101214574899,0.5020396024818157,0.3917910447761194
72091,30927316.184649855,4.368741104361012,1.0120428505295267,0.8899696455117563,0.0012371993178581762,0,1.282539629999311,40832.1,0.3871068203052009,0.6485055139677818,0.35824769023149594,0.4646200081681595,0.14993215739484397
08053,4162058.3601293624,-1.0125901741747114,1.8328749929155597,0.7165870675909947,0.038338468062155566,0,-2.6738655307354917,794.7647058823529,0.16350046714419184,0.4582366904772911,0.21810443267933147,0.27994719676693813,0.4297829036635007
72011,36032100.77890779,NA,0.6171372417657253,0.9771855785777146,0,0,0.5523416182741313,27881.3,0.41077545935845533,NA,0.2513235752102149,NA,NA
13229,8339804.220420761,-5.310721362878391,1.4307198103828367,0.8921029394024199,1,0,1.4610585162526644,19326.764705882353,0.22765493615696045,0.5007644189328454,0.3659296169417627,0.3647829906771895,0.26594301221166894
28039,4797144.340420645,-0.6637062473357265,1.9316370035127803,0.7249401745235099,0.12400843653474848,0,2.3301832882920874,23815.70588235294,0.17844908128308937,0.5805117698082732,0.4785632720855393,0.41250804105896727,0.35278154681139756
48109,16586902.414207347,-0.6672238916917195,0.7937208663853814,0.9964193344327616,0,0,-2.4668674675764364,2271.764705882353,0.3064465898473996,0.16350067842605157,0.059586836914772144,0.17651136839607443,0.07496607869742199
48415,781493.0572798748,NA,1.0730549705757122,0.9313235661846062,NA,0,3.622793335460424,16869.058823529413,0.0669573341638119,NA,0.4003944773175543,NA,NA
48133,7043118.634926826,-1.3123708940662997,1.8980574706668825,0.8117428122603786,0.04218576848310317,0,1.5450189652564097,18270.941176470587,0.21208346309560885,0.43878689083277367,0.41077545935845533,0.3538819377622793,0.3046132971506106
39163,714814.4303505719,1.3018359207703796,1.7548453859200563,0.9080364362754745,0,0,3.3245639582331834,13059.470588235294,0.06446589847399564,0.41926729986431477,0.4125402263054085,0.298757808214573,0.059023066485753055
19095,1534147.5658086205,-2.6761082674755166,0.9131875956721797,0.9389677943581657,0,0,2.8993924733060132,16333,0.09747742136406104,0.03883989145183175,0.38316204712965846,0.17315978664851708,0.01729986431478969
31003,93324234.29576369,0.6880679473141171,0.20605179170326965,0.991599621293574,0,0,-2.61819884790055,6436.117647058823,0.5574587355963874,0.3658412483039349,0.06238970206581543,0.3285632286553792,0.12245590230664857
31105,46637179.14342745,-0.08356605369190007,1.382620370289981,0.873612305882204,0.3518393016461337,0,-2.799712130417274,3609.8823529411766,0.4503270009342884,0.7176826515989918,0.1426346932419807,0.4368814485917536,0.4396200814111262
29093,3709262.69658133,1.4869049407993433,1.430004743701867,0.7677358582901853,0,0,1.2918127835928963,10118.411764705883,0.1563375895359701,0.4296132971506106,0.417107858403405,0.33435291502999526,0.12415196743554953
18087,1328506.0173724762,NA,2.1456181785136947,0.7790711073954718,0.8963000311113224,0,4.3608852633293544,39006.23529411765,0.0903145437558393,NA,0.4868680577182602,NA,NA
17187,396573.61938486167,NA,1.860815657552022,0.6828708910685864,0.5325458501709668,0,4.328424496605797,17175.941176470587,0.04515727187791965,NA,0.5256929305512301,NA,NA
28157,539205.8420657903,1.2162886522308831,0.9733446352029445,0.9972904267675118,0,0,3.0397635646760293,8980.64705882353,0.05356586733104952,0.41299185888738127,0.3319838056680162,0.2661805106288157,0.007462686567164179
72055,126199129.52327815,2.073378515596259,0.094420397395408,0.9955032103537196,0,0,-1.4106746551661375,17446.5,0.5985674244783556,0.457089552238806,0.10131838471919442,0.3856584538121188,0.10006784260515604
40151,4486532.440261829,1.6472146782456,0.4900175895306075,0.9830892614157798,0,0,0.8966308642796178,8837.058823529413,0.1709747742136406,0.43843283582089554,0.2696979134226098,0.2930351744857153,0.015603799185888738
48495,2879812.79,NA,-0,1,0,0,1.0956266060872961,7519.529411764706,0.1339146683276238,NA,0.24187688155299492,NA,NA
54085,1378134.926394745,0.3703355759128719,1.1197845525725585,0.9542853486336537,0,0,2.19910096955703,9579.64705882353,0.09249454998442852,0.3276797829036635,0.3559638741824977,0.2587127356901966,0.020691994572591587
13239,111204.10669884301,NA,0.8130839130863787,0.9999999999999999,NA,0,2.5864213730768744,2345.4117647058824,0.016817190906259733,NA,0.3128827987127582,NA,NA
31007,9387344.282757044,-2.766226857099806,0.836023303011119,0.9845962016787886,0,0,-3.7020649554459215,689.5882352941177,0.24478355652444722,0.03578697421981004,0.050970621820824256,0.11051371752169382,0.0844640434192673
13019,1011603.6574121234,NA,1.8079000107019556,0.8459553400624883,NA,0,3.5363796576992796,18895.176470588234,0.07879165369043911,NA,0.4478355652444721,NA,NA
46137,1170378.4562345515,3.1030786878294325,0.9596713433576441,0.9644721545986763,0,0,0.4337790449698004,2678.6470588235293,0.0834630956088446,0.47947761194029853,0.25381501090003117,0.2722519061497248,0.027476255088195387
05099,202460.51378293076,NA,0.541663140332833,1,NA,0,3.941302097371919,8529.470588235294,0.026471504204297728,NA,0.32305616111284124,NA,NA
72065,892706.6646588832,1.6964487995297297,0.6950443261397239,0.946246047785216,0,0,4.828614181675824,40857.4,0.0728744939271255,0.44114654002713705,0.40049828713796326,0.3048397736974086,0.009158751696065129
20023,67910.16846578592,NA,1.3401335693893244,0.9787294134450936,NA,0,3.2767486264994603,2671.705882352941,0.010277172220492058,NA,0.359078168794768,NA,NA
20069,743123.3118911936,NA,1.2807233991228737,0.9696692611289077,0,0,2.0869965073514067,5915.058823529412,0.0650887573964497,NA,0.3403924011211461,NA,NA
48239,286212.524853921,NA,0.36050489543271985,1,0,0,4.417311160192777,14684.058823529413,0.03488009965742759,NA,0.32762379321083773,NA,NA
48023,3747.673302616017,NA,-0,1,NA,0,6.618191588494216,3583.470588235294,0.0012457178449081284,NA,0.3336447627945604,NA,NA
31103,119266.12825008333,NA,-0,1,NA,0,0.8943661762867372,803.1176470588235,0.017440049828713795,NA,0.2282777950794145,NA,NA
