fips,lq_fam,place_total,H,H_norm,n_cat,total,typology
55025,0.6893231599507811,10402932416.330097,2.8496554207854303,0.562183720011369,159,10402932416.330097,"High-LQ (A), high-diversity — ""Diversified specialist"""
51153,0.734042405941969,54797868485.69892,3.1253504627055024,0.6128298666125847,164,54797868485.69892,"High-LQ (A), high-diversity — ""Diversified specialist"""
51059,1.0667246277522742,616240126143.6971,2.8309864702278484,0.5481323881611386,175,616240126143.6971,"High-LQ (A), high-diversity — ""Diversified specialist"""
23023,0.29407817058209484,32729544571.8877,0.31164139514384787,0.06604672452921688,112,32729544571.8877,"High-LQ (A), low-diversity — ""Dependent"""
17031,1.123036159911024,78562748471.73851,3.3369757497177424,0.6475425829348885,173,78562748471.73851,"High-LQ (A), high-diversity — ""Diversified specialist"""
34023,1.1122827027701094,9193450535.849201,3.2258746990994527,0.6396198266685009,155,9193450535.849201,"High-LQ (A), high-diversity — ""Diversified specialist"""
37081,0.6102590306252328,4701020607.320489,3.009790758178506,0.6244014415371024,124,4701020607.320489,"High-LQ (A), high-diversity — ""Diversified specialist"""
35028,0.0029455875111940003,65510165439.10161,0.10740329828379322,0.023809940905636144,91,65510165439.10161,"Low-LQ, low-diversity"
25027,1.0742053586488334,3810746410.2933946,3.603745421329381,0.7173230745388681,152,3810746410.2933946,"High-LQ (A), high-diversity — ""Diversified specialist"""
42027,8.950638873797228,5532836899.779796,1.6407598918708932,0.34038673250510554,124,5532836899.779796,"High-LQ (A), low-diversity — ""Dependent"""
29161,2.8733848249838965,189610587.80703318,2.8774360377694923,0.645983765161209,86,189610587.80703318,"High-LQ (A), high-diversity — ""Diversified specialist"""
08123,0.3649584258641099,638637316.5710068,2.740258742081133,0.5754218093668828,117,638637316.5710068,"High-LQ (A), high-diversity — ""Diversified specialist"""
28075,0.005036782449548266,762501981.4005574,2.9634664700665225,0.6190018968773053,120,762501981.4005574,"Low-LQ, high-diversity"
20177,0.04171109743311465,1220586630.7421026,3.3951383690573516,0.6986151082725378,129,1220586630.7421026,"Low-LQ, high-diversity"
48121,0.10224604233939717,3864564935.8371816,2.7848728913079768,0.559578437474028,145,3864564935.8371816,"High-LQ (A), high-diversity — ""Diversified specialist"""
16013,0.5879591202592879,51402418.44031504,2.5197299538219267,0.6058669847930451,64,51402418.44031504,"High-LQ (A), high-diversity — ""Diversified specialist"""
04005,0.3663931432547968,2314695501.1464677,3.14326166608864,0.6315912863282548,145,2314695501.1464677,"High-LQ (A), high-diversity — ""Diversified specialist"""
08041,2.631354871634629,61377793491.59253,2.802493916283306,0.547576651906882,167,61377793491.59253,"High-LQ (A), high-diversity — ""Diversified specialist"""
26065,0.5505583664081272,8572928544.006311,2.0774832174456694,0.4288610617977684,127,8572928544.006311,"High-LQ (A), low-diversity — ""Dependent"""
08013,3.8662311586164155,13495085152.358843,2.8782534463848783,0.5736681110081463,151,13495085152.358843,"High-LQ (A), high-diversity — ""Diversified specialist"""
13135,0.07651888917182334,8468602204.365434,3.029423581118622,0.6030047029478944,152,8468602204.365434,"Low-LQ, high-diversity"
25005,0.7625618099748466,24009096137.420067,1.716582616232216,0.34994627085471486,135,24009096137.420067,"High-LQ (A), low-diversity — ""Dependent"""
42029,0.13590994369615805,41221323048.132126,0.7601900282599773,0.15092260901873605,154,41221323048.132126,"High-LQ (A), low-diversity — ""Dependent"""
37021,0.4206288557745975,2934665870.1622777,3.3852665549591325,0.6783513244779209,147,2934665870.1622777,"High-LQ (A), high-diversity — ""Diversified specialist"""
22051,0.010680561302421584,13496353303.52148,2.2928633708334076,0.4607165039370198,145,13496353303.52148,"Low-LQ, high-diversity"
53041,0.003981810845264715,215456125.8207849,2.0808086693235093,0.4696219148276938,84,215456125.8207849,"Low-LQ, low-diversity"
33013,0.541345546478626,852563391.5928582,3.0880810999714874,0.6314643431387048,133,852563391.5928582,"High-LQ (A), high-diversity — ""Diversified specialist"""
23025,0.02848827166573034,103652676.88150905,2.024551522078446,0.498603604784001,58,103652676.88150905,"Low-LQ, low-diversity"
50011,0.0015798640639677756,697514589.4880781,1.770359099531492,0.39849157571059746,85,697514589.4880781,"Low-LQ, low-diversity"
08069,0.519157525023622,7226820413.024991,2.8222903022729766,0.5588853025158177,156,7226820413.024991,"High-LQ (A), high-diversity — ""Diversified specialist"""
26085,0.09422091932369085,108739238.58057587,0.7160628436541789,0.19685110186037222,38,108739238.58057587,"High-LQ (A), low-diversity — ""Dependent"""
18097,0.2594628222830761,44846179565.03804,3.065994981046031,0.603375516062754,161,44846179565.03804,"High-LQ (A), high-diversity — ""Diversified specialist"""
42081,1.3829213331162258,721052693.7397697,2.645309110700852,0.5616927798793442,111,721052693.7397697,"High-LQ (A), high-diversity — ""Diversified specialist"""
09011,0.38347501861599026,135296652942.32462,0.503087059102341,0.10000860103310558,153,135296652942.32462,"High-LQ (A), low-diversity — ""Dependent"""
56023,0.0037711976218343813,40227689.657794535,2.5166436170222433,0.600680431200641,66,40227689.657794535,"Low-LQ, high-diversity"
31109,0.23889278659750038,4179295877.574494,1.98042093709277,0.39738709080009593,146,4179295877.574494,"High-LQ (A), low-diversity — ""Dependent"""
51199,0.12035207156435689,3425932831.6318693,2.9390689293255137,0.5964923093323015,138,3425932831.6318693,"High-LQ (A), high-diversity — ""Diversified specialist"""
51700,0.03639115106666516,79876251799.84323,1.4120201844520754,0.2785651746650876,159,79876251799.84323,"Low-LQ, low-diversity"
19113,0.8061351441430363,29268327597.89997,2.3233201242452037,0.47363710070994663,135,29268327597.89997,"High-LQ (A), high-diversity — ""Diversified specialist"""
41057,0.2653520051733095,254565710.77828008,1.610551434894024,0.3741930942069107,74,254565710.77828008,"High-LQ (A), low-diversity — ""Dependent"""
51041,0.3559526951213945,3111706782.1302485,2.676644748560149,0.5424377116654346,139,3111706782.1302485,"High-LQ (A), high-diversity — ""Diversified specialist"""
36071,0.05246585715749759,7350273808.067331,2.6495861022713725,0.5294993072014493,149,7350273808.067331,"Low-LQ, high-diversity"
41035,0.01936971026491634,861235309.1101078,2.3848916906161612,0.49073739728630794,129,861235309.1101078,"Low-LQ, high-diversity"
04013,0.7189132519812873,152350583010.6915,3.1145495885300947,0.607136663238545,169,152350583010.6915,"High-LQ (A), high-diversity — ""Diversified specialist"""
23005,0.08439200937976885,7994258783.656637,0.8860591812462473,0.1800940277216841,137,7994258783.656637,"High-LQ (A), low-diversity — ""Dependent"""
20103,0.39412275590688395,10213996551.859808,2.8094212831370484,0.5718743425869858,136,10213996551.859808,"High-LQ (A), high-diversity — ""Diversified specialist"""
06071,0.21048551668257434,26144527447.27811,3.455586931593705,0.6767770923636366,165,26144527447.27811,"High-LQ (A), high-diversity — ""Diversified specialist"""
48113,0.20647906852699707,169394092657.7623,1.9790379954051143,0.38490227407085503,171,169394092657.7623,"High-LQ (A), low-diversity — ""Dependent"""
22061,5.940493326833034,15689863.397748815,2.0863324278469433,0.561812828826695,41,15689863.397748815,"High-LQ (A), low-diversity — ""Dependent"""
06097,0.6269835227655138,2643322462.4433537,3.568891316488051,0.7122632374966646,150,2643322462.4433537,"High-LQ (A), high-diversity — ""Diversified specialist"""
12086,0.2646814767620026,19539211741.327335,3.6499674102704804,0.7106913277474405,170,19539211741.327335,"High-LQ (A), high-diversity — ""Diversified specialist"""
18101,1.368180626329399,9124994763.177422,1.7895045835767869,0.36536609131125974,134,9124994763.177422,"High-LQ (A), low-diversity — ""Dependent"""
40017,0.051544143362175145,942528250.8777887,2.8407667634261444,0.5883558770175011,125,942528250.8777887,"Low-LQ, high-diversity"
40071,0.23363554902570627,1153118595.9353793,0.7952951494030478,0.19051781686343894,65,1153118595.9353793,"High-LQ (A), low-diversity — ""Dependent"""
55059,0.0022383154990878,1499368689.3000345,1.6757038382813274,0.3630899414579609,101,1499368689.3000345,"Low-LQ, low-diversity"
27123,0.743061887335268,3574561999.8514338,3.2653595811135556,0.6534362364906998,148,3574561999.8514338,"High-LQ (A), high-diversity — ""Diversified specialist"""
37171,6.1426763897000125,20055252.904482804,2.2415125720680145,0.5923362169741706,44,20055252.904482804,"High-LQ (A), high-diversity — ""Diversified specialist"""
12033,0.10046211865446936,11967683637.406021,3.071351214838081,0.6089812267727694,155,11967683637.406021,"High-LQ (A), high-diversity — ""Diversified specialist"""
24015,1.9583261259256186,1610832300.2797165,2.958876683927536,0.606924497157518,131,1610832300.2797165,"High-LQ (A), high-diversity — ""Diversified specialist"""
18039,0.013642903720726728,932666050.9195565,3.1703809421104006,0.6869551792940639,101,932666050.9195565,"Low-LQ, high-diversity"
06113,0.07314734471403217,26512570144.580616,0.3723502661515441,0.07613981259594434,133,26512570144.580616,"Low-LQ, low-diversity"
04027,2.114604581903283,10607980238.897335,2.4003586055859145,0.4823160590500935,145,10607980238.897335,"High-LQ (A), high-diversity — ""Diversified specialist"""
39093,0.7668908186860335,565140088.2508346,3.1818441000308817,0.6669575439368434,118,565140088.2508346,"High-LQ (A), high-diversity — ""Diversified specialist"""
02290,0.0027453154420427153,342431326.0546153,1.86081610058256,0.44414545234878533,66,342431326.0546153,"Low-LQ, low-diversity"
50003,1.5826537947695412,73472385.45684746,2.3209186475672383,0.5426934399314807,72,73472385.45684746,"High-LQ (A), high-diversity — ""Diversified specialist"""
41039,0.1291733707896498,1595263539.9810767,2.9332267687924998,0.5902086440637011,144,1595263539.9810767,"High-LQ (A), high-diversity — ""Diversified specialist"""
36023,1.5538802344309939,49323320.31205205,3.198790313875532,0.7432021227853192,74,49323320.31205205,"High-LQ (A), high-diversity — ""Diversified specialist"""
17167,0.27864466056294285,779155431.5024296,3.5419059494596876,0.7220606611129002,135,779155431.5024296,"High-LQ (A), high-diversity — ""Diversified specialist"""
39035,1.3140924272249437,14762643907.724026,3.8296016112955447,0.7491413848871352,166,14762643907.724026,"High-LQ (A), high-diversity — ""Diversified specialist"""
19057,0.013278952129372676,4061592658.3559856,1.1361826586530457,0.2711876583184762,66,4061592658.3559856,"Low-LQ, low-diversity"
26125,0.30310509586314155,16203636068.53511,2.4163375561906286,0.4755255403095669,161,16203636068.53511,"High-LQ (A), high-diversity — ""Diversified specialist"""
72005,0.015680960663912932,712772814.4670738,2.2641299039465714,0.4938159135216078,98,712772814.4670738,"Low-LQ, high-diversity"
46127,5.549448094846539e-4,3764513845.919255,1.314726031183423,0.2836683729560678,103,3764513845.919255,"Low-LQ, low-diversity"
26115,0.02023086385953215,72962396.04893081,2.737227699265063,0.6010763497611846,95,72962396.04893081,"Low-LQ, high-diversity"
34001,1.2109255062460889,5369947484.678227,2.765230771860721,0.5556316481813177,145,5369947484.678227,"High-LQ (A), high-diversity — ""Diversified specialist"""
15001,0.037528596402524185,1327875283.1940649,2.773312206132797,0.565373466604386,135,1327875283.1940649,"Low-LQ, high-diversity"
05119,0.08797073863174602,7386700005.908519,3.3716414843466724,0.6693812212429862,154,7386700005.908519,"High-LQ (A), high-diversity — ""Diversified specialist"""
13185,0.01520004785463544,2095957975.022964,2.4870880290875803,0.5280968425246622,111,2095957975.022964,"Low-LQ, high-diversity"
47149,3.770485008850805e-4,14437011338.294306,0.7351524575162817,0.1520077761512626,126,14437011338.294306,"Low-LQ, low-diversity"
06013,1.6223302403292772,12442328228.22871,2.6222479937286525,0.5173204876470305,159,12442328228.22871,"High-LQ (A), high-diversity — ""Diversified specialist"""
30031,2.4304184262319297,948526692.4538324,3.0272589984133895,0.617143612773738,135,948526692.4538324,"High-LQ (A), high-diversity — ""Diversified specialist"""
51810,0.09238717138999708,63044644559.70637,2.2426032747574527,0.4413353304867934,161,63044644559.70637,"High-LQ (A), high-diversity — ""Diversified specialist"""
32019,3.023130732843617,253549040.87808093,2.5241149578689592,0.5883087796288201,73,253549040.87808093,"High-LQ (A), high-diversity — ""Diversified specialist"""
47001,0.009982198361604662,102532572548.1811,0.9799192836640347,0.19976847942776962,135,102532572548.1811,"Low-LQ, low-diversity"
18139,0.6705895071302973,29611526.569521166,0.44018313897346284,0.19116910828302713,10,29611526.569521166,"High-LQ (A), low-diversity — ""Dependent"""
48303,1.1373432999217572,506240049.83894396,3.3177636808954603,0.6930066638543139,120,506240049.83894396,"High-LQ (A), high-diversity — ""Diversified specialist"""
53073,0.005970940218671813,6120344168.068663,0.9022455208684549,0.18284533125419158,139,6120344168.068663,"Low-LQ, low-diversity"
10005,0.01640950899348327,587412490.3845183,2.7678468377133276,0.5888433994653477,110,587412490.3845183,"Low-LQ, high-diversity"
48141,0.07545018488519559,31608280313.44152,2.9835303971676095,0.5864322168223537,162,31608280313.44152,"Low-LQ, high-diversity"
48439,1.0777998525154362,443671030652.08496,1.4770131458351614,0.28859221014526876,167,443671030652.08496,"High-LQ (A), low-diversity — ""Dependent"""
51590,0.5464214769782394,429085573.13488746,2.265142708426601,0.5555173286788768,59,429085573.13488746,"High-LQ (A), high-diversity — ""Diversified specialist"""
40065,0.02671254121039478,1397194592.966801,2.8003454075600773,0.5819281226068815,123,1397194592.966801,"Low-LQ, high-diversity"
36103,0.20619815243346132,37275518786.30636,2.7721093807980983,0.5429179365443563,165,37275518786.30636,"High-LQ (A), high-diversity — ""Diversified specialist"""
48061,0.0797876050813262,2648451967.950333,2.703035813935462,0.5518832637120049,134,2648451967.950333,"Low-LQ, high-diversity"
55071,0.0527830486384333,201980268.8877611,1.5400275150935707,0.3514418426642408,80,201980268.8877611,"Low-LQ, low-diversity"
27007,0.4800114683168903,168813887.08600697,3.3224149227693887,0.7198977601224937,101,168813887.08600697,"High-LQ (A), high-diversity — ""Diversified specialist"""
04015,0.1019592135420253,350675941.89740175,3.0299667375545845,0.6362570496248082,117,350675941.89740175,"High-LQ (A), high-diversity — ""Diversified specialist"""
18081,0.059750945811578665,1371602780.9917538,2.8917796280464425,0.6009286873679316,123,1371602780.9917538,"Low-LQ, high-diversity"
51043,0.09514896446396633,1148552135.8894763,2.1356670636439654,0.45983792278096036,104,1148552135.8894763,"High-LQ (A), low-diversity — ""Dependent"""
72059,0.06689969109798581,8464506.652017782,0.6887268537802909,0.27716407529395504,12,8464506.652017782,"Low-LQ, low-diversity"
56025,0.06641555820329337,396270206.9210241,3.2401466134223207,0.6677919215625073,128,396270206.9210241,"Low-LQ, high-diversity"
37107,0.1927785871572166,439257009.7648436,1.552750057462306,0.36928979072130513,67,439257009.7648436,"High-LQ (A), low-diversity — ""Dependent"""
53061,0.5806613611245529,6543755392.064842,2.7769188728660517,0.5485168880288078,158,6543755392.064842,"High-LQ (A), high-diversity — ""Diversified specialist"""
28121,0.1232738017939791,297655712.5838053,3.419770968972659,0.7143137059460296,120,297655712.5838053,"High-LQ (A), high-diversity — ""Diversified specialist"""
28105,8.919086824917839,464582738.0985012,2.0567697025098965,0.4537726542168046,93,464582738.0985012,"High-LQ (A), low-diversity — ""Dependent"""
06017,0.35571513830791435,1034691590.6715499,2.7657925966301335,0.5718840733115028,126,1034691590.6715499,"High-LQ (A), high-diversity — ""Diversified specialist"""
30049,0.029126803049767558,1079695145.007791,3.31508769336319,0.669882509314846,141,1079695145.007791,"Low-LQ, high-diversity"
08077,0.0387057684300479,2481738553.2451677,2.281793375203599,0.4624187717120857,139,2481738553.2451677,"Low-LQ, high-diversity"
05013,0.00454648964489864,3441885332.3082633,0.3189746884858199,0.11778758324199205,15,3441885332.3082633,"Low-LQ, low-diversity"
54107,0.010012935073228027,1080179157.1648939,2.5410046771550032,0.5365072230063265,114,1080179157.1648939,"Low-LQ, high-diversity"
36089,0.2519675865704189,563750864.0415075,2.928935537397362,0.6128604003681914,119,563750864.0415075,"High-LQ (A), high-diversity — ""Diversified specialist"""
36043,0.2532551960655988,217422498.11290863,1.4951429848821014,0.355589128676585,67,217422498.11290863,"High-LQ (A), low-diversity — ""Dependent"""
26163,0.18811086904906615,25021132909.14859,1.652633107971188,0.3264399181032391,158,25021132909.14859,"High-LQ (A), low-diversity — ""Dependent"""
27145,0.0010216525844764352,1463050455.5635898,2.182654615607806,0.45670605054542157,119,1463050455.5635898,"Low-LQ, low-diversity"
40023,0.013085749351683613,107574926.37597063,1.8823865497784165,0.5431419480802815,32,107574926.37597063,"Low-LQ, low-diversity"
72097,0.041777059660591524,1574662683.1167274,0.49920317211039517,0.11958717287935665,65,1574662683.1167274,"Low-LQ, low-diversity"
21107,0.0912432658454978,53058594.417086676,1.8194683377709597,0.45612324254294123,54,53058594.417086676,"High-LQ (A), low-diversity — ""Dependent"""
22073,0.018012785885113985,1233073386.2988896,1.2940338737617059,0.2890186571573606,88,1233073386.2988896,"Low-LQ, low-diversity"
21081,0.22439416608711632,3883057.822533475,1.9557278639125402,0.5933934061134357,27,3883057.822533475,"High-LQ (A), low-diversity — ""Dependent"""
53045,0.062272314718708116,73129843.49926977,2.247367199750356,0.5143366566284745,79,73129843.49926977,"Low-LQ, high-diversity"
48021,0.05068034140572188,812302786.7413408,1.5708455095024916,0.3490915448846526,90,812302786.7413408,"Low-LQ, low-diversity"
17077,0.31480620334067166,171721899.6786912,1.69059143299813,0.3915682889080204,75,171721899.6786912,"High-LQ (A), low-diversity — ""Dependent"""
22063,0.07584727431173309,37005064.92572044,2.504005973197854,0.6468292310686816,48,37005064.92572044,"Low-LQ, high-diversity"
02050,0.19592258749377273,214684781.14021507,2.1573070973828474,0.5060917450081223,71,214684781.14021507,"High-LQ (A), low-diversity — ""Dependent"""
13139,0.010330513874011618,2897674499.3321176,1.8231031540992926,0.3801465340835571,121,2897674499.3321176,"Low-LQ, low-diversity"
09110,2.114523529224569,1697190210.1430235,1.4471733900195887,0.3302520752768747,80,1697190210.1430235,"High-LQ (A), low-diversity — ""Dependent"""
06083,2.004874216005671,14261511646.680836,3.2538529579062607,0.6443456908939686,156,14261511646.680836,"High-LQ (A), high-diversity — ""Diversified specialist"""
42101,0.6386427657340688,24407986940.78009,3.398791393399119,0.6617844206812777,170,24407986940.78009,"High-LQ (A), high-diversity — ""Diversified specialist"""
06067,0.1418417270558371,86298153739.63695,1.3057246724433167,0.25603115119240283,164,86298153739.63695,"High-LQ (A), low-diversity — ""Dependent"""
49035,1.0403945556278542,19152318073.840427,3.4493245411561815,0.6731750174320883,168,19152318073.840427,"High-LQ (A), high-diversity — ""Diversified specialist"""
01089,3.4284053525038845,186584557478.965,2.697256998136991,0.5276336935468569,166,186584557478.965,"High-LQ (A), high-diversity — ""Diversified specialist"""
16005,0.14717114815272317,513189670.27192134,2.4785281163147563,0.5382055420787798,100,513189670.27192134,"High-LQ (A), high-diversity — ""Diversified specialist"""
42119,0.027140903833327616,450436425.01887685,2.4475711565174167,0.5280936949567648,103,450436425.01887685,"Low-LQ, high-diversity"
54081,0.11184481080061709,733033602.7900543,3.1067825332083716,0.6413423919759522,127,733033602.7900543,"High-LQ (A), high-diversity — ""Diversified specialist"""
20045,1.8472469676828391,595819049.5962454,3.4917917513499503,0.7185034031799404,129,595819049.5962454,"High-LQ (A), high-diversity — ""Diversified specialist"""
39165,1.2049606714902228,1005066201.7774117,3.2586475666792976,0.6842773093330301,117,1005066201.7774117,"High-LQ (A), high-diversity — ""Diversified specialist"""
37183,1.889598800652053,6427396657.193777,3.481207796592369,0.6867771924092715,159,6427396657.193777,"High-LQ (A), high-diversity — ""Diversified specialist"""
12001,2.1764554562882368,3671283236.442301,3.174439313624312,0.6378559669700823,145,3671283236.442301,"High-LQ (A), high-diversity — ""Diversified specialist"""
51179,0.3675715769139257,10004450898.149757,2.9424359275414065,0.5880230817115961,149,10004450898.149757,"High-LQ (A), high-diversity — ""Diversified specialist"""
06073,0.9959512568071899,254932206651.11774,3.2902155875248065,0.6384687392884584,173,254932206651.11774,"High-LQ (A), high-diversity — ""Diversified specialist"""
53007,0.022969481228796728,408537590.8255994,2.4310390551455257,0.5152145039039236,112,408537590.8255994,"Low-LQ, high-diversity"
24510,1.6995697839476507,38796644318.8004,3.160279615506884,0.6167646041639295,168,38796644318.8004,"High-LQ (A), high-diversity — ""Diversified specialist"""
34013,0.18092085209226066,15071092087.671501,2.9886320806491384,0.5933413149881601,154,15071092087.671501,"High-LQ (A), high-diversity — ""Diversified specialist"""
39113,2.1467816248736242,16018561309.5293,3.5083781571740214,0.692137396409527,159,16018561309.5293,"High-LQ (A), high-diversity — ""Diversified specialist"""
45091,0.5351943860724289,380265620.77415675,3.1539295441860724,0.6587853752314362,120,380265620.77415675,"High-LQ (A), high-diversity — ""Diversified specialist"""
23029,0.018121653014854112,1000520345.4665927,2.1768853512826425,0.48999690176049887,85,1000520345.4665927,"Low-LQ, low-diversity"
49049,0.7427196329110051,3255091800.6987762,1.9740262760803682,0.3988931206620977,141,3255091800.6987762,"High-LQ (A), low-diversity — ""Dependent"""
22057,0.023795348642822248,6290440670.183019,1.0022099722909574,0.21810311917361697,99,6290440670.183019,"Low-LQ, low-diversity"
26143,7.657069529760286,1512391.6108440259,0.9005115871330154,0.3623925217512064,12,1512391.6108440259,"High-LQ (A), low-diversity — ""Dependent"""
48029,0.5384289175225416,97568762534.63278,3.3580505786825405,0.6546036803638718,169,97568762534.63278,"High-LQ (A), high-diversity — ""Diversified specialist"""
42001,0.018329374440557728,1291388149.3508914,2.365557706130147,0.49673903946362463,117,1291388149.3508914,"Low-LQ, high-diversity"
30111,0.02466018388987723,982899768.9361534,3.422565768148624,0.6966835342100015,136,982899768.9361534,"Low-LQ, high-diversity"
17161,0.018317033534219696,4602229317.210252,3.0552210770568826,0.6200657145501541,138,4602229317.210252,"Low-LQ, high-diversity"
37139,0.6880204482653619,3080387994.632043,2.610332659919012,0.535431180907569,131,3080387994.632043,"High-LQ (A), high-diversity — ""Diversified specialist"""
38025,0.42372678444126255,35135187.073290735,1.8055543733993966,0.5000264246043784,37,35135187.073290735,"High-LQ (A), low-diversity — ""Dependent"""
06081,2.3706443147529703,17927713931.34171,3.1638798493594438,0.618913812072427,166,17927713931.34171,"High-LQ (A), high-diversity — ""Diversified specialist"""
06059,1.2051138146910054,73369321136.98401,3.03307625020643,0.5905754066058077,170,73369321136.98401,"High-LQ (A), high-diversity — ""Diversified specialist"""
06047,0.01253757028848929,1063523996.5071771,1.8130043929628652,0.38351082299329875,113,1063523996.5071771,"Low-LQ, low-diversity"
39061,1.3811288076746293,36627713897.26843,2.6406057697011867,0.5177793981611734,164,36627713897.26843,"High-LQ (A), high-diversity — ""Diversified specialist"""
55041,0.6918645629989243,41889426.19166676,2.8469105571349296,0.6723757548478867,69,41889426.19166676,"High-LQ (A), high-diversity — ""Diversified specialist"""
23011,0.07886436000269734,867177402.4485725,3.2342905915165523,0.6603504245992219,134,867177402.4485725,"Low-LQ, high-diversity"
42049,0.05884830385440015,1823008115.3962893,3.3602107110175394,0.6751839429093521,145,1823008115.3962893,"Low-LQ, high-diversity"
25017,3.947116551192453,177197948895.31836,3.055509130544851,0.592923779785186,173,177197948895.31836,"High-LQ (A), high-diversity — ""Diversified specialist"""
36081,0.04075213797321573,4345232644.099226,3.2953193794533187,0.6658879097893555,141,4345232644.099226,"Low-LQ, high-diversity"
20161,0.16583828265765257,1973075304.2817056,1.246330480442755,0.26266560758429075,115,1973075304.2817056,"High-LQ (A), low-diversity — ""Dependent"""
45019,0.2425207329541728,45718650319.422195,2.920740153926606,0.5740903879696652,162,45718650319.422195,"High-LQ (A), high-diversity — ""Diversified specialist"""
41051,0.4787041244472975,13458959791.811743,3.4336633651534014,0.6724833593905041,165,13458959791.811743,"High-LQ (A), high-diversity — ""Diversified specialist"""
49003,7.830417258404538,8378055615.787187,1.1600101672341274,0.25908485675749104,88,8378055615.787187,"High-LQ (A), low-diversity — ""Dependent"""
49005,6.183840986638103,2593314275.8657484,2.112199543345719,0.4339362288741532,130,2593314275.8657484,"High-LQ (A), low-diversity — ""Dependent"""
02090,0.23930127016110742,10925785144.103416,2.899958978166319,0.574265676883293,156,10925785144.103416,"High-LQ (A), high-diversity — ""Diversified specialist"""
39009,1.771043711653959,538514710.4149532,1.4628269923735882,0.3388143647199148,75,538514710.4149532,"High-LQ (A), low-diversity — ""Dependent"""
06029,1.5685936286558613,20469858344.92715,3.0820200769272232,0.6043334900130184,164,20469858344.92715,"High-LQ (A), high-diversity — ""Diversified specialist"""
01021,0.009996844089620956,16782933.427864145,1.87227166690633,0.5618717762337726,28,16782933.427864145,"Low-LQ, low-diversity"
09170,3.3396686080264515,56876672.570099056,3.204158723959732,0.7541867276316243,70,56876672.570099056,"High-LQ (A), high-diversity — ""Diversified specialist"""
24025,0.9553905610790298,41598328404.048355,2.760118967490506,0.5431803433141942,161,41598328404.048355,"High-LQ (A), high-diversity — ""Diversified specialist"""
15003,0.45421608915239725,58281709850.3636,3.2832523459800025,0.6400228403007051,169,58281709850.3636,"High-LQ (A), high-diversity — ""Diversified specialist"""
30089,0.08180168811182603,43212831.94358194,2.415074561861223,0.5628941597021135,73,43212831.94358194,"Low-LQ, high-diversity"
45077,0.6164949795964224,384332545.84772885,2.1386352307144274,0.47296223480446753,92,384332545.84772885,"High-LQ (A), low-diversity — ""Dependent"""
55085,0.07021416957670558,73231417.30692616,3.0818689827464447,0.6832110329071568,91,73231417.30692616,"Low-LQ, high-diversity"
29207,0.008557219121380208,82189858.87028834,2.5097681317318683,0.5727414141832686,80,82189858.87028834,"Low-LQ, high-diversity"
48171,0.001102308968854658,100994947.21817288,2.732847890126782,0.6571110164316293,64,100994947.21817288,"Low-LQ, high-diversity"
50007,0.332801410090161,7119797084.335982,2.894048572120714,0.5730952660761096,156,7119797084.335982,"High-LQ (A), high-diversity — ""Diversified specialist"""
12031,0.07848672827052217,35843312042.75191,3.2098182100823935,0.6324548334576613,160,35843312042.75191,"Low-LQ, high-diversity"
45015,3.7959310608368786,12240008799.88209,2.6918679471109606,0.5372308677669345,150,12240008799.88209,"High-LQ (A), high-diversity — ""Diversified specialist"""
51760,1.7131100048746692,4645876779.398831,3.1979302800719815,0.6416899492311372,146,4645876779.398831,"High-LQ (A), high-diversity — ""Diversified specialist"""
24013,2.457514971754032,932698038.8074743,3.2756701409911098,0.6729629084976522,130,932698038.8074743,"High-LQ (A), high-diversity — ""Diversified specialist"""
01049,1.674087033564729,66298968.546285614,2.188342240642373,0.5412600770245599,57,66298968.546285614,"High-LQ (A), low-diversity — ""Dependent"""
05143,0.6308919686196346,2812194368.361951,1.9416428629824674,0.39953041422748065,129,2812194368.361951,"High-LQ (A), low-diversity — ""Dependent"""
26075,1.226929262219677,498270946.2002291,1.8547700353197771,0.41639546985476406,86,498270946.2002291,"High-LQ (A), low-diversity — ""Dependent"""
45053,2.0137343674953703e-4,425896080.2890712,2.627161006670148,0.5897970750686231,86,425896080.2890712,"Low-LQ, high-diversity"
48491,0.22718306042615458,16793562702.352638,1.9823191647592657,0.39722391401720725,147,16793562702.352638,"High-LQ (A), low-diversity — ""Dependent"""
06023,0.1103925863865876,885059898.2549369,2.5838307761956005,0.5308294789683028,130,885059898.2549369,"High-LQ (A), high-diversity — ""Diversified specialist"""
51045,2.2187987276276643e-4,3456892.0323076136,1.3928988035030119,0.5143548679179155,15,3456892.0323076136,"Low-LQ, low-diversity"
13043,2.2559654465621866,203996.4128311993,1.4272399066374244,0.8867940139914307,5,203996.4128311993,"High-LQ (A), low-diversity — ""Dependent"""
45073,0.4108843015180155,33500201.79038627,3.0631146859554144,0.7337878562551277,65,33500201.79038627,"High-LQ (A), high-diversity — ""Diversified specialist"""
40109,0.15616038630003556,47903310307.18254,3.0135834601569402,0.5874547681400238,169,47903310307.18254,"High-LQ (A), high-diversity — ""Diversified specialist"""
37173,0.04295873422206015,113953125.73617996,2.004470961841476,0.45743011828832775,80,113953125.73617996,"Low-LQ, low-diversity"
46109,0.024472079496047572,86963393.4397405,2.8325598914771457,0.6482649495125253,79,86963393.4397405,"Low-LQ, high-diversity"
25025,1.333116589294631,19895237661.437378,3.268949545265727,0.6402241390894606,165,19895237661.437378,"High-LQ (A), high-diversity — ""Diversified specialist"""
49043,0.6809679641685447,486318477.00415784,1.6926727453937178,0.3830581131184428,83,486318477.00415784,"High-LQ (A), low-diversity — ""Dependent"""
24035,0.05612533312255871,4550991015.519657,1.8405786714229868,0.39157246242697547,110,4550991015.519657,"Low-LQ, low-diversity"
46103,0.54142326958754206,1230260146.3551388,3.1209397061402204,0.6262411829508304,146,1230260146.3551388,"High-LQ (A), high-diversity — ""Diversified specialist"""
35013,0.9812442905532843,9094881970.063612,2.9676135306392224,0.5938538064951738,148,9094881970.063612,"High-LQ (A), high-diversity — ""Diversified specialist"""
51620,7.91392643946553,5742068.533852882,1.446411912788198,0.5480790040279522,14,5742068.533852882,"High-LQ (A), low-diversity — ""Dependent"""
22019,0.18714491163652244,1846839563.815007,2.459371018241162,0.5352136828746975,99,1846839563.815007,"High-LQ (A), high-diversity — ""Diversified specialist"""
36119,1.9579693790048345,11479202655.971802,1.9676672450100918,0.3932230932758411,149,11479202655.971802,"High-LQ (A), low-diversity — ""Dependent"""
42129,1.0140557606650682,1897806844.4241278,2.913318355181704,0.6004328490787766,128,1897806844.4241278,"High-LQ (A), high-diversity — ""Diversified specialist"""
48243,3.197283132890922,12248852.151176164,2.1831247465528225,0.6551592916600536,28,12248852.151176164,"High-LQ (A), low-diversity — ""Dependent"""
50027,0.818045729186831,865810203.0962685,3.4625174793920466,0.7058763546971618,135,865810203.0962685,"High-LQ (A), high-diversity — ""Diversified specialist"""
06075,0.19307564188927595,61564619990.77056,1.4904391841986788,0.29087620252401863,168,61564619990.77056,"High-LQ (A), low-diversity — ""Dependent"""
37125,2.1975628531568976,412968864.522244,2.479833659290986,0.5408617772813565,98,412968864.522244,"High-LQ (A), high-diversity — ""Diversified specialist"""
09001,1.2662758988813605,98965160870.24048,1.560758952265788,0.3079085518290442,159,98965160870.24048,"High-LQ (A), low-diversity — ""Dependent"""
37155,0.03342874792648093,472844751.8454951,1.0266887938304394,0.25179138339120016,59,472844751.8454951,"Low-LQ, low-diversity"
47179,0.04229011660765231,1508639830.1129663,3.1221012778197386,0.6466235310475359,125,1508639830.1129663,"Low-LQ, high-diversity"
36021,1.287979306005225,83327990.88879134,2.385678363485938,0.5736343906928769,64,83327990.88879134,"High-LQ (A), high-diversity — ""Diversified specialist"""
38097,0.006392853219243853,52791216.176937826,0.6385094207929954,0.26627911070021326,11,52791216.176937826,"Low-LQ, low-diversity"
41065,0.043304353576672276,466378267.5980043,2.45322167951195,0.5249971198216268,107,466378267.5980043,"Low-LQ, high-diversity"
37009,0.0011904623152633618,49933243.13570116,1.1538613209654032,0.36799982443070023,23,49933243.13570116,"Low-LQ, low-diversity"
21079,0.31551549165130677,4370755.20179689,1.4242286324293276,0.5259240142038907,15,4370755.20179689,"High-LQ (A), low-diversity — ""Dependent"""
42017,1.1965458733790066,17325488714.851078,2.977278373861715,0.5965972532620688,147,17325488714.851078,"High-LQ (A), high-diversity — ""Diversified specialist"""
46015,0.02254299212228562,30120191.553532153,2.174285541617519,0.5711789651592432,45,30120191.553532153,"Low-LQ, low-diversity"
33015,0.0600299600465782,8526200935.305067,2.9957727236460263,0.5970910176594428,151,8526200935.305067,"Low-LQ, high-diversity"
54083,0.002234647695923494,85373171.53021817,2.88019880623287,0.6671005757266105,75,85373171.53021817,"Low-LQ, high-diversity"
42073,0.08248293131189524,430562780.07182544,0.5044836108004249,0.12271931162788804,61,430562780.07182544,"Low-LQ, low-diversity"
47157,0.1677747709003249,27478160790.649418,2.613148868377385,0.5130108005617369,163,27478160790.649418,"High-LQ (A), high-diversity — ""Diversified specialist"""
17089,0.04522275164761244,11943827104.897621,0.496691725535324,0.10141036575763505,134,11943827104.897621,"Low-LQ, low-diversity"
01003,0.012142890301572446,324557847.2468615,2.9723665948009526,0.6440496155960274,101,324557847.2468615,"Low-LQ, high-diversity"
47009,0.008992033295422443,504731349.2632096,2.8713871024915,0.6262611710659437,98,504731349.2632096,"Low-LQ, high-diversity"
54075,0.07558586967942958,27859934.744629614,2.600824666295482,0.6832296462543509,45,27859934.744629614,"Low-LQ, high-diversity"
41019,0.15282518935051503,1174436348.861971,2.97750174312146,0.6079214234714868,134,1174436348.861971,"High-LQ (A), high-diversity — ""Diversified specialist"""
47065,0.2500912831392612,1605160945.204217,2.739333959080554,0.5636707204216375,129,1605160945.204217,"High-LQ (A), high-diversity — ""Diversified specialist"""
53071,0.005262816713766464,1065123165.5158752,2.8844656033379854,0.5916613035560144,131,1065123165.5158752,"Low-LQ, high-diversity"
26097,0.07303040923569126,49991477.810940295,2.6259861316122417,0.6120524311283004,73,49991477.810940295,"Low-LQ, high-diversity"
48037,0.2078222985643611,4240935948.6979804,3.0137289125033,0.6262704605526416,123,4240935948.6979804,"High-LQ (A), high-diversity — ""Diversified specialist"""
45003,0.21078758105116582,54835812437.214714,1.3670204262064136,0.283597629640713,124,54835812437.214714,"High-LQ (A), low-diversity — ""Dependent"""
22087,1.2900738195885108e-5,1187009979.4717808,0.8714599721869484,0.20653119583545748,68,1187009979.4717808,"Low-LQ, low-diversity"
26091,1.304392677150008,30699059.314597327,2.95538190749057,0.7133202520943756,63,30699059.314597327,"High-LQ (A), high-diversity — ""Diversified specialist"""
23003,0.2706557789602834,860811236.1132123,2.6756709945046824,0.584883068477482,97,860811236.1132123,"High-LQ (A), high-diversity — ""Diversified specialist"""
29510,2.155500620234357,42080539691.19982,2.2863482800134354,0.45105375615739424,159,42080539691.19982,"High-LQ (A), high-diversity — ""Diversified specialist"""
46023,0.005135623263678694,439705835.49585366,1.926945182380322,0.4175286810709738,101,439705835.49585366,"Low-LQ, low-diversity"
31055,0.6913794244312363,6052832585.464253,3.283455292102593,0.6527175851111041,153,6052832585.464253,"High-LQ (A), high-diversity — ""Diversified specialist"""
36001,0.6055519100278649,5484832781.886738,3.246847202901289,0.6446054706461701,154,5484832781.886738,"High-LQ (A), high-diversity — ""Diversified specialist"""
22101,0.017912045898771246,2800529346.1682014,1.91877631102428,0.42434012080159894,92,2800529346.1682014,"Low-LQ, low-diversity"
05069,0.005178796385364919,2821938116.2273326,2.35551614644883,0.48469281331410224,129,2821938116.2273326,"Low-LQ, high-diversity"
34025,0.30460451730860527,31101445831.875607,1.9355346577505954,0.38232065672322274,158,31101445831.875607,"High-LQ (A), low-diversity — ""Dependent"""
13021,0.03994220508044774,1371862615.9307497,3.2368597231440175,0.6639443510808771,131,1371862615.9307497,"Low-LQ, high-diversity"
02020,0.21787349830860755,30207999311.598804,3.41087090022791,0.6672298607592083,166,30207999311.598804,"High-LQ (A), high-diversity — ""Diversified specialist"""
42131,0.021864534886659494,10884720.040715229,1.3864876273147704,0.4628209401602864,20,10884720.040715229,"Low-LQ, low-diversity"
05131,0.0019017863765488933,1099873155.65187,2.9528338239650624,0.6125853404570623,124,1099873155.65187,"Low-LQ, high-diversity"
42063,6.651440865792753,213253445.65154317,2.1700489314386187,0.49521582417312665,80,213253445.65154317,"High-LQ (A), low-diversity — ""Dependent"""
28151,0.01761267795222328,321656260.9728128,2.432482040644456,0.5155203184305963,112,321656260.9728128,"Low-LQ, high-diversity"
46117,0.015017797118730688,29138324.394738622,2.134284180569383,0.5747253970658771,41,29138324.394738622,"Low-LQ, low-diversity"
51071,9.879152614470042,116932169.72582869,1.8607319210750892,0.5276635522902545,34,116932169.72582869,"High-LQ (A), low-diversity — ""Dependent"""
19153,0.14197497701170245,3326022655.338084,3.2994330276046684,0.6567498995873565,152,3326022655.338084,"High-LQ (A), high-diversity — ""Diversified specialist"""
05003,0.032233724275546334,12417794.218714138,2.5869052886123183,0.6795730631659974,45,12417794.218714138,"Low-LQ, high-diversity"
12073,0.32130815193260026,1871720301.4401512,3.337658577545403,0.678388519765168,137,1871720301.4401512,"High-LQ (A), high-diversity — ""Diversified specialist"""
51820,0.8473470850761414,14918225.517003398,2.191934663490069,0.6116710141999199,36,14918225.517003398,"High-LQ (A), low-diversity — ""Dependent"""
45035,0.5154911502383123,611182601.7092799,2.7463999941241437,0.5842807075870319,110,611182601.7092799,"High-LQ (A), high-diversity — ""Diversified specialist"""
34027,1.5624502402911402,12895931104.100023,3.65334780947824,0.7262484631689852,153,12895931104.100023,"High-LQ (A), high-diversity — ""Diversified specialist"""
23009,0.5204572858611762,412125300.0651349,2.734007946751926,0.5772578950273327,114,412125300.0651349,"High-LQ (A), high-diversity — ""Diversified specialist"""
48157,0.08986115599380491,2174577872.4628,2.2914277481725116,0.47226163554912104,128,2174577872.4628,"High-LQ (A), high-diversity — ""Diversified specialist"""
16057,0.20122522534461004,241796287.12420997,1.6676950626844713,0.3653741986209343,96,241796287.12420997,"High-LQ (A), low-diversity — ""Dependent"""
39153,0.4269997082267401,5534826665.830395,2.629526445963193,0.5344586667316387,137,5534826665.830395,"High-LQ (A), high-diversity — ""Diversified specialist"""
13087,7.617184632015454e-4,76516719.16752976,1.8142504432286164,0.5234820234753057,32,76516719.16752976,"Low-LQ, low-diversity"
34007,3.1932372312230606,10979643650.007301,3.155155100273114,0.6432167906560257,135,10979643650.007301,"High-LQ (A), high-diversity — ""Diversified specialist"""
27053,0.44097268085394,44419575863.35484,2.580247726138637,0.5053418097251068,165,44419575863.35484,"High-LQ (A), high-diversity — ""Diversified specialist"""
08059,3.7109516058420593,56727633091.24603,2.471136217424291,0.48171247713637316,169,56727633091.24603,"High-LQ (A), high-diversity — ""Diversified specialist"""
24033,1.0249737471169549,111091804990.26767,2.803942304921041,0.5447198277824703,172,111091804990.26767,"High-LQ (A), high-diversity — ""Diversified specialist"""
06103,0.028684644956962452,437749883.09124774,2.383622727499284,0.5310349360381641,89,437749883.09124774,"Low-LQ, high-diversity"
28047,0.52993119782118,8133084950.779303,3.1356685591699285,0.6266391298891979,149,8133084950.779303,"High-LQ (A), high-diversity — ""Diversified specialist"""
32510,0.6329705773952558,550068389.9625725,3.308457947075151,0.682974849655083,127,550068389.9625725,"High-LQ (A), high-diversity — ""Diversified specialist"""
28089,0.021975059630532562,14261772108.155481,0.9851455453621295,0.21486423839319707,98,14261772108.155481,"Low-LQ, low-diversity"
13089,0.34422710884565566,40793745009.93486,2.742554946604162,0.5352408716432003,168,40793745009.93486,"High-LQ (A), high-diversity — ""Diversified specialist"""
23019,1.0040190463353076,1802179797.6831322,2.6921453073564856,0.552212583179868,131,1802179797.6831322,"High-LQ (A), high-diversity — ""Diversified specialist"""
16003,1.305659385803603,30434013.958616957,2.2166320664440358,0.5666204067226439,50,30434013.958616957,"High-LQ (A), low-diversity — ""Dependent"""
51121,4.5144033357113775,1463354195.5202124,3.0231580803869784,0.6456799123598703,108,1463354195.5202124,"High-LQ (A), high-diversity — ""Diversified specialist"""
13151,0.7944513421009719,220141333.86031973,1.9228592219019895,0.4222466411967862,95,220141333.86031973,"High-LQ (A), low-diversity — ""Dependent"""
51770,4.4688472393616925,1226758876.732209,3.026097924758439,0.6401205149237569,113,1226758876.732209,"High-LQ (A), high-diversity — ""Diversified specialist"""
42019,0.20833253965482895,3265135940.9016147,2.947877519229767,0.5948305872999148,142,3265135940.9016147,"High-LQ (A), high-diversity — ""Diversified specialist"""
13067,0.14722692068901636,65409134571.78495,1.0954348010338641,0.2174796722345469,154,65409134571.78495,"High-LQ (A), low-diversity — ""Dependent"""
33011,1.5788878091522598,26018889811.801514,2.5808766556521308,0.511730935985156,155,26018889811.801514,"High-LQ (A), high-diversity — ""Diversified specialist"""
44007,0.6104845110778169,3513067277.6717434,3.4479855803707404,0.6909191779296979,147,3513067277.6717434,"High-LQ (A), high-diversity — ""Diversified specialist"""
26139,0.21536947292749153,1414122730.040647,2.341727853795746,0.49723173091515843,111,1414122730.040647,"High-LQ (A), high-diversity — ""Diversified specialist"""
36027,0.24633689600362693,2190226219.313027,1.9887959509053865,0.4176235429733098,117,2190226219.313027,"High-LQ (A), low-diversity — ""Dependent"""
06027,0.009008761760291037,343359633.1139894,2.3273342516063877,0.49417545957298764,111,343359633.1139894,"Low-LQ, high-diversity"
55017,2.2099386413696287,81380961.30575213,2.7767551019662826,0.6514106576292098,71,81380961.30575213,"High-LQ (A), high-diversity — ""Diversified specialist"""
32001,0.05159022107711366,3579013511.0234666,1.9704533347983504,0.41451897525473086,116,3579013511.0234666,"Low-LQ, low-diversity"
34029,1.0954738171775116,3696927150.699092,2.795804906643378,0.5734752300872198,131,3696927150.699092,"High-LQ (A), high-diversity — ""Diversified specialist"""
48465,0.00828868313875309,1939112656.4978738,2.7804212976513303,0.5721252316562483,129,1939112656.4978738,"Low-LQ, high-diversity"
34015,0.6269489649705491,1247321730.3856075,2.7832081199259058,0.5833980526930421,118,1247321730.3856075,"High-LQ (A), high-diversity — ""Diversified specialist"""
48309,0.6389746584262619,6117319831.551363,2.5963782906407133,0.53425483837822,129,6117319831.551363,"High-LQ (A), high-diversity — ""Diversified specialist"""
39029,0.044757756360234977,359831182.66519225,2.203655144466183,0.47065215338265415,108,359831182.66519225,"Low-LQ, low-diversity"
36051,0.9216298468111418,71248047.59902819,2.6574758148314643,0.6342947040896534,66,71248047.59902819,"High-LQ (A), high-diversity — ""Diversified specialist"""
51750,0.013002965257745459,5545758648.281575,1.7268874458467147,0.3987517379060193,76,5545758648.281575,"Low-LQ, low-diversity"
27137,0.3692870285136215,948928073.9647685,3.2546707295698165,0.6586212540751327,140,948928073.9647685,"High-LQ (A), high-diversity — ""Diversified specialist"""
35003,0.14346648369430395,65383962.87860347,2.0076799930160707,0.4774855559612526,67,65383962.87860347,"High-LQ (A), low-diversity — ""Dependent"""
37197,5.182949658493595,25730256.977646418,2.4819364434579336,0.6640331267689288,42,25730256.977646418,"High-LQ (A), high-diversity — ""Diversified specialist"""
54069,3.6095122712879766,153593489.6613052,3.071154633245966,0.6599013318070095,105,153593489.6613052,"High-LQ (A), high-diversity — ""Diversified specialist"""
13217,1.3006340556037712,63432568.762139924,2.702218702951464,0.6599881035622718,60,63432568.762139924,"High-LQ (A), high-diversity — ""Diversified specialist"""
39017,0.2760512371222462,5197340377.84891,2.1133749001840556,0.4406728942998673,121,5197340377.84891,"High-LQ (A), low-diversity — ""Dependent"""
42041,0.05292490035744057,13516427839.635187,2.6145867863690038,0.5225049643843044,149,13516427839.635187,"Low-LQ, high-diversity"
48167,0.33825029473384927,5488381032.519663,2.1659485524838895,0.4389421409122121,139,5488381032.519663,"High-LQ (A), low-diversity — ""Dependent"""
49019,0.056311270183820865,1188452056.7781205,1.137260181795077,0.25031617720099997,94,1188452056.7781205,"Low-LQ, low-diversity"
42133,0.8633989176071942,34184538342.32128,1.3638299959448117,0.2772022933636178,137,34184538342.32128,"High-LQ (A), low-diversity — ""Dependent"""
08035,4.503377411088292,18711628695.15854,2.021465337865396,0.4102620784383057,138,18711628695.15854,"High-LQ (A), low-diversity — ""Dependent"""
20149,3.5779616028917216,59471107.98286999,3.146244966420603,0.7333119004100116,73,59471107.98286999,"High-LQ (A), high-diversity — ""Diversified specialist"""
19081,0.2949868100698928,72306780.76047821,0.9998860720247787,0.37888001173909686,14,72306780.76047821,"High-LQ (A), low-diversity — ""Dependent"""
51540,1.287880026587585,1646995117.4982414,3.256831128803206,0.6670004600715188,132,1646995117.4982414,"High-LQ (A), high-diversity — ""Diversified specialist"""
42117,0.2250394526315077,31876793.29535222,2.7794813479998095,0.6734651912647719,62,31876793.29535222,"High-LQ (A), high-diversity — ""Diversified specialist"""
40137,0.43560706754491385,252133270.2102994,1.156650908668381,0.30565352705930615,44,252133270.2102994,"High-LQ (A), low-diversity — ""Dependent"""
21199,0.0015871187995835966,69233969.85784352,3.0643712546999557,0.6879506807377498,86,69233969.85784352,"Low-LQ, high-diversity"
55089,0.6239687454799667,87833172.9501196,2.9435805336756684,0.657440048771206,88,87833172.9501196,"High-LQ (A), high-diversity — ""Diversified specialist"""
20097,0.003460470712172642,13742325.637453806,0.7291320559132212,0.26924613717148055,15,13742325.637453806,"Low-LQ, low-diversity"
51775,0.03310107006396458,718675691.942896,2.840038147761804,0.5911793727205659,122,718675691.942896,"Low-LQ, high-diversity"
29177,0.009165181075429988,3359468.2683571186,1.7284628149266137,0.5677287161723439,21,3359468.2683571186,"Low-LQ, low-diversity"
28001,4.957166142324485e-5,1066552821.8843472,0.8546572340119097,0.19503697838101228,80,1066552821.8843472,"Low-LQ, low-diversity"
29047,0.027329366530306032,2101781230.2383857,2.7791138178352717,0.5835809140711903,117,2101781230.2383857,"Low-LQ, high-diversity"
36009,0.0018100553605779643,2329055119.0788183,1.7416282171113318,0.38070781417564126,97,2329055119.0788183,"Low-LQ, low-diversity"
24047,1.538221989539397,308329299.3096916,3.0478202932446554,0.6484061321530161,110,308329299.3096916,"High-LQ (A), high-diversity — ""Diversified specialist"""
40123,1.5325746472205122,178528151.63696885,2.472933586171879,0.5763796675141089,73,178528151.63696885,"High-LQ (A), high-diversity — ""Diversified specialist"""
51177,0.08344033358455652,77968333351.52269,0.9870371984246356,0.20840283809459614,114,77968333351.52269,"Low-LQ, low-diversity"
12075,0.12412922995852065,152634124.49421197,1.0666178924598202,0.25946256871452683,61,152634124.49421197,"High-LQ (A), low-diversity — ""Dependent"""
37191,7.081573772785109e-4,2106727785.389213,2.6158486382341715,0.5426754853698744,124,2106727785.389213,"Low-LQ, high-diversity"
27037,0.23671131123027622,4291644675.276896,3.0302860432478975,0.6123324045564742,141,4291644675.276896,"High-LQ (A), high-diversity — ""Diversified specialist"""
12105,0.022877786842851692,1115423179.1927845,3.0201232728950487,0.6255026987087352,125,1115423179.1927845,"Low-LQ, high-diversity"
55029,0.04105083363597595,112074210.3131784,2.2762301046481195,0.5375939651439237,69,112074210.3131784,"Low-LQ, high-diversity"
54025,5.208906817600957e-4,128569685.5687656,2.856519127614994,0.6363890706044111,89,128569685.5687656,"Low-LQ, high-diversity"
08079,0.018509241377996515,13854877.86668414,1.195595668785926,0.40605211289669674,19,13854877.86668414,"Low-LQ, low-diversity"
06043,5.247110353182157e-4,806763687.1337819,2.2150206645948685,0.47692382331650174,104,806763687.1337819,"Low-LQ, low-diversity"
56039,0.31287556332752314,655064582.7253711,2.4241116839363452,0.5046005546944776,122,655064582.7253711,"High-LQ (A), high-diversity — ""Diversified specialist"""
28087,0.04010999996340085,3013033089.69636,2.275036702959251,0.47438199840651457,121,3013033089.69636,"Low-LQ, high-diversity"
47081,0.006080814262289023,801660997.9784976,2.4999028910340124,0.5924631653041799,68,801660997.9784976,"Low-LQ, high-diversity"
56001,2.156374562678324,141777418.59576,3.0154030173353714,0.6717859877598675,89,141777418.59576,"High-LQ (A), high-diversity — ""Diversified specialist"""
39133,0.23144281119018334,519877714.11074495,3.507035289402046,0.7338239521236416,119,519877714.11074495,"High-LQ (A), high-diversity — ""Diversified specialist"""
72127,0.028238127393837038,11740280937.56616,2.8431954180462493,0.5659361137767088,152,11740280937.56616,"Low-LQ, high-diversity"
21059,1.0720160798471499,88770047.95139281,2.5883902571944257,0.6113191187760707,69,88770047.95139281,"High-LQ (A), high-diversity — ""Diversified specialist"""
51173,0.0023946368217762576,567953136.3520237,1.9025562139327041,0.4478188406808624,70,567953136.3520237,"Low-LQ, low-diversity"
55093,0.034241804835666544,80008253.39674693,1.4910157053246778,0.389437283599335,46,80008253.39674693,"Low-LQ, low-diversity"
37051,0.19053731723431347,28267741840.244686,3.059385005615156,0.6050704659925855,157,28267741840.244686,"High-LQ (A), high-diversity — ""Diversified specialist"""
50023,2.4118792952580335,336751379.0839529,2.9318545587788005,0.6499547490989562,91,336751379.0839529,"High-LQ (A), high-diversity — ""Diversified specialist"""
36059,4.638410514480048,34238100163.175327,2.581896033353525,0.5068752749093579,163,34238100163.175327,"High-LQ (A), high-diversity — ""Diversified specialist"""
50025,0.45532738059951144,38323233.49433926,2.875512440018003,0.6489802152886731,84,38323233.49433926,"High-LQ (A), high-diversity — ""Diversified specialist"""
37129,5.263118920163889,3263433034.8109136,2.0516399941658583,0.41700161547283415,137,3263433034.8109136,"High-LQ (A), low-diversity — ""Dependent"""
37133,0.01982833779889854,20915889903.565548,2.6903474218779557,0.5362163382112338,151,20915889903.565548,"Low-LQ, high-diversity"
12127,0.34153794335665727,1834191526.6122787,2.8084398767176078,0.5778905939243743,129,1834191526.6122787,"High-LQ (A), high-diversity — ""Diversified specialist"""
20173,0.5374014775503165,20389296590.962532,2.561874550091925,0.5154870808347048,144,20389296590.962532,"High-LQ (A), high-diversity — ""Diversified specialist"""
36085,0.09563039606464595,1076121657.2541776,2.4892032957416608,0.5138536665315763,127,1076121657.2541776,"High-LQ (A), high-diversity — ""Diversified specialist"""
35055,0.20171838514618423,166171235.08008185,3.133424972274449,0.6963461128000266,90,166171235.08008185,"High-LQ (A), high-diversity — ""Diversified specialist"""
55031,0.01774678201657679,122273148.06965134,2.2047291605315404,0.522508622943615,68,122273148.06965134,"Low-LQ, low-diversity"
09130,0.13933196897948139,33149643.839688398,2.1009540334932435,0.5695371886306027,40,33149643.839688398,"High-LQ (A), low-diversity — ""Dependent"""
55057,0.008385776542265189,215385403.3039802,3.310438968785443,0.697678887543407,115,215385403.3039802,"Low-LQ, high-diversity"
45021,0.09671812797622166,25516001.18543325,2.5503972972709303,0.6044300604410168,68,25516001.18543325,"High-LQ (A), high-diversity — ""Diversified specialist"""
01131,0.058408233368976034,25932338.916902564,2.2219831244073647,0.6301066237829508,34,25932338.916902564,"Low-LQ, low-diversity"
06095,0.03991110559851271,9633526255.373995,3.192870934018036,0.6322696982714702,156,9633526255.373995,"Low-LQ, high-diversity"
17085,0.0010003334246420624,30648184.583694067,1.997579617818686,0.549149774082311,38,30648184.583694067,"Low-LQ, low-diversity"
29219,0.006284940230758788,33268132.562385835,1.308621484874312,0.37758834532578434,32,33268132.562385835,"Low-LQ, low-diversity"
48091,0.017671613546336108,1083635968.5239239,1.5762730060256007,0.34010036186122333,103,1083635968.5239239,"Low-LQ, low-diversity"
37147,0.41960448807124534,822952890.0767895,2.08353596669386,0.4432602212013736,110,822952890.0767895,"High-LQ (A), low-diversity — ""Dependent"""
51085,0.010420714199641265,5785197610.337331,0.5961398540181229,0.12388134160998646,123,5785197610.337331,"Low-LQ, low-diversity"
02170,0.24985425749336637,668856148.5039693,2.471085170239828,0.5320579649522325,104,668856148.5039693,"High-LQ (A), high-diversity — ""Diversified specialist"""
39057,2.8487437716754043,30876247980.819202,2.773397065466434,0.5457934197438967,161,30876247980.819202,"High-LQ (A), high-diversity — ""Diversified specialist"""
25009,0.6615980652377742,83756789439.09872,2.2718306665119576,0.4476360316355566,160,83756789439.09872,"High-LQ (A), high-diversity — ""Diversified specialist"""
35015,0.02061230475842934,6564102426.631176,1.5694082730019734,0.33075463052900106,115,6564102426.631176,"Low-LQ, low-diversity"
53001,0.03193050413527313,16099128.684116919,1.2764282178355637,0.407089960922577,23,16099128.684116919,"Low-LQ, low-diversity"
51013,0.7093344427715359,196420122708.54395,2.5441552616608223,0.495376774000121,170,196420122708.54395,"High-LQ (A), high-diversity — ""Diversified specialist"""
51550,0.13427956832413598,8936060159.329876,3.0917380299773893,0.6221034561280523,144,8936060159.329876,"High-LQ (A), high-diversity — ""Diversified specialist"""
17019,3.262998316519109,1349244778.3621154,2.4912118623134645,0.524069547891265,116,1349244778.3621154,"High-LQ (A), high-diversity — ""Diversified specialist"""
51087,0.05132729214565962,1876604700.6244874,2.9693434443339424,0.6000176832396358,141,1876604700.6244874,"Low-LQ, high-diversity"
53077,0.009102488333531816,1523097062.2521675,2.4206114731528143,0.49199610926243176,137,1523097062.2521675,"Low-LQ, high-diversity"
01073,1.095871586454618,7257907599.024914,3.4287424108325277,0.675591129616229,160,7257907599.024914,"High-LQ (A), high-diversity — ""Diversified specialist"""
06085,3.848653034917248,131703936695.44771,2.8027796845863664,0.5489247190188347,165,131703936695.44771,"High-LQ (A), high-diversity — ""Diversified specialist"""
18157,6.614166408222585,515341125.8478505,2.5537352702982448,0.5521622230866249,102,515341125.8478505,"High-LQ (A), high-diversity — ""Diversified specialist"""
37053,4.8468891292089085,615440916.0129422,1.8261616467067392,0.4242876460186733,74,615440916.0129422,"High-LQ (A), low-diversity — ""Dependent"""
49053,0.16497753998053233,1103845844.0271091,2.0635735698767657,0.4310343872630072,120,1103845844.0271091,"High-LQ (A), low-diversity — ""Dependent"""
29095,0.11459716386946707,50319398376.008194,2.116366459460684,0.4164924315105466,161,50319398376.008194,"High-LQ (A), low-diversity — ""Dependent"""
53035,0.14821700495510326,17409698595.116516,3.0199838637266443,0.5965288244517104,158,17409698595.116516,"High-LQ (A), high-diversity — ""Diversified specialist"""
18003,1.7854047030516298,12448346790.297115,2.257030042151651,0.46012306019483895,135,12448346790.297115,"High-LQ (A), high-diversity — ""Diversified specialist"""
19015,4.385429592973032,9895194.80818669,2.0885587688248513,0.6267798877431556,28,9895194.80818669,"High-LQ (A), low-diversity — ""Dependent"""
18105,1.0605745049550428,390506963.60861903,2.9969347870017744,0.6363553600668415,111,390506963.60861903,"High-LQ (A), high-diversity — ""Diversified specialist"""
49057,8.726914086278809,12153519417.000555,0.9992006189957671,0.2043209171364622,133,12153519417.000555,"High-LQ (A), low-diversity — ""Dependent"""
06065,0.27981139080641665,10556744129.964447,3.3952906886801855,0.6657607089777738,164,10556744129.964447,"High-LQ (A), high-diversity — ""Diversified specialist"""
24005,0.41187362432905583,71527719399.86221,2.544807156175233,0.49722747807964923,167,71527719399.86221,"High-LQ (A), high-diversity — ""Diversified specialist"""
46099,0.0918934145690434,3596114348.5700784,2.7891532498847815,0.5636065017637466,141,3596114348.5700784,"High-LQ (A), high-diversity — ""Diversified specialist"""
60050,0.025970713613407016,343398308.2313352,2.1322156369598724,0.4953957690664339,74,343398308.2313352,"Low-LQ, low-diversity"
42087,0.07644323071146186,21847044.198744334,1.5823427921938824,0.42070156958455257,43,21847044.198744334,"Low-LQ, low-diversity"
06039,0.10249044514225909,180786457.56164545,2.4071376813137717,0.5390029569258032,87,180786457.56164545,"High-LQ (A), high-diversity — ""Diversified specialist"""
08051,0.019794645577733316,202062534.83766314,1.8600033194972785,0.410361277740713,93,202062534.83766314,"Low-LQ, low-diversity"
54041,2.2766144464810574,34617733.5780854,2.0312573291198817,0.6032310291929536,29,34617733.5780854,"High-LQ (A), low-diversity — ""Dependent"""
08043,0.1342194998183275,201591631.61870813,2.802927762494548,0.597467472645134,109,201591631.61870813,"High-LQ (A), high-diversity — ""Diversified specialist"""
56021,0.04863790113572507,3279092849.089247,3.1251101409269353,0.6245291115961462,149,3279092849.089247,"Low-LQ, high-diversity"
09003,0.8275904049095796,100575187589.02817,1.454376310028096,0.28987346875819564,151,100575187589.02817,"High-LQ (A), low-diversity — ""Dependent"""
21051,6.415339121517081,145020208.37486768,1.5096470177487595,0.36032730874109764,66,145020208.37486768,"High-LQ (A), low-diversity — ""Dependent"""
12099,0.605860536717574,13103044639.97443,3.6251291251388147,0.7108282494146491,164,13103044639.97443,"High-LQ (A), high-diversity — ""Diversified specialist"""
41001,0.011709913779871456,161359524.1545733,2.0172974392762,0.47324629047123906,71,161359524.1545733,"Low-LQ, low-diversity"
01125,0.037522722148696376,2738345437.799557,2.3635729995971966,0.4818431395497947,135,2738345437.799557,"Low-LQ, high-diversity"
38017,0.07427540493257824,6408302749.808976,1.7714277892780637,0.36058461880182624,136,6408302749.808976,"Low-LQ, low-diversity"
47037,1.0216725484383207,10746935613.68116,3.164036945553055,0.6265598347776226,156,10746935613.68116,"High-LQ (A), high-diversity — ""Diversified specialist"""
46041,0.28561351024700793,365366351.12271893,3.162472841918391,0.6754344738562127,108,365366351.12271893,"High-LQ (A), high-diversity — ""Diversified specialist"""
29189,0.715672024607072,170101694332.60095,2.589533580983696,0.5089895916173183,162,170101694332.60095,"High-LQ (A), high-diversity — ""Diversified specialist"""
21113,0.04852084559871674,246673989.03323668,2.0461553584244956,0.47392263849188876,75,246673989.03323668,"Low-LQ, low-diversity"
19105,5.613546688693466,1686781.1412353334,1.5213124854764688,0.5263379983285601,18,1686781.1412353334,"High-LQ (A), low-diversity — ""Dependent"""
53031,0.5886885861537577,327487989.18342763,2.406788734819711,0.5215007335208218,101,327487989.18342763,"High-LQ (A), high-diversity — ""Diversified specialist"""
25011,0.35802946630401633,239286714.36892292,2.514206128595281,0.5338549751511701,111,239286714.36892292,"High-LQ (A), high-diversity — ""Diversified specialist"""
42021,0.9553408449532764,10865145846.746143,2.7274080063384507,0.559445664559805,131,10865145846.746143,"High-LQ (A), high-diversity — ""Diversified specialist"""
34035,1.307956800505834,8477057880.124968,2.795220412284143,0.557118698417788,151,8477057880.124968,"High-LQ (A), high-diversity — ""Diversified specialist"""
21093,0.002505729998145009,10472536206.33066,2.8832958851203974,0.5886872586460046,134,10472536206.33066,"Low-LQ, high-diversity"
53033,0.8243204019332402,130587708036.30798,1.671316756444184,0.3235984540080643,175,130587708036.30798,"High-LQ (A), low-diversity — ""Dependent"""
51710,0.2721729652803769,60877155860.92653,2.8272044830272223,0.5530538412995979,166,60877155860.92653,"High-LQ (A), high-diversity — ""Diversified specialist"""
16001,0.155761631446354,4357670815.36508,3.5442414920272425,0.6992125616567835,159,4357670815.36508,"High-LQ (A), high-diversity — ""Diversified specialist"""
06109,0.11322865804245426,388618108.3623634,2.055199580795808,0.4482473627908306,98,388618108.3623634,"High-LQ (A), low-diversity — ""Dependent"""
25021,0.439274114988823,11487803741.427776,3.100681410874616,0.6196472186742948,149,11487803741.427776,"High-LQ (A), high-diversity — ""Diversified specialist"""
41043,0.04005878288243717,461974577.4314942,2.492741307533839,0.5323945841357566,108,461974577.4314942,"Low-LQ, high-diversity"
08093,0.10375171757247778,103668327.11900677,1.5283741143196672,0.39068638200720307,50,103668327.11900677,"High-LQ (A), low-diversity — ""Dependent"""
29051,0.12696565110647384,363193852.7325595,2.909843989043558,0.6419812722123451,93,363193852.7325595,"High-LQ (A), high-diversity — ""Diversified specialist"""
50009,2.1804980434598384,17720167.130485095,2.4875619036499113,0.6941673663155327,36,17720167.130485095,"High-LQ (A), high-diversity — ""Diversified specialist"""
17143,0.15681349007960965,5716120445.845406,1.895413640449277,0.3852481684428976,137,5716120445.845406,"High-LQ (A), low-diversity — ""Dependent"""
36117,0.7738479315146263,843209898.4829166,2.149253348079351,0.46772519938003354,99,843209898.4829166,"High-LQ (A), low-diversity — ""Dependent"""
45045,0.13144846343691746,6811853130.55702,2.7039897025904476,0.5520780207261063,134,6811853130.55702,"High-LQ (A), high-diversity — ""Diversified specialist"""
51660,0.002132918685177213,1067530437.1602317,1.7499448638284791,0.3879404493312925,91,1067530437.1602317,"Low-LQ, low-diversity"
40099,0.0025392139541420074,60645026.16209354,2.084782627567209,0.49237840977869063,69,60645026.16209354,"Low-LQ, low-diversity"
35061,0.002678692313087465,117073899.9240548,2.9392765747229976,0.6807839413634272,75,117073899.9240548,"Low-LQ, high-diversity"
53009,0.0214055648616899,1007062578.1505796,2.543990142474168,0.5251634788395397,127,1007062578.1505796,"Low-LQ, high-diversity"
13047,0.0212743651550189,61640258.30568672,2.3390208331605313,0.5451679162207546,73,61640258.30568672,"Low-LQ, high-diversity"
21015,0.0118177719613064,1265523553.349254,2.639203676822094,0.5836636613701346,92,1265523553.349254,"Low-LQ, high-diversity"
39041,1.5836308754770154,795833587.6283154,3.2547112284400423,0.6707936783994394,128,795833587.6283154,"High-LQ (A), high-diversity — ""Diversified specialist"""
48377,2.130764440354674,182466944.44202435,2.3565299375684465,0.5645211584854612,65,182466944.44202435,"High-LQ (A), high-diversity — ""Diversified specialist"""
39091,6.85562197969916,342983513.2294063,2.1659186485573247,0.5429750089932893,54,342983513.2294063,"High-LQ (A), low-diversity — ""Dependent"""
36063,0.5017163282999352,1624008669.9647937,3.331883178091723,0.6713656030608459,143,1624008669.9647937,"High-LQ (A), high-diversity — ""Diversified specialist"""
12053,1.3440835144779246,272434679.6429635,2.559510642511455,0.5674108534778625,91,272434679.6429635,"High-LQ (A), high-diversity — ""Diversified specialist"""
02122,0.04150762280095655,589081410.3429526,2.645138250536119,0.5544567412758676,118,589081410.3429526,"Low-LQ, high-diversity"
54007,0.003655745884372291,34174309.69808642,2.660300657860398,0.6551749774472018,58,34174309.69808642,"Low-LQ, high-diversity"
27011,0.0017017352016603514,13547415.341853054,1.6704909185205832,0.4737152956595138,34,13547415.341853054,"Low-LQ, low-diversity"
41013,0.17184496536121183,190484121.23444504,2.1678831849261697,0.5102708280027263,70,190484121.23444504,"High-LQ (A), low-diversity — ""Dependent"""
28081,0.571994495191126,475744062.4816928,3.297581223083522,0.7042906452472301,108,475744062.4816928,"High-LQ (A), high-diversity — ""Diversified specialist"""
47093,0.270934694441703,4496274651.871039,2.963382523206981,0.6014268216255713,138,4496274651.871039,"High-LQ (A), high-diversity — ""Diversified specialist"""
21227,0.3153863828511514,164391291.68145332,2.3669975183413863,0.5534679239552065,72,164391291.68145332,"High-LQ (A), high-diversity — ""Diversified specialist"""
33001,0.5889365065609017,308449875.1493667,2.443756575869092,0.5500671636782162,85,308449875.1493667,"High-LQ (A), high-diversity — ""Diversified specialist"""
47003,2.0115322258163975,4606171.122762978,2.5523619756918223,0.7068457487649625,37,4606171.122762978,"High-LQ (A), high-diversity — ""Diversified specialist"""
56033,0.4179095402170008,679798700.3358545,3.127382928158698,0.649888428457074,123,679798700.3358545,"High-LQ (A), high-diversity — ""Diversified specialist"""
31153,0.3912944970509733,12288780779.342615,2.6765506023056678,0.5370710020824577,146,12288780779.342615,"High-LQ (A), high-diversity — ""Diversified specialist"""
13035,2.599730276311921,1020793.7682494505,1.0693307943758412,0.5968048796396437,6,1020793.7682494505,"High-LQ (A), low-diversity — ""Dependent"""
04009,0.04542898041365096,159992964.9335175,2.6557163949055886,0.5831770287431266,95,159992964.9335175,"Low-LQ, high-diversity"
30007,0.04893552503646866,14180274.411307216,2.198208906049316,0.6233647667912763,34,14180274.411307216,"Low-LQ, low-diversity"
17097,0.08104290373781499,33201282778.90827,2.519733077740102,0.49709621196558285,159,33201282778.90827,"Low-LQ, high-diversity"
37031,0.03476010388910748,561404447.9799638,2.724246192695907,0.5670762403679626,122,561404447.9799638,"Low-LQ, high-diversity"
27111,0.004856460459028613,499370729.4458557,0.6542734527029813,0.15107682724693536,76,499370729.4458557,"Low-LQ, low-diversity"
28049,1.0718488955733445,2491608543.4681597,3.539438472492444,0.7102162632730341,146,2491608543.4681597,"High-LQ (A), high-diversity — ""Diversified specialist"""
33017,2.3352349435778783,373440515.1468524,2.94091179676236,0.6281139195170908,108,373440515.1468524,"High-LQ (A), high-diversity — ""Diversified specialist"""
21013,0.20308025964576384,55402941.12188254,2.860145417655917,0.6851653267252856,65,55402941.12188254,"High-LQ (A), high-diversity — ""Diversified specialist"""
51161,0.40116219545365855,3031475895.314498,1.5352829309588427,0.3235626747496668,115,3031475895.314498,"High-LQ (A), low-diversity — ""Dependent"""
12015,0.24867294679130703,172756480.36980546,2.1462483942951778,0.49710580269258864,75,172756480.36980546,"High-LQ (A), low-diversity — ""Dependent"""
41009,0.00985588236787936,166213249.22614107,1.6214752551730345,0.40105236064480904,57,166213249.22614107,"Low-LQ, low-diversity"
17197,0.7123505091958441,1625932521.1101353,3.37498362935347,0.6790966633779596,144,1625932521.1101353,"High-LQ (A), high-diversity — ""Diversified specialist"""
39155,0.132445607420565,529139710.16519594,2.7668953005944723,0.5820643322958593,116,529139710.16519594,"High-LQ (A), high-diversity — ""Diversified specialist"""
20061,0.007403242826015971,5353848552.157077,2.6864419748261827,0.542077425947645,142,5353848552.157077,"Low-LQ, high-diversity"
01097,0.011090779944937297,23365619919.63276,1.439564411768312,0.28846485484688883,147,23365619919.63276,"Low-LQ, low-diversity"
19043,0.12825991568923664,49983359.76696644,2.1963885089608,0.555872698672545,52,49983359.76696644,"High-LQ (A), low-diversity — ""Dependent"""
46039,0.02268761312464387,117592029.0506824,0.057640433192961284,0.025032922070216117,10,117592029.0506824,"Low-LQ, low-diversity"
29037,0.1877409435463571,156299515.48416525,2.5960314609595705,0.5769202813347067,90,156299515.48416525,"High-LQ (A), high-diversity — ""Diversified specialist"""
22079,0.04219481213933626,1545925527.9066908,3.2498672417217187,0.6557668788577001,142,1545925527.9066908,"Low-LQ, high-diversity"
19013,0.015471110961963356,789613387.6247721,1.0677209336539293,0.24297036922560933,81,789613387.6247721,"Low-LQ, low-diversity"
25015,0.4268322142590455,3117419680.9396114,2.816662107421081,0.571649500391254,138,3117419680.9396114,"High-LQ (A), high-diversity — ""Diversified specialist"""
19167,0.006762185034019868,115906194.98799701,0.7669758249865786,0.19920686278259128,47,115906194.98799701,"Low-LQ, low-diversity"
18109,0.13622045186892892,128491201.18014306,1.4767107210335604,0.3578053397981191,62,128491201.18014306,"High-LQ (A), low-diversity — ""Dependent"""
28123,1.9728977128112475,1109564315.4713173,1.4245929685402705,0.37000996219145776,47,1109564315.4713173,"High-LQ (A), low-diversity — ""Dependent"""
36087,0.4626725736170019,1477061567.144083,3.1443878554528024,0.6579423737396657,119,1477061567.144083,"High-LQ (A), high-diversity — ""Diversified specialist"""
37119,0.5556764417416237,4106229407.4303336,3.352340422451012,0.6717534731022,147,4106229407.4303336,"High-LQ (A), high-diversity — ""Diversified specialist"""
36091,3.694985488523287,671760896.8020068,3.272173823634956,0.6701426507798454,132,671760896.8020068,"High-LQ (A), high-diversity — ""Diversified specialist"""
24031,0.906439144391313,232135269141.9228,3.1485488210582346,0.610978199723837,173,232135269141.9228,"High-LQ (A), high-diversity — ""Diversified specialist"""
36055,0.225905669564156,27860814476.668816,1.4297587127511298,0.28649995524216104,147,27860814476.668816,"High-LQ (A), low-diversity — ""Dependent"""
39049,2.396847390938136,25472352364.126114,3.0398287985930033,0.5953508148747992,165,25472352364.126114,"High-LQ (A), high-diversity — ""Diversified specialist"""
06001,6.054175584221979,96595505208.95508,1.7627598593228138,0.34402268759276217,168,96595505208.95508,"High-LQ (A), low-diversity — ""Dependent"""
48027,0.0253376925551898,15248566461.31619,3.057841594940699,0.6055304528586327,156,15248566461.31619,"Low-LQ, high-diversity"
37097,6.32000341088273,527178870.38630545,2.2678100807038097,0.4924487020271163,100,527178870.38630545,"High-LQ (A), high-diversity — ""Diversified specialist"""
47113,8.442022435727342e-4,82746900.17172493,2.634895182033016,0.6266558392120162,67,82746900.17172493,"Low-LQ, high-diversity"
06057,0.6780014542004013,392803100.82328105,2.4682866482884647,0.5251137024741844,110,392803100.82328105,"High-LQ (A), high-diversity — ""Diversified specialist"""
29019,0.8716366083737925,1188378592.1928685,3.212014425337296,0.6548082565029772,135,1188378592.1928685,"High-LQ (A), high-diversity — ""Diversified specialist"""
09007,0.4771544018148589,1191354314.3020973,3.1878976338205973,0.6539012520886766,131,1191354314.3020973,"High-LQ (A), high-diversity — ""Diversified specialist"""
18059,0.7673702680027066,134398914.67105043,1.8179149294525323,0.45161642239526323,56,134398914.67105043,"High-LQ (A), low-diversity — ""Dependent"""
02110,0.08374310911907076,708138160.9801474,3.4462159018270464,0.7036195634372496,134,708138160.9801474,"High-LQ (A), high-diversity — ""Diversified specialist"""
55117,0.790618476794401,1371939591.5486941,1.1546346768211895,0.2658117859083242,77,1371939591.5486941,"High-LQ (A), low-diversity — ""Dependent"""
12103,0.44918831638669954,26960121732.760616,3.1550080442084436,0.6186452309799989,164,26960121732.760616,"High-LQ (A), high-diversity — ""Diversified specialist"""
53005,0.5142596838315698,71972457899.64862,1.7341442023105167,0.36036528824472075,123,71972457899.64862,"High-LQ (A), low-diversity — ""Dependent"""
48479,0.030274278761461538,3419744883.6015863,2.0029749816789937,0.42530250281033444,111,3419744883.6015863,"Low-LQ, low-diversity"
53039,0.099957960651707,4331035867.699543,1.3511260341377012,0.30101035656366387,89,4331035867.699543,"High-LQ (A), low-diversity — ""Dependent"""
17119,0.020982019363026506,4557162212.806662,1.842399616422879,0.3934959374375517,108,4557162212.806662,"Low-LQ, low-diversity"
51510,0.44660076742181565,56417206320.173164,2.7855541109378485,0.5462013859304692,164,56417206320.173164,"High-LQ (A), high-diversity — ""Diversified specialist"""
30043,0.04845182769991271,17445207.39603534,2.319833702522911,0.6130331529186308,44,17445207.39603534,"Low-LQ, high-diversity"
27043,0.0074606488454317214,53189431.607302554,1.2006522761328529,0.4077694544285489,19,53189431.607302554,"Low-LQ, low-diversity"
12087,0.41686759342517554,2142717123.5369673,2.9258448043129546,0.5955730399072358,136,2142717123.5369673,"High-LQ (A), high-diversity — ""Diversified specialist"""
02220,0.302008940759159,230056412.97860017,2.7542128734472926,0.5955089866769357,102,230056412.97860017,"High-LQ (A), high-diversity — ""Diversified specialist"""
30047,0.08571565236012446,1341169571.0661817,1.8557513819900664,0.4166157819689799,86,1341169571.0661817,"High-LQ (A), low-diversity — ""Dependent"""
34019,0.06589777624248196,2518814615.083722,0.5696234267627589,0.12264760635631844,104,2518814615.083722,"Low-LQ, low-diversity"
48397,0.4600292585809075,4228694998.7903705,1.8167607185416104,0.41578725273397055,79,4228694998.7903705,"High-LQ (A), low-diversity — ""Dependent"""
32031,0.5187120423110317,20693647628.331657,2.779420840228025,0.5525206520108841,153,20693647628.331657,"High-LQ (A), high-diversity — ""Diversified specialist"""
54033,0.10301153271629944,4686901659.789864,2.7886213711770296,0.5667951590092094,137,4686901659.789864,"High-LQ (A), high-diversity — ""Diversified specialist"""
45007,2.740335854335398,333315866.60890514,2.360526235122142,0.5171661179431245,96,333315866.60890514,"High-LQ (A), high-diversity — ""Diversified specialist"""
25023,0.03557035612994241,22158431503.363964,1.6208163218241938,0.32178510495562807,154,22158431503.363964,"Low-LQ, low-diversity"
29097,0.7335035485835244,1367858760.012028,2.29886472559853,0.5096289791950636,91,1367858760.012028,"High-LQ (A), high-diversity — ""Diversified specialist"""
44009,0.5852809203325487,1479353707.5730655,3.1221067418027415,0.641414410844185,130,1479353707.5730655,"High-LQ (A), high-diversity — ""Diversified specialist"""
36083,2.320306958419426,326999016.85287374,3.3588527882941364,0.7003752053721507,121,326999016.85287374,"High-LQ (A), high-diversity — ""Diversified specialist"""
13241,0.047646362021008096,31907283.9883946,2.478589660846997,0.6272935403075715,52,31907283.9883946,"Low-LQ, high-diversity"
39103,4.604762623951993,995112218.594574,1.9925933365099338,0.431753261748781,101,995112218.594574,"High-LQ (A), low-diversity — ""Dependent"""
06007,0.5150917681310538,663358484.8222696,2.244979774736681,0.47760645721965855,110,663358484.8222696,"High-LQ (A), high-diversity — ""Diversified specialist"""
18027,8.221481596551087,700197745.4527134,1.4706596559332068,0.34976627046431435,67,700197745.4527134,"High-LQ (A), low-diversity — ""Dependent"""
01081,2.855668629583974,562063861.8876508,2.9418708122271067,0.6211460191716331,114,562063861.8876508,"High-LQ (A), high-diversity — ""Diversified specialist"""
12011,0.402815430177705,11438599859.012075,3.6016661723859014,0.7087934582031465,161,11438599859.012075,"High-LQ (A), high-diversity — ""Diversified specialist"""
49013,0.04902890939410332,90484491.37604302,2.3546343596309813,0.5849512143374868,56,90484491.37604302,"Low-LQ, high-diversity"
48339,0.37952187604222826,955544805.984742,2.5054242311395707,0.5206417805549087,123,955544805.984742,"High-LQ (A), high-diversity — ""Diversified specialist"""
45079,0.145077462671595,16894259470.119492,2.915453441676729,0.5751644389727726,159,16894259470.119492,"High-LQ (A), high-diversity — ""Diversified specialist"""
10001,0.4870652648022668,2821548946.5756264,3.1113766698497796,0.6251844745739751,145,2821548946.5756264,"High-LQ (A), high-diversity — ""Diversified specialist"""
36107,1.1750285095575508,21009784409.703117,1.6058051171907342,0.37797032259735736,70,21009784409.703117,"High-LQ (A), low-diversity — ""Dependent"""
36005,0.2669030714526455,3347623597.6238546,2.930683674222714,0.5896969357928888,144,3347623597.6238546,"High-LQ (A), high-diversity — ""Diversified specialist"""
06045,0.00886389983306887,209052687.4267298,2.4988170956987585,0.5539558685187848,91,209052687.4267298,"Low-LQ, high-diversity"
42045,0.2645896985735366,33691118660.602123,1.2971041365226583,0.2621069046094976,141,33691118660.602123,"High-LQ (A), low-diversity — ""Dependent"""
42055,0.03988656696807207,9518088104.319132,2.687644733410322,0.5530346667287335,129,9518088104.319132,"Low-LQ, high-diversity"
16011,0.21447368119617893,326895889.86817515,2.4914937992818955,0.5593398164928581,86,326895889.86817515,"High-LQ (A), high-diversity — ""Diversified specialist"""
04021,0.021817121156252138,1371030690.3459654,2.294449986750929,0.4759991621906286,124,1371030690.3459654,"Low-LQ, high-diversity"
08101,0.3398406628004069,4633146177.509507,1.4646588924758486,0.30284812189517046,126,4633146177.509507,"High-LQ (A), low-diversity — ""Dependent"""
34039,0.04108504328339844,6049296487.29487,2.413372657435649,0.489084082749319,139,6049296487.29487,"Low-LQ, high-diversity"
40019,3.8514884854330793,69487033.98522355,2.4957776971440624,0.6482290954340433,47,69487033.98522355,"High-LQ (A), high-diversity — ""Diversified specialist"""
13153,0.5504895267632133,20040758073.359863,2.933035936111788,0.5815563566656898,155,20040758073.359863,"High-LQ (A), high-diversity — ""Diversified specialist"""
26161,2.548938135928315,6737855300.606999,3.4836372398690356,0.6847314547626969,162,6737855300.606999,"High-LQ (A), high-diversity — ""Diversified specialist"""
35049,0.5699036034066045,1957578382.258057,2.942161571359547,0.588760574932188,148,1957578382.258057,"High-LQ (A), high-diversity — ""Diversified specialist"""
24001,1.225072869051333,233343768.2131095,3.117569052469034,0.6814789102783816,97,233343768.2131095,"High-LQ (A), high-diversity — ""Diversified specialist"""
19103,2.4483953185436134,2128528701.4552066,3.1873131959213894,0.656902991645106,128,2128528701.4552066,"High-LQ (A), high-diversity — ""Diversified specialist"""
31083,0.001666319123362935,94410955.49555811,0.9173912734815199,0.2623735991855697,33,94410955.49555811,"Low-LQ, low-diversity"
42071,0.33733513511935503,3640815069.9146166,2.083498928643928,0.42670150493025116,132,3640815069.9146166,"High-LQ (A), low-diversity — ""Dependent"""
55139,0.06819158163567891,57368496980.92035,0.5694769015746991,0.12069026974640218,112,57368496980.92035,"Low-LQ, low-diversity"
51133,0.6763885667237078,115054907.26364362,1.7974897837366794,0.5453819035393721,27,115054907.26364362,"High-LQ (A), low-diversity — ""Dependent"""
31035,0.010586682192093891,78437842.16247246,2.6494740873361264,0.6257457351295748,69,78437842.16247246,"Low-LQ, high-diversity"
16081,2.0437453968152877,22233395.233531926,2.0871368249088675,0.578007275546313,37,22233395.233531926,"High-LQ (A), low-diversity — ""Dependent"""
21145,0.04793417810152974,2898473632.130113,1.8217795401945782,0.4169358696353335,79,2898473632.130113,"Low-LQ, low-diversity"
39123,0.6399674866573043,175635870.4900169,2.7187972574664965,0.5929807070855869,98,175635870.4900169,"High-LQ (A), high-diversity — ""Diversified specialist"""
53053,0.061212040941138114,18018759639.900352,2.9760593124979517,0.5863955444372967,160,18018759639.900352,"Low-LQ, high-diversity"
12071,0.01814598981231978,1744493710.7369716,2.882077329180499,0.5959283153113792,126,1744493710.7369716,"Low-LQ, high-diversity"
39023,0.17059862661081573,612410240.4781432,2.1200659742118386,0.45016506606562834,111,612410240.4781432,"High-LQ (A), low-diversity — ""Dependent"""
45055,0.03792434829884247,21772937.81375625,1.843625628102577,0.5272763166367461,33,21772937.81375625,"Low-LQ, low-diversity"
17163,0.04227793452897609,16773550466.01242,2.60373121202536,0.5189527586083905,151,16773550466.01242,"Low-LQ, high-diversity"
47143,5.129271848217169,969914.2061974312,1.587902480932322,0.6896172852693909,10,969914.2061974312,"High-LQ (A), low-diversity — ""Dependent"""
02150,0.2523968079832642,1698051321.436027,2.591225077551716,0.540312395404935,121,1698051321.436027,"High-LQ (A), high-diversity — ""Diversified specialist"""
40015,0.20841686568227952,496437177.3577705,2.8739466234603146,0.6024180698765448,118,496437177.3577705,"High-LQ (A), high-diversity — ""Diversified specialist"""
48201,1.5806860924259798,115357046207.27945,2.532082674911629,0.4919058556191226,172,115357046207.27945,"High-LQ (A), high-diversity — ""Diversified specialist"""
28163,0.0015513190118892264,1043165204.3584539,1.895180046140312,0.41616848484329966,95,1043165204.3584539,"Low-LQ, low-diversity"
13127,0.05229678089869982,3929818344.0702205,2.838540248208965,0.5703620878918794,145,3929818344.0702205,"Low-LQ, high-diversity"
34037,1.0139222785836095,220857913.75795293,2.498217980709307,0.5436676435405999,99,220857913.75795293,"High-LQ (A), high-diversity — ""Diversified specialist"""
34021,2.004901747353344,5302271976.541113,3.0717656450842674,0.617225233269206,145,5302271976.541113,"High-LQ (A), high-diversity — ""Diversified specialist"""
36111,0.33873676405006103,201292760.9360508,3.0786929992610967,0.6524729756724691,112,201292760.9360508,"High-LQ (A), high-diversity — ""Diversified specialist"""
37165,0.05312065431194856,46363942.21518838,1.450258720531048,0.3931434297517315,40,46363942.21518838,"Low-LQ, low-diversity"
06093,0.03347707405069553,624465721.1540433,1.7680063115082179,0.37193073875321314,116,624465721.1540433,"Low-LQ, low-diversity"
05125,0.021722309295087783,60935071.22188088,2.638616796119389,0.6275409488795362,67,60935071.22188088,"Low-LQ, high-diversity"
29155,2.7472358404613e-4,109811338.56660862,1.1190230252535478,0.4036022422934647,16,109811338.56660862,"Low-LQ, low-diversity"
18053,0.054000586303032144,756567623.3775566,2.939372341372115,0.6183478640778659,116,756567623.3775566,"Low-LQ, high-diversity"
42069,0.2140908434941337,6132508855.60308,1.7488820525781539,0.360443352050602,128,6132508855.60308,"High-LQ (A), low-diversity — ""Dependent"""
37055,0.16154050849267607,331786024.80246305,2.6524418348753374,0.562136795456585,112,331786024.80246305,"High-LQ (A), high-diversity — ""Diversified specialist"""
37019,0.009714624256535357,1734065413.702796,2.5884931395291186,0.5496287376621605,111,1734065413.702796,"Low-LQ, high-diversity"
34017,0.46218101495161845,2802065052.904678,2.9246929343564636,0.5944520880158053,137,2802065052.904678,"High-LQ (A), high-diversity — ""Diversified specialist"""
42003,0.5215469969209757,104144025767.0924,1.717197044127552,0.3363132357964127,165,104144025767.0924,"High-LQ (A), low-diversity — ""Dependent"""
54037,0.01588104369686992,3360060102.5576334,3.1622044877551096,0.6327937086757376,148,3360060102.5576334,"Low-LQ, high-diversity"
47041,0.004109672868796003,370846630.6898261,1.4764808082331373,0.41528446236417343,35,370846630.6898261,"Low-LQ, low-diversity"
05103,0.005398537529952678,1271628016.0590117,0.9155982656026737,0.27190906645299157,29,1271628016.0590117,"Low-LQ, low-diversity"
01087,0.3980737332735179,348078778.779933,3.1239817713660782,0.6685418794557273,107,348078778.779933,"High-LQ (A), high-diversity — ""Diversified specialist"""
51003,0.5337737156280385,5007628255.355203,2.892815439548037,0.5924498854165565,132,5007628255.355203,"High-LQ (A), high-diversity — ""Diversified specialist"""
23001,0.2171795096793045,58610994.61378046,2.507756422359966,0.5808369024798419,75,58610994.61378046,"High-LQ (A), high-diversity — ""Diversified specialist"""
04017,0.008363933298856884,1538709310.8656192,3.3025676335941037,0.6742906604718276,134,1538709310.8656192,"Low-LQ, high-diversity"
48233,0.003777043013924932,32069196.540091783,2.1834321434178157,0.5290431422174202,62,32069196.540091783,"Low-LQ, low-diversity"
37159,3.979531166624183e-4,1034532882.8284603,3.049578405391675,0.635886487618115,121,1034532882.8284603,"Low-LQ, high-diversity"
55101,0.17926717301621783,756556047.205838,2.704410806442386,0.5787523793932866,107,756556047.205838,"High-LQ (A), high-diversity — ""Diversified specialist"""
13219,0.01284149411849117,370450751.43363506,1.2770788305771223,0.2995952939031233,71,370450751.43363506,"Low-LQ, low-diversity"
39011,0.012323543587301231,80826352.87152919,1.5014267392226264,0.3818650366197195,51,80826352.87152919,"Low-LQ, low-diversity"
44001,3.069264708768654,127774690.391597,3.010891121290332,0.6777239417322458,85,127774690.391597,"High-LQ (A), high-diversity — ""Diversified specialist"""
08117,1.1026830624971065,64164830.94850367,2.8254740202616557,0.69293637621516,59,64164830.94850367,"High-LQ (A), high-diversity — ""Diversified specialist"""
37079,0.004238033136827459,14478693.101625202,0.8862228237665055,0.3455127958719532,13,14478693.101625202,"Low-LQ, low-diversity"
42097,0.016999034732532805,155522441.7921613,1.6503971046325856,0.3745183235027221,82,155522441.7921613,"Low-LQ, low-diversity"
17007,0.034397627618648036,55649829.534517236,1.8616550213984289,0.49496303417377224,43,55649829.534517236,"Low-LQ, low-diversity"
47031,7.2339400246187955,9750705041.067585,1.5097642490762655,0.332306029308961,94,9750705041.067585,"High-LQ (A), low-diversity — ""Dependent"""
35039,0.0904848788400257,246759790.65460455,2.8737621114872747,0.6187597413513489,104,246759790.65460455,"High-LQ (A), high-diversity — ""Diversified specialist"""
26003,0.014716178191077428,42798870.80446923,2.535028647649099,0.5987163159208784,69,42798870.80446923,"Low-LQ, high-diversity"
12095,0.675030718706069,106078830923.28711,2.784144722948695,0.5452750596691754,165,106078830923.28711,"High-LQ (A), high-diversity — ""Diversified specialist"""
10003,1.6607853253834035,5915043833.228045,3.219426259965184,0.6351325910943518,159,5915043833.228045,"High-LQ (A), high-diversity — ""Diversified specialist"""
42037,0.3504277428247766,95622438.97371535,2.7092977755166316,0.6490288515048022,65,95622438.97371535,"High-LQ (A), high-diversity — ""Diversified specialist"""
22071,0.10533758837380842,34513284998.3302,2.8779414765873668,0.5623182797926012,167,34513284998.3302,"High-LQ (A), high-diversity — ""Diversified specialist"""
40125,1.2098750497671333,198561680.7472447,2.9833916554072717,0.7070473296559026,68,198561680.7472447,"High-LQ (A), high-diversity — ""Diversified specialist"""
41067,1.1835287331826143,2528986068.4190593,3.256905817608776,0.655337659844614,144,2528986068.4190593,"High-LQ (A), high-diversity — ""Diversified specialist"""
11001,0.4155717798173054,529770321931.5927,2.791856205147634,0.5393692897982281,177,529770321931.5927,"High-LQ (A), high-diversity — ""Diversified specialist"""
41007,0.023106342328423075,1185029644.3049033,2.212745993614965,0.475454414548261,105,1185029644.3049033,"Low-LQ, low-diversity"
48231,0.11210932830779503,35913559670.446205,1.8572723815154306,0.43288426495841903,73,35913559670.446205,"High-LQ (A), low-diversity — ""Dependent"""
12091,0.4320948809178085,31579660317.81269,3.1387106208663136,0.6223371118046025,155,31579660317.81269,"High-LQ (A), high-diversity — ""Diversified specialist"""
48227,0.0022979999418584096,1680639094.978497,1.521214847195205,0.32961541126479066,101,1680639094.978497,"Low-LQ, low-diversity"
15009,1.3662006377540614,1998406882.1778011,2.54890444763331,0.5333414069143048,119,1998406882.1778011,"High-LQ (A), high-diversity — ""Diversified specialist"""
30023,0.012872127013059823,96275878.9281767,2.034195256587715,0.4772104205018628,71,96275878.9281767,"Low-LQ, low-diversity"
45041,0.007284778920882273,406167451.24027455,1.6948880619743725,0.3688452352172555,99,406167451.24027455,"Low-LQ, low-diversity"
38035,0.4852281829738626,1615235347.6045544,2.762880820414627,0.5676140248285314,130,1615235347.6045544,"High-LQ (A), high-diversity — ""Diversified specialist"""
39143,3.862873868054786,334138046.3248858,1.3098988652413739,0.3365774277597798,49,334138046.3248858,"High-LQ (A), low-diversity — ""Dependent"""
36061,0.3102930987834445,78166096772.86232,2.1409896335597756,0.41783854105256946,168,78166096772.86232,"High-LQ (A), low-diversity — ""Dependent"""
16019,0.015452559999412552,35715100613.23334,1.0447555148299275,0.21430014942326894,131,35715100613.23334,"Low-LQ, low-diversity"
37069,0.07941433410231,30249266.365873218,2.5434158612332776,0.6535285975223566,49,30249266.365873218,"Low-LQ, high-diversity"
12021,0.0421394087970155,1783507798.8514915,2.3928708878870655,0.4878158708672431,135,1783507798.8514915,"Low-LQ, high-diversity"
42077,0.17691387435052924,2119516681.8704832,2.7012055270381987,0.5515095710286955,134,2119516681.8704832,"High-LQ (A), high-diversity — ""Diversified specialist"""
12111,0.4053284018253511,894266553.6227723,2.1225234403795143,0.44334769737818924,120,894266553.6227723,"High-LQ (A), low-diversity — ""Dependent"""
51103,5.912096659304424,854075135.226026,1.762829807453985,0.5133478089701514,31,854075135.226026,"High-LQ (A), low-diversity — ""Dependent"""
36031,0.39208533333952234,93080893.97639844,2.4913324388236173,0.5770328425485926,75,93080893.97639844,"High-LQ (A), high-diversity — ""Diversified specialist"""
49011,0.27904074844976257,20594556536.082836,2.885006825790065,0.5727683092367426,154,20594556536.082836,"High-LQ (A), high-diversity — ""Diversified specialist"""
48453,1.6108169825310692,22288641096.401478,3.0247014063222495,0.5916879170195871,166,22288641096.401478,"High-LQ (A), high-diversity — ""Diversified specialist"""
18043,2.1653942043878867,424635134.1895464,1.687141413417848,0.3797600387725877,85,424635134.1895464,"High-LQ (A), low-diversity — ""Dependent"""
51650,0.6753324364614545,17745059589.770775,3.235886574612267,0.6352660509539235,163,17745059589.770775,"High-LQ (A), high-diversity — ""Diversified specialist"""
28035,0.6091974512139025,1136635947.091644,2.951958983555303,0.6209956821852696,116,1136635947.091644,"High-LQ (A), high-diversity — ""Diversified specialist"""
12009,0.9154580444269725,97741111500.302,3.180478614332181,0.6221608395810889,166,97741111500.302,"High-LQ (A), high-diversity — ""Diversified specialist"""
24009,0.3723043333279237,634312334.3503664,2.6149921395228954,0.5690802905709419,99,634312334.3503664,"High-LQ (A), high-diversity — ""Diversified specialist"""
24021,1.9506907604818258,32726154745.595837,2.535274562664745,0.5001622562829791,159,32726154745.595837,"High-LQ (A), high-diversity — ""Diversified specialist"""
34003,0.43623783911727626,6034003170.962417,2.9866785998214134,0.60012826773585,145,6034003170.962417,"High-LQ (A), high-diversity — ""Diversified specialist"""
37049,0.004501418646196959,7091728753.064366,2.830126665697344,0.5832871008127394,128,7091728753.064366,"Low-LQ, high-diversity"
12115,0.49229178591615236,1002574905.971195,3.1132206236499114,0.6375889649033459,132,1002574905.971195,"High-LQ (A), high-diversity — ""Diversified specialist"""
40143,0.39847312422602427,9066562620.090225,3.2478728018811256,0.6448090856214918,154,9066562620.090225,"High-LQ (A), high-diversity — ""Diversified specialist"""
53037,0.06673743331089717,394522278.8923076,1.389645164638979,0.3228680641547767,74,394522278.8923076,"Low-LQ, low-diversity"
16037,0.013749399509346073,107898147.44840749,2.0978773191750006,0.48741765604042747,74,107898147.44840749,"Low-LQ, low-diversity"
21061,0.028955104008161505,164167459.60667628,2.7166301294716058,0.5886368773162519,101,164167459.60667628,"Low-LQ, high-diversity"
42079,0.03947911038785702,6357774533.238709,2.265280620877073,0.45644802318916017,143,6357774533.238709,"Low-LQ, high-diversity"
29195,0.0022009127099353186,36926217.60901967,1.0521354670295457,0.3268642607773247,25,36926217.60901967,"Low-LQ, low-diversity"
48251,0.01553565924274319,380174544.65078574,2.6028789599233306,0.5874490140515006,84,380174544.65078574,"Low-LQ, high-diversity"
12057,0.24688498230283448,41071401290.95843,3.185622991154964,0.6253983539770788,163,41071401290.95843,"High-LQ (A), high-diversity — ""Diversified specialist"""
54003,0.05404249302459227,6252044467.37051,2.261813406656535,0.4544774793510329,145,6252044467.37051,"Low-LQ, high-diversity"
37113,0.05185944613110302,97388514.09546843,3.1593304812515615,0.6845607757636438,101,97388514.09546843,"Low-LQ, high-diversity"
29165,0.0023969246198805396,1694253126.5221078,1.42239471649131,0.30954463928718823,99,1694253126.5221078,"Low-LQ, low-diversity"
06021,0.006047802765147517,492115849.2577816,1.8726681106322098,0.4121828321464436,94,492115849.2577816,"Low-LQ, low-diversity"
48473,0.030687011319241748,475421493.97500503,1.9091074183985512,0.4808481240087256,53,475421493.97500503,"Low-LQ, low-diversity"
04019,1.0191430041252025,142265147396.91977,1.787567678246988,0.3484606183445464,169,142265147396.91977,"High-LQ (A), low-diversity — ""Dependent"""
39131,1.1146264677701452,8710729351.023361,1.4261904218661143,0.36841032481845676,48,8710729351.023361,"High-LQ (A), low-diversity — ""Dependent"""
12081,0.30250219111109644,2269039618.5868845,2.5436160704262933,0.5242374701042123,128,2269039618.5868845,"High-LQ (A), high-diversity — ""Diversified specialist"""
06019,0.027315689648420547,4176652500.6282015,2.5968808942301784,0.5232645967589314,143,4176652500.6282015,"Low-LQ, high-diversity"
50015,0.23430483385553577,17594903.047286578,2.000734482162185,0.5673652674466577,34,17594903.047286578,"High-LQ (A), low-diversity — ""Dependent"""
04001,0.014219299458625045,2158580077.9119034,3.0949865352126475,0.6309506959359209,135,2158580077.9119034,"Low-LQ, high-diversity"
51093,0.769478842510506,139993327.16836822,1.9964880085367256,0.47315662111189327,68,139993327.16836822,"High-LQ (A), low-diversity — ""Dependent"""
05051,0.0029111843028621675,1152205583.518089,2.0518682476124077,0.4308679766228547,117,1152205583.518089,"Low-LQ, low-diversity"
48117,0.0012172165766375631,37945050.588332735,0.03701887390156572,0.014897490778868486,12,37945050.588332735,"Low-LQ, low-diversity"
26121,0.09785040537210092,2219000250.1900125,1.129178982764107,0.24683067150474236,97,2219000250.1900125,"High-LQ (A), low-diversity — ""Dependent"""
02130,0.08789517698061018,478892978.0389662,2.879568176816658,0.6126114679198782,110,478892978.0389662,"High-LQ (A), high-diversity — ""Diversified specialist"""
05057,0.11582151596536584,64361216.93879703,1.5563671402409838,0.3832998360520128,58,64361216.93879703,"High-LQ (A), low-diversity — ""Dependent"""
41029,0.14105740718558185,2218471609.559374,2.4633437031130083,0.49706006171759465,142,2218471609.559374,"High-LQ (A), high-diversity — ""Diversified specialist"""
21067,0.1615923035553064,19631553823.538223,2.1216473688629054,0.4251429774813175,147,19631553823.538223,"High-LQ (A), low-diversity — ""Dependent"""
36033,1.9323155524994713,54442581.22134976,2.541545651268496,0.6601164199885892,47,54442581.22134976,"High-LQ (A), high-diversity — ""Diversified specialist"""
18091,0.006906131069082192,147730142.71522075,2.390044150042028,0.5535728384633404,75,147730142.71522075,"Low-LQ, high-diversity"
54021,0.0016735837981109458,178108378.70148236,2.4439620939794424,0.5404857065595919,92,178108378.70148236,"Low-LQ, high-diversity"
48053,0.07921136744773956,28026261.79393075,2.3575934186899388,0.5735017654607717,61,28026261.79393075,"Low-LQ, high-diversity"
37085,0.13822001285202085,401345141.06646734,2.3219138243057387,0.5240374246373458,84,401345141.06646734,"High-LQ (A), high-diversity — ""Diversified specialist"""
06069,0.2733803319173544,607490573.3207314,1.0555877698932052,0.23636576074727117,87,607490573.3207314,"High-LQ (A), low-diversity — ""Dependent"""
42111,0.59906467026400545,557443667.3246307,2.8801858275320016,0.6254244058765496,100,557443667.3246307,"High-LQ (A), high-diversity — ""Diversified specialist"""
09180,0.3891171164191355,882571600.7890531,0.778060971119523,0.1708568302657957,95,882571600.7890531,"High-LQ (A), low-diversity — ""Dependent"""
20091,0.3644815610426018,5709353116.928541,3.2613350272414334,0.6517526024143114,149,5709353116.928541,"High-LQ (A), high-diversity — ""Diversified specialist"""
36099,0.0015233864782143096,96315229.2876868,1.6937063996090291,0.41537482436622125,59,96315229.2876868,"Low-LQ, low-diversity"
28045,0.5641475138083246,11586905528.756662,2.6063651843111595,0.5321458624141365,134,11586905528.756662,"High-LQ (A), high-diversity — ""Diversified specialist"""
36075,0.007357310967588013,361071268.1528446,1.7283730167484699,0.4028410104923054,73,361071268.1528446,"Low-LQ, low-diversity"
22103,0.056630709122214344,2794102837.642844,2.60196304693665,0.529644989818332,136,2794102837.642844,"Low-LQ, high-diversity"
09190,0.7987445586432048,112165247.14006476,2.861075399898597,0.6932353378813804,62,112165247.14006476,"High-LQ (A), high-diversity — ""Diversified specialist"""
46085,0.0037920324255518614,61705293.33513934,1.796127793699272,0.43187744346212914,64,61705293.33513934,"Low-LQ, low-diversity"
36007,0.47761513292975183,2209685373.5604076,3.1027526232263187,0.645865743370947,122,2209685373.5604076,"High-LQ (A), high-diversity — ""Diversified specialist"""
08031,0.13322582089427595,17210919563.530006,3.304295228734444,0.6479179946177894,164,17210919563.530006,"High-LQ (A), high-diversity — ""Diversified specialist"""
37059,0.13217607950168286,300213508.0154733,2.1651797451114274,0.5046498573896068,73,300213508.0154733,"High-LQ (A), low-diversity — ""Dependent"""
29115,0.005746846793359868,7351365.842138609,1.1810474009867378,0.40861435826040426,18,7351365.842138609,"Low-LQ, low-diversity"
08007,1.3829076407021454,32239751.1936962,2.5406430459200915,0.6494448121585201,50,32239751.1936962,"High-LQ (A), high-diversity — ""Diversified specialist"""
06089,0.01448671067890122,1124036310.8623893,2.949754811778682,0.5969178988513584,140,1124036310.8623893,"Low-LQ, high-diversity"
19169,1.0742474688943526,2125146812.8878381,2.1543092872263134,0.4412034977829282,132,2125146812.8878381,"High-LQ (A), low-diversity — ""Dependent"""
46102,0.030504207426743417,697737406.3424726,2.883761178440516,0.6183765071750321,106,697737406.3424726,"Low-LQ, high-diversity"
06053,0.2920340627941747,12525327217.055733,2.8523927491718535,0.5599789225471017,163,12525327217.055733,"High-LQ (A), high-diversity — ""Diversified specialist"""
41003,5.880830940505947,1468689700.91725,2.364154595976908,0.49824834834727466,115,1468689700.91725,"High-LQ (A), high-diversity — ""Diversified specialist"""
27109,4.402424846045812,772571912.7379968,2.2665622408505097,0.4890387866489442,103,772571912.7379968,"High-LQ (A), high-diversity — ""Diversified specialist"""
18141,0.10126009370387411,26558503478.420433,0.9704156506570215,0.20098438159886783,125,26558503478.420433,"High-LQ (A), low-diversity — ""Dependent"""
24011,0.10847015482995415,19585134.458004273,0.914898607578222,0.2664245825911258,31,19585134.458004273,"High-LQ (A), low-diversity — ""Dependent"""
37105,0.4489079972751381,23622382.881683584,2.6973974627110495,0.6671687505352288,57,23622382.881683584,"High-LQ (A), high-diversity — ""Diversified specialist"""
49017,0.007831655918286743,102060998.26329829,2.474400689793352,0.5584524935536279,84,102060998.26329829,"Low-LQ, high-diversity"
35001,0.8293691313438545,93438102554.36507,1.5034357545797499,0.2937548988301367,167,93438102554.36507,"High-LQ (A), low-diversity — ""Dependent"""
42115,1.8572154993057008,32078672.02755609,2.2957070862790983,0.6223318259204336,40,32078672.02755609,"High-LQ (A), high-diversity — ""Diversified specialist"""
53063,0.057887048094958433,4730151638.740865,3.537858320845658,0.7051347415159457,151,4730151638.740865,"Low-LQ, high-diversity"
09005,0.09539280194569294,1014042738.0128891,2.4662451632598885,0.5299239739282294,105,1014042738.0128891,"High-LQ (A), high-diversity — ""Diversified specialist"""
31021,0.3614056847834601,4452215.176847638,0.6967951494578865,0.28041099633152555,12,4452215.176847638,"High-LQ (A), low-diversity — ""Dependent"""
47187,0.48430808186143487,1179200904.8639047,2.645326420401851,0.5497142721576235,123,1179200904.8639047,"High-LQ (A), high-diversity — ""Diversified specialist"""
25001,1.187578256410451,3069337626.0588856,3.3039502716603173,0.6567917790238383,153,3069337626.0588856,"High-LQ (A), high-diversity — ""Diversified specialist"""
06061,0.5535323723840025,696915429.0969595,3.115031503293029,0.6379598338576529,132,696915429.0969595,"High-LQ (A), high-diversity — ""Diversified specialist"""
37179,0.063699777273274,736949632.5722337,2.5551424914321936,0.5623985706152104,94,736949632.5722337,"Low-LQ, high-diversity"
21117,0.510107918919469,892651938.4782366,1.7845814530020527,0.3875169387728394,100,892651938.4782366,"High-LQ (A), low-diversity — ""Dependent"""
30081,0.593402491457425,909763205.579111,2.6195854178901206,0.5481309327256148,119,909763205.579111,"High-LQ (A), high-diversity — ""Diversified specialist"""
53067,0.39305986846914476,760633088.9711828,2.7683078279808835,0.5772370168506644,121,760633088.9711828,"High-LQ (A), high-diversity — ""Diversified specialist"""
17093,0.009939375168142313,328329484.1141416,2.0632531210028957,0.4585200868843554,90,328329484.1141416,"Low-LQ, low-diversity"
22005,0.004508687390501008,368565174.5294722,1.414655289946182,0.34412519982066303,61,368565174.5294722,"Low-LQ, low-diversity"
06037,4.049093630021898,305869138224.4146,3.019829384975884,0.5846959390423339,175,305869138224.4146,"High-LQ (A), high-diversity — ""Diversified specialist"""
29101,0.043364088560465246,2931956998.6985016,2.4806100808574585,0.5096235283194109,130,2931956998.6985016,"Low-LQ, high-diversity"
36093,1.2002615413508197,4308677312.232396,1.4608128402305811,0.2996417874777184,131,4308677312.232396,"High-LQ (A), low-diversity — ""Dependent"""
04003,0.7019969311845756,17632193760.483837,2.6398196853389635,0.5240906344987251,154,17632193760.483837,"High-LQ (A), high-diversity — ""Diversified specialist"""
29039,0.006578164611994681,39061809.009240076,2.4203963630021343,0.6012881728006473,56,39061809.009240076,"Low-LQ, high-diversity"
29197,10.283706735511053,26711.204431073464,0.11058467900881457,0.15953996800431464,2,26711.204431073464,"High-LQ (A), low-diversity — ""Dependent"""
39007,0.03699192064749386,846636556.5962644,1.332251719420983,0.3168487782619303,67,846636556.5962644,"Low-LQ, low-diversity"
51031,0.02072623073988052,2102629627.5565488,0.7519560808465274,0.18365725439541966,60,2102629627.5565488,"Low-LQ, low-diversity"
12037,0.023202930681410786,64869117.809410855,1.7433725606497315,0.5076817287998933,31,64869117.809410855,"Low-LQ, low-diversity"
51630,1.5477061029779215,1202156766.5250955,2.7416938306131824,0.5879124344252231,106,1202156766.5250955,"High-LQ (A), high-diversity — ""Diversified specialist"""
35029,0.025167868094779444,665923953.0452013,0.6743250416555944,0.16607179066523817,58,665923953.0452013,"Low-LQ, low-diversity"
32003,0.05672527787616748,36747005173.04786,2.8464440436081957,0.5555160135883108,168,36747005173.04786,"Low-LQ, high-diversity"
34005,2.785947811272597,49622533779.65578,2.5410529087534406,0.5025572344733735,157,49622533779.65578,"High-LQ (A), high-diversity — ""Diversified specialist"""
51163,0.009322963017234056,225583068.3706812,1.4769313503964232,0.34314800506349186,74,225583068.3706812,"Low-LQ, low-diversity"
29169,0.005620378752193405,7130334732.21825,2.683163586607936,0.5406503299031179,143,7130334732.21825,"Low-LQ, high-diversity"
46029,0.040040501187040535,44932154.14282072,3.324465549842944,0.7676449433903828,76,44932154.14282072,"Low-LQ, high-diversity"
42033,0.270613301251329,36202184.14937123,3.00362380121836,0.7336030848337347,60,36202184.14937123,"High-LQ (A), high-diversity — ""Diversified specialist"""
39063,0.023210701986443916,992022822.030216,0.3222248050596628,0.07807470632099184,62,992022822.030216,"Low-LQ, low-diversity"
53055,0.6759443377446906,61291423.07867206,2.9019607442298447,0.7146906720996742,58,61291423.07867206,"High-LQ (A), high-diversity — ""Diversified specialist"""
18011,2.7554480640745456,165342488.1063998,1.963108275163015,0.4668850859893211,67,165342488.1063998,"High-LQ (A), low-diversity — ""Dependent"""
27169,0.9021006285740168,162263052.78640896,2.782941984868749,0.6069709322509028,98,162263052.78640896,"High-LQ (A), high-diversity — ""Diversified specialist"""
01121,0.0037280181425237914,1401050388.66786,2.7247180986738875,0.5819397121740687,108,1401050388.66786,"Low-LQ, high-diversity"
18061,0.05121087339508811,17142615.83183246,1.3619205876139502,0.4231044195902509,25,17142615.83183246,"Low-LQ, low-diversity"
35045,0.008378049099648757,2090961890.2554603,2.6001768127892424,0.530077708229221,135,2090961890.2554603,"Low-LQ, high-diversity"
17111,2.402343343349878,311450198.5531461,3.3508731560537837,0.7115090068049773,111,311450198.5531461,"High-LQ (A), high-diversity — ""Diversified specialist"""
12085,0.23082950370586802,1006268225.7640666,2.806730243064297,0.5937169427806331,113,1006268225.7640666,"High-LQ (A), high-diversity — ""Diversified specialist"""
26051,0.2693876198972281,113890.12822128234,1.6814373110975112,0.8640878469716619,7,113890.12822128234,"High-LQ (A), low-diversity — ""Dependent"""
31045,0.09077907288782835,26640944.50361822,3.0367249335253508,0.7447448307468113,59,26640944.50361822,"High-LQ (A), high-diversity — ""Diversified specialist"""
55103,0.012761846285754849,2878328.4514957666,1.9661970944679847,0.6108334715112821,25,2878328.4514957666,"Low-LQ, low-diversity"
41017,0.16285491711631644,805528768.7186164,2.3037599556716577,0.47329094002735506,130,805528768.7186164,"High-LQ (A), high-diversity — ""Diversified specialist"""
22105,0.02170561751697115,252793016.4277673,2.291268425917669,0.514389263685125,86,252793016.4277673,"Low-LQ, high-diversity"
48007,0.008641809729587047,25182293.889574554,1.593143275226059,0.4596839805188473,32,25182293.889574554,"Low-LQ, low-diversity"
13121,2.779245088838163,23484423677.96102,3.409504498828351,0.6654036820972002,168,23484423677.96102,"High-LQ (A), high-diversity — ""Diversified specialist"""
30003,0.009526444527781473,447996098.8746242,2.923106913124123,0.612722731268685,118,447996098.8746242,"Low-LQ, high-diversity"
24003,1.1080317291860013,75744623627.56622,2.9733687210335917,0.5802868117312318,168,75744623627.56622,"High-LQ (A), high-diversity — ""Diversified specialist"""
42075,0.053953779832295025,2047100425.5420325,3.250630237840804,0.6559208382493854,142,2047100425.5420325,"Low-LQ, high-diversity"
39085,0.2726591491471048,1158069826.647998,3.2341945223610526,0.6743819379957139,121,1158069826.647998,"High-LQ (A), high-diversity — ""Diversified specialist"""
24043,1.2017526660781337,1111968903.7768857,2.773469414883823,0.5725355700312982,127,1111968903.7768857,"High-LQ (A), high-diversity — ""Diversified specialist"""
02105,0.28438227329233146,95662279.23371932,2.6398133899686096,0.6152752231266946,73,95662279.23371932,"High-LQ (A), high-diversity — ""Diversified specialist"""
36029,1.2700469584264529,8630148951.92319,3.5714156281851444,0.705451572738135,158,8630148951.92319,"High-LQ (A), high-diversity — ""Diversified specialist"""
48041,2.9387560725579887,2123413950.1634464,2.8178244851313217,0.577091704682288,132,2123413950.1634464,"High-LQ (A), high-diversity — ""Diversified specialist"""
06041,0.5132699411204849,1947436870.8881574,2.3097591455261144,0.4701651549414809,136,1947436870.8881574,"High-LQ (A), high-diversity — ""Diversified specialist"""
48375,0.020666362233279823,52702139409.09305,1.1101213259984588,0.2280664548546864,130,52702139409.09305,"Low-LQ, low-diversity"
36045,0.0025426268242993255,5001945383.457523,2.3890552587220903,0.4877773378267772,134,5001945383.457523,"Low-LQ, high-diversity"
36067,0.44076481564257414,28557062411.715084,2.2098700716903763,0.4359660359575213,159,28557062411.715084,"High-LQ (A), low-diversity — ""Dependent"""
24019,0.11874909667391716,182360079.53153476,2.209885550680483,0.49110644951307186,90,182360079.53153476,"High-LQ (A), low-diversity — ""Dependent"""
42095,0.7273164347596882,1253174672.7378168,2.05092229682742,0.4346556718078646,112,1253174672.7378168,"High-LQ (A), low-diversity — ""Dependent"""
26031,0.0016519986097804536,1105532551.8284695,0.42605956828124486,0.10169324073591113,66,1105532551.8284695,"Low-LQ, low-diversity"
06111,1.2254664454846467,25234293587.333138,3.389791264177954,0.6662854206225306,162,25234293587.333138,"High-LQ (A), high-diversity — ""Diversified specialist"""
17043,0.038515105477368444,53215167667.166016,2.123762199210562,0.4244174636101121,149,53215167667.166016,"Low-LQ, low-diversity"
27141,0.7268653912661057,140760270.84454453,2.0330028754498897,0.4639412411059408,80,140760270.84454453,"High-LQ (A), low-diversity — ""Dependent"""
40027,2.411233793275623,2279344134.2125406,3.105491972984013,0.6293461096497727,139,2279344134.2125406,"High-LQ (A), high-diversity — ""Diversified specialist"""
46011,4.566778276808943,81967249.43639466,2.753028865837736,0.6458446201098701,71,81967249.43639466,"High-LQ (A), high-diversity — ""Diversified specialist"""
51019,0.2750973452756499,339794584.37598395,1.7081298259290376,0.4007173597832155,71,339794584.37598395,"High-LQ (A), low-diversity — ""Dependent"""
48097,0.03811121566882391,77064009.35676008,1.695285900985639,0.450730045953173,43,77064009.35676008,"Low-LQ, low-diversity"
51193,0.17703192245777766,177782876.2617737,2.097491255350092,0.5144014700551675,59,177782876.2617737,"High-LQ (A), low-diversity — ""Dependent"""
17179,0.03280195292058494,252821597.4762876,2.9389753011031994,0.6289499156117996,107,252821597.4762876,"Low-LQ, high-diversity"
51099,2.453008900252158,11135210790.405668,2.8189867530276387,0.5746847792133368,135,11135210790.405668,"High-LQ (A), high-diversity — ""Diversified specialist"""
04023,0.02800817314577739,992761472.0167413,2.322091500101796,0.49793541917028705,106,992761472.0167413,"Low-LQ, high-diversity"
18151,0.048610215735875734,49032432.3735864,2.123036890663874,0.5545144271309195,46,49032432.3735864,"Low-LQ, low-diversity"
27003,0.43661844395515204,10240673174.205341,2.3085602538651524,0.4865317756739933,115,10240673174.205341,"High-LQ (A), high-diversity — ""Diversified specialist"""
36077,0.23746567736090826,289665385.0794687,1.4569393746651105,0.3827340560347437,45,289665385.0794687,"High-LQ (A), low-diversity — ""Dependent"""
13059,1.8061772077998408,871473981.3856015,2.7338091441092276,0.5643483819506682,127,871473981.3856015,"High-LQ (A), high-diversity — ""Diversified specialist"""
27061,0.0856451839522478,56019500.10501392,3.1353585879636428,0.6967758233502178,90,56019500.10501392,"High-LQ (A), high-diversity — ""Diversified specialist"""
28043,0.26044432767891723,73194445.35293473,2.4563280448891476,0.5689252593858912,75,73194445.35293473,"High-LQ (A), high-diversity — ""Diversified specialist"""
36123,2.7488682236640645,18668977.881707136,1.7690635000292367,0.5308988372794146,28,18668977.881707136,"High-LQ (A), low-diversity — ""Dependent"""
24037,1.8762089535073616,52925428703.45997,2.6357563913059714,0.5281619069034094,147,52925428703.45997,"High-LQ (A), high-diversity — ""Diversified specialist"""
51139,0.012219375039188235,964756266.0811118,2.4344711407861057,0.5140137532901218,114,964756266.0811118,"Low-LQ, high-diversity"
54011,0.4395207976020573,582882160.5337021,3.1389133310529402,0.6615296586203645,115,582882160.5337021,"High-LQ (A), high-diversity — ""Diversified specialist"""
08014,0.9082520377663728,1545632928.271891,2.150356444582435,0.4679652576459897,99,1545632928.271891,"High-LQ (A), low-diversity — ""Dependent"""
22089,0.0017743106072987988,1087266171.1170905,1.7406267637550692,0.3897587495103811,87,1087266171.1170905,"Low-LQ, low-diversity"
12061,0.1401616530685697,339614902.48993105,2.025047663203712,0.45228843553949005,88,339614902.48993105,"High-LQ (A), low-diversity — ""Dependent"""
37089,0.13708202856579246,216147177.56344676,2.271258488403861,0.5183123421551025,80,216147177.56344676,"High-LQ (A), high-diversity — ""Diversified specialist"""
37181,0.027120629571506964,307179415.55769277,1.7261801922684483,0.46183327274957114,42,307179415.55769277,"Low-LQ, low-diversity"
13277,0.002174336616071865,67079250.011733405,2.333982694459675,0.5296417955168441,82,67079250.011733405,"Low-LQ, high-diversity"
26043,0.1103403858060207,622208467.0491517,2.991410361926327,0.6376441135942633,109,622208467.0491517,"High-LQ (A), high-diversity — ""Diversified specialist"""
53025,0.013153527454125393,1020608226.3329175,2.5494556890335134,0.535355433031193,117,1020608226.3329175,"Low-LQ, high-diversity"
48497,0.17119036645848035,132186891.2267293,1.2371731012298381,0.3021663375977312,60,132186891.2267293,"High-LQ (A), low-diversity — ""Dependent"""
39099,3.860419965002463,911494189.9787627,2.037837791962741,0.43188264902634427,112,911494189.9787627,"High-LQ (A), low-diversity — ""Dependent"""
18167,0.026176487589526686,731284474.2011924,2.965882740803337,0.6216891231068387,118,731284474.2011924,"Low-LQ, high-diversity"
41005,0.8905956577887404,4115576403.21279,2.7511584460864116,0.5551360881059555,142,4115576403.21279,"High-LQ (A), high-diversity — ""Diversified specialist"""
06009,0.0672209803199651,58579906.65201677,2.5100531703803006,0.6081830481400418,62,58579906.65201677,"Low-LQ, high-diversity"
28011,0.1768410928607564,25904083.77984319,1.469137016515212,0.3956129004974529,41,25904083.77984319,"High-LQ (A), low-diversity — ""Dependent"""
21097,0.006358413140962252,15079287.398785928,1.6381217158288823,0.5154480708243807,24,15079287.398785928,"Low-LQ, low-diversity"
12129,0.12132720063983247,50279711.40139301,2.6537834108505534,0.6289319978240907,68,50279711.40139301,"High-LQ (A), high-diversity — ""Diversified specialist"""
42005,0.6531003052499036,490646110.10271454,1.9785244419858168,0.45413281462951977,78,490646110.10271454,"High-LQ (A), low-diversity — ""Dependent"""
39095,1.9097845628436116,797604922.6354377,3.180520301492323,0.6464497219482578,137,797604922.6354377,"High-LQ (A), high-diversity — ""Diversified specialist"""
41047,0.024507892595032242,2167638577.8606353,2.487947871708304,0.5064365255805141,136,2167638577.8606353,"Low-LQ, high-diversity"
46093,0.012612392090482545,3322254713.854543,2.24444579766946,0.4575576087062687,135,3322254713.854543,"Low-LQ, high-diversity"
17199,0.0011603305821764652,4883700694.26657,0.9241485558568112,0.19204346459110064,123,4883700694.26657,"Low-LQ, low-diversity"
51840,0.05220167580110947,365067502.15291196,2.7858583789523568,0.6206469291515818,89,365067502.15291196,"Low-LQ, high-diversity"
40119,2.427500214685695,817698420.0054573,3.219758601734008,0.67733196853148,116,817698420.0054573,"High-LQ (A), high-diversity — ""Diversified specialist"""
34011,0.006688671918859297,1152750175.5798862,2.2459551466025283,0.48561477813480114,102,1152750175.5798862,"Low-LQ, high-diversity"
18117,0.015802276711236064,29027258.16320891,2.0896173271820864,0.5877391723798484,35,29027258.16320891,"Low-LQ, low-diversity"
55027,0.0021347211979117534,54952018.167150185,2.7571269561826095,0.6239480444979023,83,54952018.167150185,"Low-LQ, high-diversity"
31023,0.011102350966650494,18901874.03894962,2.4558920694244395,0.7151721666920563,31,18901874.03894962,"Low-LQ, high-diversity"
23013,0.024253406381947448,82222319.23228754,2.3677807956773487,0.5536510753432654,72,82222319.23228754,"Low-LQ, high-diversity"
26021,0.08625604324612232,205211319.56777388,2.524410885951147,0.5652626115182282,87,205211319.56777388,"High-LQ (A), high-diversity — ""Diversified specialist"""
55087,0.12492053110139954,1132254959.0277255,2.090219809920666,0.4538854647067045,100,1132254959.0277255,"High-LQ (A), low-diversity — ""Dependent"""
56031,0.9250330364596012,164362733.97826916,2.449792392684518,0.5639737867538019,77,164362733.97826916,"High-LQ (A), high-diversity — ""Diversified specialist"""
17117,0.15830929544053643,189858151.84831527,0.5690936193402512,0.15533889540018184,39,189858151.84831527,"High-LQ (A), low-diversity — ""Dependent"""
29099,0.25873954488452,655554984.448968,2.2749377947946297,0.503105741462878,92,655554984.448968,"High-LQ (A), high-diversity — ""Diversified specialist"""
31121,0.010733839705314031,17149831.60562697,1.852248628966104,0.5091971839659264,38,17149831.60562697,"Low-LQ, low-diversity"
51195,0.022440549493195905,36941438.85344918,3.0375450648440596,0.710260043761124,72,36941438.85344918,"Low-LQ, high-diversity"
17201,0.05774903286578355,7467130221.479317,2.104459225141496,0.4443351029463045,114,7467130221.479317,"Low-LQ, low-diversity"
19061,0.3640867519463141,109784291.14986451,2.036159374302004,0.4659992390462731,79,109784291.14986451,"High-LQ (A), low-diversity — ""Dependent"""
38067,0.1749573806753866,598951016.3957239,2.073983963992994,0.4932545971204437,67,598951016.3957239,"High-LQ (A), low-diversity — ""Dependent"""
02063,0.051650377159750196,95240896.48058175,2.296711981816351,0.5424313203559366,69,95240896.48058175,"Low-LQ, high-diversity"
45063,0.03668278020482499,1339480853.1434586,1.5457042513893795,0.3234283971982114,119,1339480853.1434586,"Low-LQ, low-diversity"
22095,0.07879002865824537,282254647.3303318,1.0545590720712756,0.26689294490036736,52,282254647.3303318,"Low-LQ, low-diversity"
34009,0.18030210730313498,993529002.9309497,2.2956068645059373,0.4762391643023855,124,993529002.9309497,"High-LQ (A), high-diversity — ""Diversified specialist"""
16035,0.014642593095376135,272053808.3551853,2.764992987213215,0.5917171557454692,107,272053808.3551853,"Low-LQ, high-diversity"
02158,0.1277490616097883,15075828.50137472,1.5611446179805155,0.49789427454513646,23,15075828.50137472,"High-LQ (A), low-diversity — ""Dependent"""
30083,0.015373661473318426,43629481.64329974,1.6656333566017327,0.4175582898197721,54,43629481.64329974,"Low-LQ, low-diversity"
42091,0.41984113563388265,49226990912.23642,1.9364344647086071,0.3801588983303322,163,49226990912.23642,"High-LQ (A), low-diversity — ""Dependent"""
12069,0.5255156106193928,435664247.5073035,2.570142242574534,0.5368452585739617,120,435664247.5073035,"High-LQ (A), high-diversity — ""Diversified specialist"""
51073,0.21556804696665524,89875433.62782548,2.6075970728786046,0.603961610155496,75,89875433.62782548,"High-LQ (A), high-diversity — ""Diversified specialist"""
48485,0.5692846104665673,4379841493.1881,2.5012693562960604,0.5099142187285026,135,4379841493.1881,"High-LQ (A), high-diversity — ""Diversified specialist"""
51683,2.819749545274972,7306080122.422673,2.4315164263463873,0.5213998461814061,106,7306080122.422673,"High-LQ (A), high-diversity — ""Diversified specialist"""
26099,0.3582770683105205,63684305971.88994,1.4555150167514483,0.2893416119025595,153,63684305971.88994,"High-LQ (A), low-diversity — ""Dependent"""
37067,2.091307580329338,1824246805.132411,2.700766558808902,0.5702393149772733,114,1824246805.132411,"High-LQ (A), high-diversity — ""Diversified specialist"""
30063,0.6266635189080713,1864808798.025783,2.4552970575197985,0.4968585032146749,140,1864808798.025783,"High-LQ (A), high-diversity — ""Diversified specialist"""
54061,0.3791465234477191,5664577287.770445,1.9142854654820025,0.38966414494943485,136,5664577287.770445,"High-LQ (A), low-diversity — ""Dependent"""
23017,0.02104968497782353,72276831.86002102,2.160892311810343,0.5195847703573117,64,72276831.86002102,"Low-LQ, low-diversity"
08005,0.41419795998434944,172377545761.89328,1.1957998313168183,0.23649954479110688,157,172377545761.89328,"High-LQ (A), low-diversity — ""Dependent"""
33005,0.07835754686754162,143491377.12636936,2.70655306107988,0.6194267908591107,79,143491377.12636936,"Low-LQ, high-diversity"
21205,3.231057034633515,29607250.9288171,2.324458050222612,0.5972675694587116,49,29607250.9288171,"High-LQ (A), high-diversity — ""Diversified specialist"""
01095,0.37778204323448833,399495660.9183929,1.4238376694769277,0.31488373355265026,92,399495660.9183929,"High-LQ (A), low-diversity — ""Dependent"""
46063,0.0043713036485377695,50830326.9643063,1.7860120854787538,0.5200986431009513,31,50830326.9643063,"Low-LQ, low-diversity"
29015,0.02281473083273445,64815729.13151261,2.5398327578439415,0.6019263229993173,68,64815729.13151261,"Low-LQ, high-diversity"
47053,4.8511142732464397e-4,977002991.7669944,1.6083084170489723,0.42760511740343854,43,977002991.7669944,"Low-LQ, low-diversity"
46071,0.007345542014447464,65224853.503035784,2.662582198143634,0.6093635370062424,79,65224853.503035784,"Low-LQ, high-diversity"
48355,0.02078917771094204,11022347014.649376,2.5955319703600708,0.5180045678874767,150,11022347014.649376,"Low-LQ, high-diversity"
51800,0.5419628630376472,5671835507.533254,1.8658961665368927,0.38774411550832827,123,5671835507.533254,"High-LQ (A), low-diversity — ""Dependent"""
39137,7.499819000881201,39545736.09068881,1.0240974581347337,0.322240437954637,24,39545736.09068881,"High-LQ (A), low-diversity — ""Dependent"""
42127,0.017707479085337405,243839451.2767558,2.7533023582213665,0.5892153245408613,107,243839451.2767558,"Low-LQ, high-diversity"
24027,4.8643040715717385,51422094666.24694,3.1024008601618385,0.606887377005889,166,51422094666.24694,"High-LQ (A), high-diversity — ""Diversified specialist"""
28149,0.604920877205531,8494826787.498119,2.4018389289183317,0.47684366292575553,154,8494826787.498119,"High-LQ (A), high-diversity — ""Diversified specialist"""
17015,0.03517321115025606,149591750.13787928,2.229247983114951,0.5340299878718929,65,149591750.13787928,"Low-LQ, low-diversity"
36047,0.3044216994946821,6743996819.671514,3.5389241372761004,0.70442044204506,152,6743996819.671514,"High-LQ (A), high-diversity — ""Diversified specialist"""
46077,0.13432690028814068,3447788.479171158,1.8539610234250157,0.6686750936241744,16,3447788.479171158,"High-LQ (A), low-diversity — ""Dependent"""
01015,0.006189609749761164,8075633956.88798,3.1240887485191178,0.6303869590702085,142,8075633956.88798,"Low-LQ, high-diversity"
27013,0.024899715927953533,70258399.07883517,2.093479440273794,0.5155790722431718,58,70258399.07883517,"Low-LQ, low-diversity"
06005,0.3781392202766161,48223448.03771287,2.4734451820695127,0.5903696925807239,66,48223448.03771287,"High-LQ (A), high-diversity — ""Diversified specialist"""
06035,0.010891876808998608,1101751734.3863995,2.9710089194417395,0.6250031660281297,116,1101751734.3863995,"Low-LQ, high-diversity"
09009,1.0172182338983708,5125394860.612031,3.7956598731446523,0.7497459007451355,158,5125394860.612031,"High-LQ (A), high-diversity — ""Diversified specialist"""
04025,0.05448567156927104,840496392.6746031,3.2460466023029335,0.6647917842597095,132,840496392.6746031,"Low-LQ, high-diversity"
37115,0.6232938066149167,30948644.676213067,1.309653924773774,0.3973661252116274,27,30948644.676213067,"High-LQ (A), low-diversity — ""Dependent"""
35035,0.09757582164858686,4720915747.829061,2.7434833991685856,0.5551764301310902,140,4720915747.829061,"High-LQ (A), high-diversity — ""Diversified specialist"""
32013,0.10713456910414901,90351152.42759815,2.811843769774408,0.6416765584045042,80,90351152.42759815,"High-LQ (A), high-diversity — ""Diversified specialist"""
35053,3.3010797198147817,483495896.20110095,2.475528668967968,0.5515101837299633,89,483495896.20110095,"High-LQ (A), high-diversity — ""Diversified specialist"""
78010,0.11137299599907252,853486748.9469819,2.8332373252142156,0.5928361820526191,119,853486748.9469819,"High-LQ (A), high-diversity — ""Diversified specialist"""
51740,0.198950260777359,17436641699.247215,3.211895259720819,0.6336468655915762,159,17436641699.247215,"High-LQ (A), high-diversity — ""Diversified specialist"""
01043,0.49165203822152764,49804738.39290035,1.8880169807941407,0.46497807650305323,58,49804738.39290035,"High-LQ (A), low-diversity — ""Dependent"""
27161,0.09985904347012937,73639393.72525214,2.8661842184434385,0.6171281187751276,104,73639393.72525214,"High-LQ (A), high-diversity — ""Diversified specialist"""
72135,0.00727172330103701,22180016.15415135,1.468412254311731,0.4987069743002224,19,22180016.15415135,"Low-LQ, low-diversity"
37023,0.11605661667576664,241126140.6881438,1.485666221190773,0.35333527457851754,67,241126140.6881438,"High-LQ (A), low-diversity — ""Dependent"""
36065,5.51465553458699,6657002979.512272,2.612844299970218,0.5279796065778719,141,6657002979.512272,"High-LQ (A), high-diversity — ""Diversified specialist"""
51067,0.2935836025940591,29529047.411432315,2.5940029545641274,0.6388472754885554,58,29529047.411432315,"High-LQ (A), high-diversity — ""Diversified specialist"""
05055,0.00289026395710712,13848102.398157403,1.4500852169959861,0.4504943017040308,25,13848102.398157403,"Low-LQ, low-diversity"
05035,7.373958447461096e-4,88521093.05739525,2.2229598058577187,0.552239897689968,56,88521093.05739525,"Low-LQ, low-diversity"
08001,0.5330023913225889,5958003662.701781,2.556327182679053,0.511550649168945,148,5958003662.701781,"High-LQ (A), high-diversity — ""Diversified specialist"""
40091,0.038397294136952996,31246803.467413638,2.12149586537887,0.5832152895420203,38,31246803.467413638,"Low-LQ, low-diversity"
20209,0.0065463957558209015,8540403828.876919,1.498040427149996,0.3063258650604193,133,8540403828.876919,"Low-LQ, low-diversity"
21111,0.005956714208308268,120461411357.49545,0.8567368789796641,0.1698720332151968,155,120461411357.49545,"Low-LQ, low-diversity"
30053,0.034982730777071834,491124877.74199694,2.541319725262467,0.5438503774245584,107,491124877.74199694,"Low-LQ, high-diversity"
20125,0.001057045900666848,67917550.48649251,1.9778387866491838,0.49134558632514697,56,67917550.48649251,"Low-LQ, low-diversity"
06063,0.007560791700286269,523736714.43615335,1.8959613792068994,0.4173097872948505,94,523736714.43615335,"Low-LQ, low-diversity"
40117,0.06469221013164651,98723427.50631425,2.891084994085195,0.6655650318819869,77,98723427.50631425,"Low-LQ, high-diversity"
40101,0.005790488594034306,902174858.9016846,3.152737951026999,0.6508291060516928,127,902174858.9016846,"Low-LQ, high-diversity"
26141,0.007816332786740413,17482190.541702375,1.0968975502141367,0.325750277253942,29,17482190.541702375,"Low-LQ, low-diversity"
54045,0.05631708299730389,50450876.332467064,1.3254469600444774,0.37280371348205454,35,50450876.332467064,"Low-LQ, low-diversity"
48039,0.14374451134029886,1047062571.075782,2.291013509214866,0.4802274075015948,118,1047062571.075782,"High-LQ (A), high-diversity — ""Diversified specialist"""
22033,0.5048034666662371,4385678730.36962,3.1826353307714084,0.6386208969439946,146,4385678730.36962,"High-LQ (A), high-diversity — ""Diversified specialist"""
26081,0.3152526188945482,4444560558.866316,3.3367996875759274,0.6752410235732957,140,4444560558.866316,"High-LQ (A), high-diversity — ""Diversified specialist"""
06079,1.2887585329474915,1122552266.2123048,3.2473461986791468,0.6580936980690175,139,1122552266.2123048,"High-LQ (A), high-diversity — ""Diversified specialist"""
51029,2.767987644925532,14416623.579430657,2.192593347622702,0.6580008342607453,28,14416623.579430657,"High-LQ (A), low-diversity — ""Dependent"""
21069,3.100258830127021,10644540.437986067,1.8019327563007546,0.64990986288262,16,10644540.437986067,"High-LQ (A), low-diversity — ""Dependent"""
22015,0.2707190418960767,3087577910.3932605,3.0203647737589767,0.610327605433322,141,3087577910.3932605,"High-LQ (A), high-diversity — ""Diversified specialist"""
12101,0.18564011360263757,1118842954.064489,3.257513797171775,0.6757932607953152,124,1118842954.064489,"High-LQ (A), high-diversity — ""Diversified specialist"""
55033,0.03962462819623868,22293481.206938457,2.029638493702304,0.5465461440481891,41,22293481.206938457,"Low-LQ, low-diversity"
31119,0.005425660213501958,786383292.0975896,2.095999958158684,0.4602671543503249,95,786383292.0975896,"Low-LQ, low-diversity"
55111,0.002594950720516105,348019261.67513347,1.9951215684139625,0.45150340224849295,83,348019261.67513347,"Low-LQ, low-diversity"
51063,1.0187251083791167,127879493.2275852,1.8298079045748492,0.47525655997243654,47,127879493.2275852,"High-LQ (A), low-diversity — ""Dependent"""
09013,2.2648960467533636,324569224.39936274,2.9230225770815315,0.6218561401412773,110,324569224.39936274,"High-LQ (A), high-diversity — ""Diversified specialist"""
26017,0.3336497793427636,94109354.85269469,2.8405229189990626,0.6539249904492481,77,94109354.85269469,"High-LQ (A), high-diversity — ""Diversified specialist"""
32023,3.12943583831863,180163656.0689373,2.6449897502428117,0.6089107345683278,77,180163656.0689373,"High-LQ (A), high-diversity — ""Diversified specialist"""
20099,0.0035987116749037476,446499191.0182527,1.0645520377597117,0.3229990078514746,27,446499191.0182527,"Low-LQ, low-diversity"
21095,0.02465488951207291,23981063.93638123,2.020647637667925,0.5441250637856057,41,23981063.93638123,"Low-LQ, low-diversity"
47155,0.005325103429394096,519464379.4539585,2.1720095198156284,0.47695833056484693,95,519464379.4539585,"Low-LQ, low-diversity"
36069,0.024906441647360156,2751560542.157603,2.2078361185509507,0.46116760867099926,120,2751560542.157603,"Low-LQ, low-diversity"
55073,0.19717700167158375,436708110.62090874,1.2191395783376846,0.2696144584303643,92,436708110.62090874,"High-LQ (A), low-diversity — ""Dependent"""
37189,0.41350418693144114,28324413.70463516,2.720424726708191,0.688498336337723,52,28324413.70463516,"High-LQ (A), high-diversity — ""Diversified specialist"""
18057,0.17834342144561283,2394361313.117027,1.9175965397866312,0.4012444002651514,119,2394361313.117027,"High-LQ (A), low-diversity — ""Dependent"""
48049,0.397955350241312,37411720.466539785,2.8196327201188303,0.7323440584112877,47,37411720.466539785,"High-LQ (A), high-diversity — ""Diversified specialist"""
55049,0.09022551064240675,8501085.323007649,1.9947126115646006,0.5524115086027809,37,8501085.323007649,"High-LQ (A), low-diversity — ""Dependent"""
42043,0.01371278789446149,12348449091.207674,1.629981112731001,0.33129825853067607,137,12348449091.207674,"Low-LQ, low-diversity"
51187,0.19484931940620773,211021380.69065994,2.9778222910427177,0.6466258945441756,100,211021380.69065994,"High-LQ (A), high-diversity — ""Diversified specialist"""
19139,0.01939471340930252,804305089.501557,1.3934801859130033,0.3269023774030632,71,804305089.501557,"Low-LQ, low-diversity"
12109,0.028801458861676888,1857817218.2097619,2.857194794689177,0.5842517005995685,133,1857817218.2097619,"Low-LQ, high-diversity"
42107,0.48067429296727726,183449706.85275114,3.1587710605293005,0.6787275401739048,105,183449706.85275114,"High-LQ (A), high-diversity — ""Diversified specialist"""
13113,0.22072238328988886,725071162.138418,2.6843645905196167,0.5767914611538877,105,725071162.138418,"High-LQ (A), high-diversity — ""Diversified specialist"""
09120,0.4790431465598441,1341918897.6388512,1.364095608416272,0.33453907589617526,59,1341918897.6388512,"High-LQ (A), low-diversity — ""Dependent"""
19127,0.0034751659774388067,146781629.1787196,0.7306492932559177,0.19425961681945406,43,146781629.1787196,"Low-LQ, low-diversity"
27049,0.06498310829480035,104062992.30703075,1.9753840705600305,0.4929423083260384,55,104062992.30703075,"Low-LQ, low-diversity"
51011,0.011308032071125143,14491583.674434312,2.7178953471469147,0.705919779787079,47,14491583.674434312,"Low-LQ, high-diversity"
38045,0.0014021770487025085,56457140.06157064,1.9653010721144877,0.5258092000697238,42,56457140.06157064,"Low-LQ, low-diversity"
08049,0.12407825041897885,52892803.200634934,2.4980485503071668,0.5984228076590555,65,52892803.200634934,"High-LQ (A), high-diversity — ""Diversified specialist"""
22011,0.023710335269878268,24811615.17192642,2.139242535722619,0.588093983699215,38,24811615.17192642,"Low-LQ, low-diversity"
66010,0.007906855421828684,23017101055.32168,2.3616314822159468,0.46946836818577464,153,23017101055.32168,"Low-LQ, high-diversity"
35043,0.17061046936874058,766227493.8849587,2.6866810904360565,0.5555261546218654,126,766227493.8849587,"High-LQ (A), high-diversity — ""Diversified specialist"""
23031,0.14505368484700884,6893249885.530001,2.4759669931333788,0.5047560238657193,135,6893249885.530001,"High-LQ (A), high-diversity — ""Diversified specialist"""
33009,4.255741524408903,1932620418.676046,3.2450776312484084,0.6566799767626511,140,1932620418.676046,"High-LQ (A), high-diversity — ""Diversified specialist"""
48071,0.0043813654700765375,485429602.19607216,1.8242803408366761,0.4323443558590533,68,485429602.19607216,"Low-LQ, low-diversity"
24017,0.3605655097136633,6779837400.368438,2.080875121421444,0.4187028759408273,144,6779837400.368438,"High-LQ (A), low-diversity — ""Dependent"""
12023,0.0011999553220982293,334234184.28499585,2.552592703001467,0.5730565071000232,86,334234184.28499585,"Low-LQ, high-diversity"
48241,3.2537310321310484e-4,99144102.93117109,2.151625663540793,0.5419313517468258,53,99144102.93117109,"Low-LQ, low-diversity"
51061,1.3675496984864703,1376973940.6830833,1.7293180808942414,0.37887514456650484,96,1376973940.6830833,"High-LQ (A), low-diversity — ""Dependent"""
16069,0.008655752526648845,236093590.36138895,1.9860097453574002,0.4519359936718705,81,236093590.36138895,"Low-LQ, low-diversity"
35031,0.008000240505302042,2906939569.1021085,3.0080486283814127,0.6104919333548462,138,2906939569.1021085,"Low-LQ, high-diversity"
12117,1.1972144824440567,2205686803.192273,3.4067813775178055,0.6884111278345877,141,2205686803.192273,"High-LQ (A), high-diversity — ""Diversified specialist"""
37039,0.1630419173410416,143821556.2467011,2.3416799272472724,0.579186305619486,57,143821556.2467011,"High-LQ (A), high-diversity — ""Diversified specialist"""
01045,0.028745725786072936,19052606932.934326,1.4683803571721246,0.3011940358155507,131,19052606932.934326,"Low-LQ, low-diversity"
53011,0.2635255430251866,3347927403.4424534,3.0964140716275907,0.6155356889426631,153,3347927403.4424534,"High-LQ (A), high-diversity — ""Diversified specialist"""
39089,0.03568421632022742,3742693205.083312,1.8636371858080896,0.4046836730330792,100,3742693205.083312,"Low-LQ, low-diversity"
39109,0.02866133613452719,1457741403.7123332,1.133183351823052,0.2593424592956862,79,1457741403.7123332,"Low-LQ, low-diversity"
41027,0.32586833799335224,569248921.1575204,2.865462947745954,0.6157042029051594,105,569248921.1575204,"High-LQ (A), high-diversity — ""Diversified specialist"""
19163,0.14957098027865567,1523371511.6869667,2.9357651403570983,0.6031318669110441,130,1523371511.6869667,"High-LQ (A), high-diversity — ""Diversified specialist"""
48249,1.7518125480310367,43151189.31172401,2.1997323474023855,0.6047230913061992,38,43151189.31172401,"High-LQ (A), low-diversity — ""Dependent"""
05115,0.012994400217682115,181270034.1961363,2.6389254756997667,0.5730353861251613,100,181270034.1961363,"Low-LQ, high-diversity"
56037,0.04660168718295312,84234318.82914077,2.5737149927628322,0.599869321238461,73,84234318.82914077,"Low-LQ, high-diversity"
21213,0.028355364967910933,6431626.07173949,0.25616902940287367,0.09459537688725626,15,6431626.07173949,"Low-LQ, low-diversity"
18073,0.006960370808672051,442171067.6732314,0.10029232311815735,0.032446116360903755,22,442171067.6732314,"Low-LQ, low-diversity"
01117,0.8646381387118325,3286818774.904718,2.4898793389656557,0.5131623678196632,128,3286818774.904718,"High-LQ (A), high-diversity — ""Diversified specialist"""
37149,7.341460373179542,1311232.9059982651,1.0156607852451627,0.4884295926995289,8,1311232.9059982651,"High-LQ (A), low-diversity — ""Dependent"""
36015,0.3217589069270661,114167999.48878366,2.6195889183090757,0.6086313430633823,74,114167999.48878366,"High-LQ (A), high-diversity — ""Diversified specialist"""
01001,0.12824141560017627,53729837.976672485,1.9688808822458352,0.48286028254345553,59,53729837.976672485,"High-LQ (A), low-diversity — ""Dependent"""
37167,2.295972435767308,81152255.81416394,2.423858491089627,0.5744410629032052,68,81152255.81416394,"High-LQ (A), high-diversity — ""Diversified specialist"""
49021,0.07761371050822206,289623340.40440315,2.7154762386527382,0.5858975240081924,103,289623340.40440315,"Low-LQ, high-diversity"
54039,0.108794379810713,1500741487.3580368,3.0105605799872546,0.6101077076877364,139,1500741487.3580368,"High-LQ (A), high-diversity — ""Diversified specialist"""
20079,0.013664347147820858,74335669.04965253,0.9851280308586032,0.2793611214683821,34,74335669.04965253,"Low-LQ, low-diversity"
17005,0.003178750706997151,98333580.73970442,2.135220124883642,0.4945514773252623,75,98333580.73970442,"Low-LQ, low-diversity"
16017,1.8648418243092348,272070827.5797761,2.622074388198655,0.5669383354356793,102,272070827.5797761,"High-LQ (A), high-diversity — ""Diversified specialist"""
40013,0.022196422253623584,425457336.2009503,1.4376048256190446,0.34833002550832565,62,425457336.2009503,"Low-LQ, low-diversity"
55079,0.20391944866083425,7493078711.211818,3.8494136379760575,0.7603637290487487,158,7493078711.211818,"High-LQ (A), high-diversity — ""Diversified specialist"""
18093,0.054550853264659395,424437808.06172055,2.233055631722286,0.48923866849083736,96,424437808.06172055,"Low-LQ, low-diversity"
51600,1.0259343656440518,6305655796.2302265,2.5110730271795285,0.5254254322573807,119,6305655796.2302265,"High-LQ (A), high-diversity — ""Diversified specialist"""
42125,2.3803863452168854,977633972.1913998,2.9284498252029203,0.6055167753959263,126,977633972.1913998,"High-LQ (A), high-diversity — ""Diversified specialist"""
19187,0.011575463286038375,104211490.30973183,1.5575125018916565,0.388665586288479,55,104211490.30973183,"Low-LQ, low-diversity"
27103,0.008117497840132529,147948869.73909044,1.44265015771857,0.3965954603882384,38,147948869.73909044,"Low-LQ, low-diversity"
18085,0.07985123184678686,807828324.7823722,0.8570351835246408,0.20848004872973375,61,807828324.7823722,"Low-LQ, low-diversity"
26037,0.057643140767633216,719505884.3583609,1.128279817423941,0.2790664136268164,57,719505884.3583609,"Low-LQ, low-diversity"
72023,0.0020099338364378528,774668082.9695015,0.8862599667412225,0.22893669541933007,48,774668082.9695015,"Low-LQ, low-diversity"
35009,8.589785861272202e-4,2690755523.3158755,2.64904517163895,0.5514224744171656,122,2690755523.3158755,"Low-LQ, high-diversity"
42011,0.12055993547545127,1809754095.9533443,2.835036161400323,0.586201593692327,126,1809754095.9533443,"High-LQ (A), high-diversity — ""Diversified specialist"""
26131,0.025850223634687003,8371587.854573484,2.199244914476679,0.6404348017384093,31,8371587.854573484,"Low-LQ, low-diversity"
45043,0.056163414920112696,686242697.6269549,2.025513587931763,0.4547273603105433,86,686242697.6269549,"Low-LQ, low-diversity"
27171,0.06617930520222207,30158371.449157342,2.607190767873704,0.603867503352138,75,30158371.449157342,"Low-LQ, high-diversity"
13063,0.27538503291802235,1223284115.9557536,3.360877392021212,0.6984099410632642,123,1223284115.9557536,"High-LQ (A), high-diversity — ""Diversified specialist"""
35005,1.3396897489869542e-5,973303781.9145514,1.732123849815675,0.3909265330644802,84,973303781.9145514,"Low-LQ, low-diversity"
36079,0.9281341727434557,97861882.89318116,2.252814274683741,0.5339045291753334,68,97861882.89318116,"High-LQ (A), high-diversity — ""Diversified specialist"""
56003,0.19560430307085547,48690909.72551367,2.4442149100293102,0.5969734283190801,60,48690909.72551367,"High-LQ (A), high-diversity — ""Diversified specialist"""
30077,0.01764532110019967,25929746.041248605,2.391587316420793,0.6177894947025516,48,25929746.041248605,"Low-LQ, high-diversity"
78030,0.014637208983159742,685960305.3312982,2.398882573786079,0.5399664378970837,85,685960305.3312982,"Low-LQ, high-diversity"
26059,0.36294376123609107,5013750.276554551,2.1624576906251476,0.6718052538462527,25,5013750.276554551,"High-LQ (A), low-diversity — ""Dependent"""
72031,9.938848987112788e-4,324143627.110715,2.6461779562401024,0.5733713662695928,101,324143627.110715,"Low-LQ, high-diversity"
06055,0.30542341966829384,291015762.0269575,2.0394935218040056,0.46542243848223175,80,291015762.0269575,"High-LQ (A), low-diversity — ""Dependent"""
39025,0.10845173439448946,2275455470.4399424,1.438824750236993,0.3032340002581473,115,2275455470.4399424,"High-LQ (A), low-diversity — ""Dependent"""
37063,1.7483541213194203,27428052916.830833,2.67548809196846,0.5265253264245269,161,27428052916.830833,"High-LQ (A), high-diversity — ""Diversified specialist"""
49037,0.014768163926611311,91931183.99449414,2.9600409063071367,0.6611164245529522,88,91931183.99449414,"Low-LQ, high-diversity"
31102,0.1764226347693688,14680427.645635644,2.4430533713171645,0.6244987230206198,50,14680427.645635644,"High-LQ (A), high-diversity — ""Diversified specialist"""
18089,0.14338696137699966,891252642.1341221,2.8643911645405478,0.5983072803956482,120,891252642.1341221,"High-LQ (A), high-diversity — ""Diversified specialist"""
29013,6.458403364234144,5067399.646418955,1.7224943181406722,0.636064396974471,15,5067399.646418955,"High-LQ (A), low-diversity — ""Dependent"""
72033,0.004393956961388185,382979890.53471905,1.0001131798923197,0.22758556185112302,81,382979890.53471905,"Low-LQ, low-diversity"
51095,0.09971892010538418,634411602.64524,2.5757968683823576,0.5593271832210672,100,634411602.64524,"High-LQ (A), high-diversity — ""Diversified specialist"""
39169,0.05071700089458218,839128358.3795155,1.961693271776051,0.4297860700993531,96,839128358.3795155,"Low-LQ, low-diversity"
26093,0.07823357684928893,748395591.7936945,2.557973530389541,0.5496337179372318,105,748395591.7936945,"Low-LQ, high-diversity"
12005,0.5402666886146205,17326154513.14999,2.8444119172436566,0.5639841677635837,155,17326154513.14999,"High-LQ (A), high-diversity — ""Diversified specialist"""
01051,0.6665967556440974,34349059.80580116,2.8385917711752526,0.6932957712857171,60,34349059.80580116,"High-LQ (A), high-diversity — ""Diversified specialist"""
37077,0.8946511608010519,1312795385.1737182,2.406848529528293,0.5045079939229622,118,1312795385.1737182,"High-LQ (A), high-diversity — ""Diversified specialist"""
51036,1.3877035445748127,82986804.00382333,2.560820581024976,0.6134602315153664,65,82986804.00382333,"High-LQ (A), high-diversity — ""Diversified specialist"""
05133,0.2500312443512149,15850796.119197031,2.742763138155641,0.7385781368691109,41,15850796.119197031,"High-LQ (A), high-diversity — ""Diversified specialist"""
05047,0.004985510030196999,212671843.03455198,1.4228633365014387,0.32955813637110837,75,212671843.03455198,"Low-LQ, low-diversity"
31009,2.255409483239523,102893.07713363631,1.998983687216763,0.909776682745925,9,102893.07713363631,"High-LQ (A), low-diversity — ""Dependent"""
53075,2.1820569590692243,251516762.883954,2.3506932857454457,0.5223983808126079,90,251516762.883954,"High-LQ (A), high-diversity — ""Diversified specialist"""
36053,6.043437729859862,204740849.7105376,1.6060056751374676,0.3793021440045774,69,204740849.7105376,"High-LQ (A), low-diversity — ""Dependent"""
40021,0.09296479142126239,235671668.70312375,1.4887614451372637,0.36665000377309054,58,235671668.70312375,"High-LQ (A), low-diversity — ""Dependent"""
39081,0.41241693841915633,50551231.67878971,2.679308808393902,0.6814414113622412,51,50551231.67878971,"High-LQ (A), high-diversity — ""Diversified specialist"""
29065,0.1077624223345043,433631013.318078,0.2336918673620132,0.061754798244622267,44,433631013.318078,"High-LQ (A), low-diversity — ""Dependent"""
39055,0.13367123474813059,189079947.30475038,3.1303858389033086,0.7027709405452589,86,189079947.30475038,"High-LQ (A), high-diversity — ""Diversified specialist"""
30093,2.5743881932263775,234994925.9510734,3.424741553544141,0.7420697988377011,101,234994925.9510734,"High-LQ (A), high-diversity — ""Diversified specialist"""
26061,6.757349415085935,501700329.77821183,2.6655990719932245,0.5727592999160386,105,501700329.77821183,"High-LQ (A), high-diversity — ""Diversified specialist"""
33007,0.3432754914941915,180505673.58138773,2.192399001938885,0.48722038542976265,90,180505673.58138773,"High-LQ (A), low-diversity — ""Dependent"""
47051,4.862009722305926,549817426.0932305,1.839246880289134,0.43899724286100456,66,549817426.0932305,"High-LQ (A), low-diversity — ""Dependent"""
12097,1.2146267916028368,254275909.6236453,3.1817101797564526,0.6954997145628092,97,254275909.6236453,"High-LQ (A), high-diversity — ""Diversified specialist"""
42093,0.4428769880141455,61153401.25425675,1.5025144899615936,0.426080793348587,34,61153401.25425675,"High-LQ (A), low-diversity — ""Dependent"""
16053,0.4441421003405518,218018479.37512332,0.8981534212460572,0.2273090412070333,52,218018479.37512332,"High-LQ (A), low-diversity — ""Dependent"""
48085,0.9472739734042855,30091741907.833126,2.7634512526271298,0.5568280811729555,143,30091741907.833126,"High-LQ (A), high-diversity — ""Diversified specialist"""
48069,0.1919353422457701,3541360.408568792,0.8493174235985608,0.4740130794254838,6,3541360.408568792,"High-LQ (A), low-diversity — ""Dependent"""
01101,0.5055653567564065,10638559559.990126,3.093547899920313,0.614965923098801,153,10638559559.990126,"High-LQ (A), high-diversity — ""Diversified specialist"""
20151,0.04761981124740989,1932846.2104933357,1.452825176166785,0.5026430154521934,18,1932846.2104933357,"Low-LQ, low-diversity"
48347,0.07784980053328489,10948601.094266158,2.7950179802106336,0.7144686972270852,50,10948601.094266158,"Low-LQ, high-diversity"
37135,3.7888801937520946,1175129516.7531238,3.0510797145402653,0.6503631346755961,109,1175129516.7531238,"High-LQ (A), high-diversity — ""Diversified specialist"""
30029,0.05416876378678659,927774764.7999231,2.9259895515791476,0.5964986027776862,135,927774764.7999231,"Low-LQ, high-diversity"
48325,0.011175246178012343,169946082.32790384,0.8520925011014162,0.24586192514353736,32,169946082.32790384,"Low-LQ, low-diversity"
13115,0.04332977068803044,54049408.01930484,1.8925449434800057,0.48133999832761626,51,54049408.01930484,"Low-LQ, low-diversity"
05031,1.6497750290273185,176152494.94900694,2.4316665368492165,0.5549182466414163,80,176152494.94900694,"High-LQ (A), high-diversity — ""Diversified specialist"""
47131,0.013987656450818451,8662849.898194047,2.5715961300411627,0.67555138837547,45,8662849.898194047,"Low-LQ, high-diversity"
17193,0.5255956824022233,8525981.481782226,1.9480719646370714,0.5785271217601622,29,8525981.481782226,"High-LQ (A), low-diversity — ""Dependent"""
08011,0.008145430023337213,47475541.42415217,2.291399865720527,0.6254568878733804,39,47475541.42415217,"Low-LQ, high-diversity"
37007,0.015235933631412115,14870814.362893175,1.4002003878223679,0.4248391060446766,27,14870814.362893175,"Low-LQ, low-diversity"
02060,0.002115388722026351,229635022.73021317,2.7161058804355807,0.6252825844295079,77,229635022.73021317,"Low-LQ, high-diversity"
54049,0.6473715982504865,1915628366.951638,1.8489843615437644,0.4243993425075184,78,1915628366.951638,"High-LQ (A), low-diversity — ""Dependent"""
47147,0.22956973088801835,56601817.043279566,2.5875478675536385,0.607023736755393,71,56601817.043279566,"High-LQ (A), high-diversity — ""Diversified specialist"""
18165,1.7949391786027522,442905808.35447484,0.6755442726981676,0.28172384355627006,11,442905808.35447484,"High-LQ (A), low-diversity — ""Dependent"""
06031,0.005648002840810779,3577393991.9283705,1.9472300600107952,0.4228356350294131,100,3577393991.9283705,"Low-LQ, low-diversity"
51107,0.7346488008724997,65543269799.70493,2.9530606004569804,0.5797419355172279,163,65543269799.70493,"High-LQ (A), high-diversity — ""Diversified specialist"""
13007,2.1590642439807897,9305025.598199213,0.533554144574553,0.3848779592117303,4,9305025.598199213,"High-LQ (A), low-diversity — ""Dependent"""
51610,0.222628376390671,5220213521.657873,1.0636783379204255,0.23304057738381265,96,5220213521.657873,"High-LQ (A), low-diversity — ""Dependent"""
27163,0.5825152149049433,285478148.4516069,3.3015296132992784,0.6970843070181002,114,285478148.4516069,"High-LQ (A), high-diversity — ""Diversified specialist"""
55133,0.19620080130650494,4354512320.536169,2.2857154113696754,0.46884572250889517,131,4354512320.536169,"High-LQ (A), high-diversity — ""Diversified specialist"""
25003,0.04767461782262892,8373323953.172766,2.2566982065212713,0.48793761555513926,102,8373323953.172766,"Low-LQ, high-diversity"
32005,1.0533025643312968,271573502.45340705,2.365745565745732,0.5183096176071831,96,271573502.45340705,"High-LQ (A), high-diversity — ""Diversified specialist"""
54023,1.046605862473886,13570738.655517578,2.5072787547264093,0.694360496522715,37,13570738.655517578,"High-LQ (A), high-diversity — ""Diversified specialist"""
29043,0.05719316901543099,32659359.497967247,2.0748528871898317,0.5331317296939729,49,32659359.497967247,"Low-LQ, low-diversity"
47021,0.026895197295588143,53178717.997355044,2.3116830757337428,0.5742810202284612,56,53178717.997355044,"Low-LQ, high-diversity"
13117,0.007702372381870047,1470521503.664295,2.7004838267908697,0.5660579223665061,118,1470521503.664295,"Low-LQ, high-diversity"
28037,0.004895796768169975,28458067.85778958,2.0894858717645843,0.5457512614476417,46,28458067.85778958,"Low-LQ, low-diversity"
20089,0.05406836976716664,1519405.4233239864,1.2554488468097815,0.5713793936948451,9,1519405.4233239864,"Low-LQ, low-diversity"
20005,0.2263367805745989,158112412.22780585,2.1611901763358814,0.5613265775514633,47,158112412.22780585,"High-LQ (A), low-diversity — ""Dependent"""
39097,5.797111505539466,30499216.57499732,2.036443620758181,0.5381452352454091,44,30499216.57499732,"High-LQ (A), low-diversity — ""Dependent"""
37025,0.11980445611195006,179349823.81126854,2.408182676686094,0.5288203291415055,95,179349823.81126854,"High-LQ (A), high-diversity — ""Diversified specialist"""
21225,5.071650306485207e-5,687517653.5677115,0.5252392587392818,0.18172031238002112,18,687517653.5677115,"Low-LQ, low-diversity"
18095,0.7135503257974602,303615946.03131986,1.5000130434109997,0.36204785566252573,63,303615946.03131986,"High-LQ (A), low-diversity — ""Dependent"""
19017,0.005337433647860981,114428638.49134102,1.9584921147846177,0.5175459752942502,44,114428638.49134102,"Low-LQ, low-diversity"
01077,0.01496317095495692,102504972.29189746,3.0741293709896658,0.6976004593208709,82,102504972.29189746,"Low-LQ, high-diversity"
46019,0.11875129011304722,17228366.236691795,2.7745506642140567,0.7376769591804694,43,17228366.236691795,"High-LQ (A), high-diversity — ""Diversified specialist"""
08097,1.0131955846093081,22994379.720608152,2.3180147905142006,0.6372398312315325,38,22994379.720608152,"High-LQ (A), high-diversity — ""Diversified specialist"""
26049,0.214305230698046,524480188.9249472,2.8089873893348614,0.6048128700480768,104,524480188.9249472,"High-LQ (A), high-diversity — ""Diversified specialist"""
28059,0.03677331011156423,71719189695.05453,0.37038599025492386,0.07573814886087794,133,71719189695.05453,"Low-LQ, low-diversity"
45089,0.04636858218401478,94755478.0792988,1.8812486410467066,0.43847253816322496,73,94755478.0792988,"Low-LQ, low-diversity"
48423,9.150679407474903e-4,1276758697.48647,1.643630440500915,0.36177059144722595,94,1276758697.48647,"Low-LQ, low-diversity"
55141,4.185591664721007,123133549.1607657,1.9732477575863558,0.4709809946372689,66,123133549.1607657,"High-LQ (A), low-diversity — ""Dependent"""
48187,0.009777219590265333,864941600.653067,2.6940394841430697,0.5850032409964091,100,864941600.653067,"Low-LQ, high-diversity"
40131,0.2605230091258855,1257816622.166587,2.5599355853036565,0.539509421009716,115,1257816622.166587,"High-LQ (A), high-diversity — ""Diversified specialist"""
30041,5.515438965216443e-4,151293305.270123,1.4304233454269002,0.34525146776308885,63,151293305.270123,"Low-LQ, low-diversity"
36109,7.376999503908167,526929646.7873813,2.537422772621908,0.5486351758292913,102,526929646.7873813,"High-LQ (A), high-diversity — ""Diversified specialist"""
21211,0.038580411990811574,394347004.8628582,1.0567324902796598,0.24790331921737635,71,394347004.8628582,"Low-LQ, low-diversity"
26041,0.9542938466936346,148653317.8750143,2.2494318182542847,0.5024039761718118,88,148653317.8750143,"High-LQ (A), high-diversity — ""Diversified specialist"""
40069,2.2426211794704964,27382117.19400769,1.999558216423301,0.5165214130677125,48,27382117.19400769,"High-LQ (A), low-diversity — ""Dependent"""
72025,5.453112742334175e-4,426474254.84050035,1.7737392336667728,0.42336167127911406,66,426474254.84050035,"Low-LQ, low-diversity"
05113,0.06542500328405958,47893209.328048475,2.847966690870116,0.6847912369225446,64,47893209.328048475,"Low-LQ, high-diversity"
01083,0.8529363294093648,903664279.5992402,1.8696245582779876,0.4186437581347369,87,903664279.5992402,"High-LQ (A), low-diversity — ""Dependent"""
44003,0.6522742169094045,447500888.8137201,3.443910164682298,0.7144624474338195,124,447500888.8137201,"High-LQ (A), high-diversity — ""Diversified specialist"""
06087,0.506932456506879,867681258.8579519,1.890597155400606,0.3942201264682961,121,867681258.8579519,"High-LQ (A), low-diversity — ""Dependent"""
38061,0.7468652323509677,130076050.8174911,2.404603495606781,0.6178608752244165,49,130076050.8174911,"High-LQ (A), high-diversity — ""Diversified specialist"""
55091,0.5088711361728177,1114487.8858255234,1.8088636197820076,0.7052239119341492,13,1114487.8858255234,"High-LQ (A), low-diversity — ""Dependent"""
42103,0.10927252723858864,164363335.157183,2.5896548769286105,0.5769357692664128,89,164363335.157183,"High-LQ (A), high-diversity — ""Diversified specialist"""
39107,0.014156576454064087,91630409.59919831,1.3836231956028264,0.3634740929412708,45,91630409.59919831,"Low-LQ, low-diversity"
55011,0.001060395948982198,211803596.83683208,2.1637826660753694,0.4952073440706432,79,211803596.83683208,"Low-LQ, low-diversity"
41059,0.0020425867384728713,2705218336.9121275,1.7565170057979203,0.3681897136503038,118,2705218336.9121275,"Low-LQ, low-diversity"
39067,1.0585464801397293,12488501.702377655,1.7483599568048338,0.5576026732636589,23,12488501.702377655,"High-LQ (A), low-diversity — ""Dependent"""
28097,2.4428406610856324,4797747.8064410575,1.3309432810106456,0.4914765909690061,15,4797747.8064410575,"High-LQ (A), low-diversity — ""Dependent"""
36037,0.024308165397522723,775309081.6990309,1.633014695410793,0.3666114442365776,86,775309081.6990309,"Low-LQ, low-diversity"
17125,0.0682747015973161,28124808.1131952,1.1788557299496827,0.30134171714071106,50,28124808.1131952,"Low-LQ, low-diversity"
48287,0.20026656988294322,1604161.0553853835,1.17574042222858,0.4903218399761378,11,1604161.0553853835,"High-LQ (A), low-diversity — ""Dependent"""
28125,0.06274108869209609,14882756.199745137,1.7395249869082239,0.497503567868346,33,14882756.199745137,"Low-LQ, low-diversity"
55115,1.52681401641354,14687527.072010789,1.8374116666648384,0.5254991257316785,33,14687527.072010789,"High-LQ (A), low-diversity — ""Dependent"""
26087,1.8216038252257114,51685880.74759241,2.147628606311991,0.5641762599346104,45,51685880.74759241,"High-LQ (A), low-diversity — ""Dependent"""
49039,0.0037841677216257355,122849326.2930671,1.4224812085189458,0.3694614741230038,47,122849326.2930671,"Low-LQ, low-diversity"
27149,0.005773538148024861,38273972.93873419,2.240223878739216,0.5494060838331357,59,38273972.93873419,"Low-LQ, high-diversity"
54057,0.435760774117988,2722581483.3636394,1.628814307568742,0.37843626253249063,74,2722581483.3636394,"High-LQ (A), low-diversity — ""Dependent"""
41071,0.3546998288715839,544940470.5368812,2.325599419547514,0.5106856146763644,95,544940470.5368812,"High-LQ (A), high-diversity — ""Diversified specialist"""
19097,0.046126563387492756,32384762.28687934,0.9971519709807591,0.28518513215013347,33,32384762.28687934,"Low-LQ, low-diversity"
28033,0.004544387013685369,397357529.1507183,1.653997969994056,0.3732941453200774,84,397357529.1507183,"Low-LQ, low-diversity"
48073,0.03477444341626238,2676069.4686279814,1.5649998646411285,0.5644543859274138,16,2676069.4686279814,"Low-LQ, low-diversity"
26083,1.3912762273720138,1772694.8272296204,1.8487220212949251,0.7439804716417209,12,1772694.8272296204,"High-LQ (A), low-diversity — ""Dependent"""
17095,0.2629651762907964,9947044.641988307,1.924347025536853,0.5657851661041884,30,9947044.641988307,"High-LQ (A), low-diversity — ""Dependent"""
51730,0.007966682914032795,2482654171.571541,1.7457371602044038,0.38795800002720443,90,2482654171.571541,"Low-LQ, low-diversity"
04012,0.022948986984078237,371760185.34220237,3.404413683563617,0.7360937720077291,102,371760185.34220237,"Low-LQ, high-diversity"
26155,1.4226383796460453,2537775.5162385777,2.4664088004249436,0.725158973049549,30,2537775.5162385777,"High-LQ (A), high-diversity — ""Diversified specialist"""
35033,0.0010660781631940627,83001944.06706761,1.0003425594441768,0.2598192752402195,47,83001944.06706761,"Low-LQ, low-diversity"
54099,3.6619453415296006e-4,613325865.6280516,2.956318409432806,0.6230475651613965,115,613325865.6280516,"Low-LQ, high-diversity"
53003,0.015764384736063567,86590708.2544055,2.215815879955418,0.5251361141578809,68,86590708.2544055,"Low-LQ, low-diversity"
47059,1.9783339538364725e-4,2021206852.3596852,1.2843764169067078,0.2875957997303455,87,2021206852.3596852,"Low-LQ, low-diversity"
17051,0.010521970193138037,5248547.754335382,1.7691826585846462,0.6008556030886044,19,5248547.754335382,"Low-LQ, low-diversity"
48245,0.04990828496888493,3006658859.673634,2.70176017907759,0.5663254630629031,118,3006658859.673634,"Low-LQ, high-diversity"
54019,0.018591685057388795,84940618.30720684,3.13676233836707,0.6811392872973796,100,84940618.30720684,"Low-LQ, high-diversity"
42089,0.07389375835569884,12002302868.624449,1.4522327659359504,0.29978874474016753,127,12002302868.624449,"Low-LQ, low-diversity"
46027,0.5062029501462069,5234735.232048975,2.110085143748762,0.6729673213967242,23,5234735.232048975,"High-LQ (A), low-diversity — ""Dependent"""
48181,0.05543486065667562,200229474.37120453,2.682480016286849,0.5850597695110902,98,200229474.37120453,"Low-LQ, high-diversity"
41023,0.001339802926609309,225288255.41671208,1.858641184789402,0.42415104693395494,80,225288255.41671208,"Low-LQ, low-diversity"
38005,0.04979258431888608,69731750.71947995,2.675923609808338,0.6483732682668878,62,69731750.71947995,"Low-LQ, high-diversity"
08067,0.301889733794974,211337884.61588842,3.183374155019096,0.6854233900957,104,211337884.61588842,"High-LQ (A), high-diversity — ""Diversified specialist"""
46017,0.022482457559344672,207250527.78446755,2.4628140226885367,0.537149725520548,98,207250527.78446755,"Low-LQ, high-diversity"
72021,0.3919187221840469,1151957757.0064738,3.0582199255097535,0.6323493924359518,126,1151957757.0064738,"High-LQ (A), high-diversity — ""Diversified specialist"""
42123,0.005415073337402081,1240774570.4524298,0.6405425228588449,0.14200010484331235,91,1240774570.4524298,"Low-LQ, low-diversity"
51023,0.33334060067197846,97757639.18905486,2.2637996211528226,0.5623855491591556,56,97757639.18905486,"High-LQ (A), high-diversity — ""Diversified specialist"""
48471,3.180125712670559,89855335.19599941,2.2712694615862175,0.5482007251944669,63,89855335.19599941,"High-LQ (A), high-diversity — ""Diversified specialist"""
72123,0.08615559599759746,112124235.52200893,2.2746229378061904,0.5511385686999719,62,112124235.52200893,"High-LQ (A), high-diversity — ""Diversified specialist"""
56029,0.00828574046226151,1327915059.7407815,2.0854725059995745,0.4341097773262087,122,1327915059.7407815,"Low-LQ, low-diversity"
39043,0.09932323226473595,482669737.62192667,2.461060304982397,0.5510772366100145,87,482669737.62192667,"High-LQ (A), high-diversity — ""Diversified specialist"""
34031,0.7432455272789346,10506789267.85544,1.919586179993859,0.3975686511760065,125,10506789267.85544,"High-LQ (A), low-diversity — ""Dependent"""
28065,10.462041293054988,56177090.44773707,0.07462545302336332,0.046367400970752835,5,56177090.44773707,"High-LQ (A), low-diversity — ""Dependent"""
48215,0.007905762828544771,5932913843.576964,2.5704388513206258,0.5216777977281305,138,5932913843.576964,"Low-LQ, high-diversity"
05091,0.0028379231610925738,135076659.56704894,2.115650713700534,0.48705006514718535,77,135076659.56704894,"Low-LQ, low-diversity"
27075,0.12484565807772499,12242743.823615855,2.0223922314155764,0.5889341197236032,31,12242743.823615855,"High-LQ (A), low-diversity — ""Dependent"""
08039,0.365253629076807,5721930.353970596,2.4202504188873415,0.6921908150749879,33,5721930.353970596,"High-LQ (A), high-diversity — ""Diversified specialist"""
06107,0.043202143548293645,1556176983.7526255,2.2153779690831086,0.45732708698967506,127,1556176983.7526255,"Low-LQ, low-diversity"
21185,0.4607178749209178,49110469.65483704,2.7067262289580216,0.7152723544024399,44,49110469.65483704,"High-LQ (A), high-diversity — ""Diversified specialist"""
22031,8.229211777860417,30589726.39645078,0.7910910902503944,0.27922044483872716,17,30589726.39645078,"High-LQ (A), low-diversity — ""Dependent"""
19007,0.010818757573662194,41973794.260894716,2.131041532662019,0.5776934592659093,40,41973794.260894716,"Low-LQ, low-diversity"
29077,0.7824486543001813,961723128.7840636,2.9814111305322974,0.6134827607453504,129,961723128.7840636,"High-LQ (A), high-diversity — ""Diversified specialist"""
53059,0.6005025925861037,177304144.02743414,2.293675505579991,0.5219483545830128,81,177304144.02743414,"High-LQ (A), high-diversity — ""Diversified specialist"""
48203,0.1562358150466419,249868506.9868054,1.956865281394746,0.4705266395259977,64,249868506.9868054,"High-LQ (A), low-diversity — ""Dependent"""
41025,0.005159265145086426,201134516.50142488,2.7114363050924313,0.5927011166024477,97,201134516.50142488,"Low-LQ, high-diversity"
45025,0.0027788755354677657,37378615.589463085,1.8904709151233945,0.4761541358383487,53,37378615.589463085,"Low-LQ, low-diversity"
48443,0.07452398757320457,4090065.1961598573,1.2434872952966243,0.4591817739532707,15,4090065.1961598573,"Low-LQ, low-diversity"
31013,0.11304836705597492,11956713.409967648,1.2353188393850076,0.4057512679422825,21,11956713.409967648,"High-LQ (A), low-diversity — ""Dependent"""
56041,0.02763262084713179,9585913.280277958,2.496560681246258,0.6767802288746594,40,9585913.280277958,"Low-LQ, high-diversity"
50013,2.4476231420537844,8631783.34858052,1.7816671499189316,0.6288503312525624,17,8631783.34858052,"High-LQ (A), low-diversity — ""Dependent"""
21019,0.016047834626330193,126754232.7583028,2.7580653745421766,0.6002161999020317,99,126754232.7583028,"Low-LQ, high-diversity"
02240,0.3181978847348536,2096163312.4318326,2.5586483204244854,0.546470868992712,108,2096163312.4318326,"High-LQ (A), high-diversity — ""Diversified specialist"""
42009,0.21488406127233928,63096568.22838898,2.424590130759667,0.5897992034954463,61,63096568.22838898,"High-LQ (A), high-diversity — ""Diversified specialist"""
49047,0.013798899891730798,199384696.3987099,2.7915393507367448,0.6035796238020318,102,199384696.3987099,"Low-LQ, high-diversity"
08081,6.387382898949057e-4,93999004.27662554,2.478527377032993,0.5705889505463394,77,93999004.27662554,"Low-LQ, high-diversity"
26147,0.012239764255091216,742253420.809044,2.8570909141260072,0.6102116270416542,108,742253420.809044,"Low-LQ, high-diversity"
28141,9.336398036131189e-4,328662001.5680307,0.11443729658637444,0.0433629445265056,14,328662001.5680307,"Low-LQ, low-diversity"
31019,0.08403619019545848,129267850.5871536,1.5879596245934353,0.40188855400788676,52,129267850.5871536,"High-LQ (A), low-diversity — ""Dependent"""
48143,0.24915557938500052,24344270.667351805,1.7081280995108692,0.5072699833200371,29,24344270.667351805,"High-LQ (A), low-diversity — ""Dependent"""
12003,0.03537769987145674,100165679.17658108,2.4001011096938076,0.6016823034830192,54,100165679.17658108,"Low-LQ, high-diversity"
30013,0.005720729606382272,2697090146.052613,3.0442576509510895,0.6142784273074661,142,2697090146.052613,"Low-LQ, high-diversity"
48451,3.218897180078328e-5,1177604239.286238,3.1451168973734953,0.6592590256845495,118,1177604239.286238,"Low-LQ, high-diversity"
08109,0.6715732917537407,8624161.206736319,2.49533870389143,0.6594116429909679,44,8624161.206736319,"High-LQ (A), high-diversity — ""Diversified specialist"""
19115,0.1096056183869699,74516522.75651458,1.6732649771063737,0.41947146380481576,54,74516522.75651458,"High-LQ (A), low-diversity — ""Dependent"""
51033,0.06330385769266199,875868481.7779748,2.759254873195034,0.5870155087287282,110,875868481.7779748,"Low-LQ, high-diversity"
41031,0.0010872481550624796,87363349.27518307,2.763362623441694,0.6141065569199677,90,87363349.27518307,"Low-LQ, high-diversity"
40031,0.032588527543969514,7402530490.611981,2.8598986918956997,0.5804244868720321,138,7402530490.611981,"Low-LQ, high-diversity"
27139,0.41445797878420637,71056473.82033564,3.0256235122801383,0.6810400676532898,85,71056473.82033564,"High-LQ (A), high-diversity — ""Diversified specialist"""
27019,0.08352971952435131,1249379859.2764282,1.0929025174988185,0.24600232032667105,85,1249379859.2764282,"Low-LQ, low-diversity"
51047,0.19093699317446625,537293395.9494101,2.122143318836376,0.5162268142866345,61,537293395.9494101,"High-LQ (A), low-diversity — ""Dependent"""
36003,0.7280498839914286,72221969.30551757,2.5072036151205337,0.5984272617909956,66,72221969.30551757,"High-LQ (A), high-diversity — ""Diversified specialist"""
39101,0.008739822084112277,92288775.00487006,0.7279871574611322,0.21005269238000568,32,92288775.00487006,"Low-LQ, low-diversity"
51015,0.016851228354973203,671185938.4590877,1.366320343164702,0.31454455494040884,77,671185938.4590877,"Low-LQ, low-diversity"
72061,0.006009219745368161,323573808.1822634,2.8480758243974424,0.6211768867820306,98,323573808.1822634,"Low-LQ, high-diversity"
48005,0.05934904763780439,129637089.96798168,2.6441290661928365,0.600022129350388,82,129637089.96798168,"Low-LQ, high-diversity"
31173,0.006123604583849607,835660947.5723747,2.495923892621276,0.5396623922744486,102,835660947.5723747,"Low-LQ, high-diversity"
17029,0.41153773966254903,74111113.35235925,1.5353532153424212,0.4057284026098532,44,74111113.35235925,"High-LQ (A), low-diversity — ""Dependent"""
45069,0.00266517212940566,105142011.9746244,1.8884441550836137,0.45580080779278837,63,105142011.9746244,"Low-LQ, low-diversity"
16027,0.23210362211845506,311624668.19328994,2.925481921403336,0.6235909156268459,109,311624668.19328994,"High-LQ (A), high-diversity — ""Diversified specialist"""
38105,0.0047995322571071555,132642561.8688586,1.5215523313755976,0.3796919949114064,55,132642561.8688586,"Low-LQ, low-diversity"
17023,0.3048460967950893,2397299.52892522,1.9040608592858885,0.6720499404961536,17,2397299.52892522,"High-LQ (A), low-diversity — ""Dependent"""
13215,0.025071169482160184,6699384796.50763,2.5927723532664433,0.5301814421190899,133,6699384796.50763,"Low-LQ, high-diversity"
40113,0.0012722999850769848,673398210.8083386,1.0461391624624423,0.25154329696071653,64,673398210.8083386,"Low-LQ, low-diversity"
30005,0.027204946624237666,114059754.12302534,2.8328334871000913,0.6376448034181333,85,114059754.12302534,"Low-LQ, high-diversity"
01071,0.5617565226048871,70613637.29188505,2.7266276463093506,0.6773638319814453,56,70613637.29188505,"High-LQ (A), high-diversity — ""Diversified specialist"""
41061,0.008622080124799631,128418884.45076385,2.0206522509327045,0.4611227679320314,80,128418884.45076385,"Low-LQ, low-diversity"
29075,4.222509913182999,2762013.7954385346,1.034849739809609,0.4709804134196412,9,2762013.7954385346,"High-LQ (A), low-diversity — ""Dependent"""
09015,0.4605784777186893,230210477.45678705,2.4166561538177236,0.5514928035113542,80,230210477.45678705,"High-LQ (A), high-diversity — ""Diversified specialist"""
29035,0.005936287630851565,32523303.298631024,2.685861200717146,0.6533552936578042,61,32523303.298631024,"Low-LQ, high-diversity"
55063,2.005666630118671e-4,9639918778.73599,1.382379015648321,0.29080736034727095,116,9639918778.73599,"Low-LQ, low-diversity"
45071,0.4442333411328825,20308726.48886218,2.79530213037819,0.6799775966709988,61,20308726.48886218,"High-LQ (A), high-diversity — ""Diversified specialist"""
24041,1.3564464868788193,2089312866.3582692,2.5618487248752024,0.5652051827533002,93,2089312866.3582692,"High-LQ (A), high-diversity — ""Diversified specialist"""
13039,0.0030421272134637076,5081409628.773035,2.2269115709552607,0.454672194663774,134,5081409628.773035,"Low-LQ, low-diversity"
42013,0.009423717787956575,768113477.7833965,3.283214961705044,0.6822712346919125,123,768113477.7833965,"Low-LQ, high-diversity"
56043,0.019605387651300613,46001751.09939442,2.7025537049797688,0.6574158668629564,61,46001751.09939442,"Low-LQ, high-diversity"
46135,0.011368869608101562,134306735.50088817,3.107918136264858,0.6840670229881106,94,134306735.50088817,"Low-LQ, high-diversity"
21125,1.0729689523804094e-4,1353489989.9608665,2.0437288701596357,0.46638896577855554,80,1353489989.9608665,"Low-LQ, low-diversity"
26103,0.5937635956356423,100930505.21880004,2.830019190321797,0.6458242786405183,80,100930505.21880004,"High-LQ (A), high-diversity — ""Diversified specialist"""
13245,0.05256843680428326,11668433660.942158,3.163197121939636,0.6288114814990216,153,11668433660.942158,"Low-LQ, high-diversity"
05081,0.17281582902112266,37381090.10158883,2.2461806741279866,0.59719786372329,43,37381090.10158883,"High-LQ (A), high-diversity — ""Diversified specialist"""
16067,0.004452375792967197,74823867.19165206,1.7855450405621516,0.45189443317943356,52,74823867.19165206,"Low-LQ, low-diversity"
35027,0.14496965720083915,122191839.75638942,1.636235082378186,0.4101884247412523,54,122191839.75638942,"High-LQ (A), low-diversity — ""Dependent"""
26165,0.10062592717945607,2812782087.9020305,1.6389734368307993,0.355898559800812,100,2812782087.9020305,"High-LQ (A), low-diversity — ""Dependent"""
22055,4.223989017209674,854624115.3925416,2.690632783930259,0.5554353570388799,127,854624115.3925416,"High-LQ (A), high-diversity — ""Diversified specialist"""
21151,0.013687045942718128,6979117312.384881,0.7940409247620371,0.16472915823587783,124,6979117312.384881,"Low-LQ, low-diversity"
16055,0.08356789083498224,10592272594.57679,0.34391977454156636,0.07146853676908857,123,10592272594.57679,"Low-LQ, low-diversity"
53047,0.07466577407695446,288429682.6118415,3.0258631751469665,0.6515091517611857,104,288429682.6118415,"Low-LQ, high-diversity"
29009,0.002631798669321434,75318237.0554627,1.0693122614723762,0.29187778581590035,39,75318237.0554627,"Low-LQ, low-diversity"
16083,0.007138344224703861,216343811.61736563,2.578781042076921,0.5587678659022156,101,216343811.61736563,"Low-LQ, high-diversity"
49029,0.620575549403766,46662950.959463455,2.483964394746141,0.6879038667836037,37,46662950.959463455,"High-LQ (A), high-diversity — ""Diversified specialist"""
22017,0.34791954988467716,2279953511.5432177,2.8110625618978133,0.5784302619119392,129,2279953511.5432177,"High-LQ (A), high-diversity — ""Diversified specialist"""
48099,0.005572365463139499,3739992279.5778685,2.4371762621581357,0.5081907224651065,121,3739992279.5778685,"Low-LQ, high-diversity"
50001,0.2348388761253926,1801424764.1993716,1.88730473388447,0.4442289861137011,70,1801424764.1993716,"High-LQ (A), low-diversity — ""Dependent"""
02016,0.02279134018599848,1146181318.147079,2.2892509849139784,0.5525408020964367,63,1146181318.147079,"Low-LQ, high-diversity"
01113,0.5238619307276049,58160807.89521745,2.5244145999607968,0.6388911390328285,52,58160807.89521745,"High-LQ (A), high-diversity — ""Diversified specialist"""
17151,2.1126972501997616,24519093.02599013,2.507185077786389,0.6796603437367165,40,24519093.02599013,"High-LQ (A), high-diversity — ""Diversified specialist"""
42083,0.06146995727128486,103847034.0954631,2.671632919809971,0.604600427337466,83,103847034.0954631,"Low-LQ, high-diversity"
27035,4.0763646805886447e-4,127115866.9254133,2.968839509406255,0.6775037572602983,80,127115866.9254133,"Low-LQ, high-diversity"
27159,0.7634979006816064,33974436.49932976,0.8188191971917447,0.2649006636263195,22,33974436.49932976,"High-LQ (A), low-diversity — ""Dependent"""
17183,0.003977400942505859,1077435222.0221348,2.4311903165406625,0.5096103615973074,118,1077435222.0221348,"Low-LQ, high-diversity"
17099,0.005510382426642237,289227668.06597,2.425986772116947,0.5365104384646324,92,289227668.06597,"Low-LQ, high-diversity"
55137,3.242560900187241,19297212.98685021,1.8767640080703532,0.5573504980932702,29,19297212.98685021,"High-LQ (A), low-diversity — ""Dependent"""
38015,0.19631668778086717,470747076.22490996,2.8090749434403057,0.5744119427444133,133,470747076.22490996,"High-LQ (A), high-diversity — ""Diversified specialist"""
51680,0.06659284009358642,5238003258.371473,0.9123875424256868,0.20377907229925862,88,5238003258.371473,"Low-LQ, low-diversity"
25013,0.19170370192559524,2064157080.5702405,3.3160537664005965,0.6720176884786412,139,2064157080.5702405,"High-LQ (A), high-diversity — ""Diversified specialist"""
45013,0.11811818480465416,4507229283.502634,2.5906967719027296,0.5220185125495362,143,4507229283.502634,"High-LQ (A), high-diversity — ""Diversified specialist"""
26007,0.03130368254267253,212967975.23357174,2.4977762164727864,0.5592986129829459,87,212967975.23357174,"Low-LQ, high-diversity"
40111,0.022426725402059502,37408769.35388335,2.0348178422687053,0.4949842562678345,61,37408769.35388335,"Low-LQ, low-diversity"
16085,0.12817529888812626,238458803.7786927,2.2715502704985817,0.5099625420786459,86,238458803.7786927,"High-LQ (A), high-diversity — ""Diversified specialist"""
26033,0.001680020117652418,2590547955.789046,0.8674582953073954,0.18349632578773198,113,2590547955.789046,"Low-LQ, low-diversity"
45065,4.7447186303414e-4,184461605.13625234,2.107338037323904,0.5258704330075948,55,184461605.13625234,"Low-LQ, low-diversity"
38101,0.0010752278007930306,2709745966.121394,2.893584861284666,0.600293742575485,124,2709745966.121394,"Low-LQ, high-diversity"
23021,0.17307054802014116,391788311.73811144,0.35413690455049257,0.11631936101456443,21,391788311.73811144,"High-LQ (A), low-diversity — ""Dependent"""
37013,0.003152364650409131,75916538.48938712,2.126618885465701,0.49105283525147664,76,75916538.48938712,"Low-LQ, low-diversity"
12079,0.08993450409388058,3257950.1019429574,1.314825529380188,0.5483248348230705,11,3257950.1019429574,"High-LQ (A), low-diversity — ""Dependent"""
36101,0.13839283363947866,534497888.95976406,2.8677491735929106,0.6161954459916801,105,534497888.95976406,"High-LQ (A), high-diversity — ""Diversified specialist"""
02261,0.03857893616048843,568755851.4395472,1.650330022171346,0.3745031007355169,82,568755851.4395472,"Low-LQ, low-diversity"
54047,0.007352217608115372,85270057.25019574,2.095715708848102,0.5505388813639084,45,85270057.25019574,"Low-LQ, low-diversity"
21167,9.254169571649559,26149550.10207824,0.8966077422120922,0.4311771811040119,8,26149550.10207824,"High-LQ (A), low-diversity — ""Dependent"""
47167,0.007857151260848167,180606746.59172958,2.4327921064026694,0.6218757157171717,50,180606746.59172958,"Low-LQ, high-diversity"
18103,0.0490002676316615,731073956.8582715,2.388280931687463,0.5434767470567047,81,731073956.8582715,"Low-LQ, high-diversity"
51185,0.0065980250498871825,21804845.451946963,2.102898032521406,0.5700641776667975,40,21804845.451946963,"Low-LQ, low-diversity"
37175,0.025422132321413042,585181028.1998001,0.5934673299054579,0.13876868415484317,72,585181028.1998001,"Low-LQ, low-diversity"
54077,0.05099564911621416,504193419.3016622,1.9348224529464062,0.4124235723970773,109,504193419.3016622,"Low-LQ, low-diversity"
30105,0.06888847996362632,257523401.31183627,2.178626853290244,0.494387486709702,82,257523401.31183627,"Low-LQ, low-diversity"
20169,0.009625650869093985,313307752.0160601,2.095760289878366,0.4570938179230094,98,313307752.0160601,"Low-LQ, low-diversity"
31001,0.001878598418095408,281252053.2572447,1.4020806868726459,0.3322853718581201,68,281252053.2572447,"Low-LQ, low-diversity"
48209,0.23372031221357345,2050457866.1690927,1.8364631927983661,0.38227625892932277,122,2050457866.1690927,"High-LQ (A), low-diversity — ""Dependent"""
12019,0.6420501340049181,898269663.4568323,3.278611741834907,0.6824723937105384,122,898269663.4568323,"High-LQ (A), high-diversity — ""Diversified specialist"""
45029,0.003901989081002262,47076295.52680781,1.9203857757030898,0.4860205830058352,52,47076295.52680781,"Low-LQ, low-diversity"
22115,0.005824149535823591,8921590556.689888,2.6562664766842565,0.5538745805158463,121,8921590556.689888,"Low-LQ, high-diversity"
13229,0.06580878797570838,8339804.220420763,1.430719810382837,0.4775860056030643,20,8339804.220420763,"Low-LQ, low-diversity"
21073,0.0911684167908895,110668026.68816912,3.195071085074995,0.704909200537424,93,110668026.68816912,"High-LQ (A), high-diversity — ""Diversified specialist"""
01103,0.17858380349041203,389066715.51244766,3.1332074106663055,0.6833652420092607,98,389066715.51244766,"High-LQ (A), high-diversity — ""Diversified specialist"""
19193,0.01233603184088115,291214818.60435337,3.2843110158098634,0.6921723908710105,115,291214818.60435337,"Low-LQ, high-diversity"
39151,0.3262691397465073,373805166.60641825,3.400646530327209,0.7054871139877827,124,373805166.60641825,"High-LQ (A), high-diversity — ""Diversified specialist"""
17055,0.026004474687104224,116458726.71582584,2.395900691121048,0.57186112905385,66,116458726.71582584,"Low-LQ, high-diversity"
51009,0.0013552280001221972,236744887.20311734,0.9473637360446856,0.28430539996924564,28,236744887.20311734,"Low-LQ, low-diversity"
46065,0.21789285136878675,284534466.3517981,3.0318858768560086,0.6514636242557134,105,284534466.3517981,"High-LQ (A), high-diversity — ""Diversified specialist"""
21207,0.3603404752409099,927643853.7045797,1.2200290623906693,0.30728951144026573,53,927643853.7045797,"High-LQ (A), low-diversity — ""Dependent"""
48481,4.8105136143288305e-4,121611248.16150257,1.1576183565144837,0.33107846505813465,33,121611248.16150257,"Low-LQ, low-diversity"
17103,0.0044514569906111655,34647244.677753545,1.1022015916751975,0.312560665303832,34,34647244.677753545,"Low-LQ, low-diversity"
47189,0.0019582169789288894,373812080.4323998,0.9165035399659774,0.21361431159938077,73,373812080.4323998,"Low-LQ, low-diversity"
26013,0.0324171201413085,16239777.874989918,2.0095203920012152,0.6097147625020151,27,16239777.874989918,"Low-LQ, low-diversity"
36019,0.05145143874159266,289371935.4416221,2.9121493474937044,0.6310017987324142,101,289371935.4416221,"Low-LQ, high-diversity"
20051,0.0020463037950019243,15131798.874129532,1.637830271270021,0.4769471095089823,31,15131798.874129532,"Low-LQ, low-diversity"
19181,0.07621744405668958,69139458.43870932,2.188737922644662,0.5390391927579649,58,69139458.43870932,"Low-LQ, low-diversity"
21133,0.010815240209882039,6042367.68196823,1.6618799251503973,0.6479191958764895,13,6042367.68196823,"Low-LQ, low-diversity"
26145,0.0015843781988891495,786795362.9332016,3.241436224864132,0.675891950252135,121,786795362.9332016,"Low-LQ, high-diversity"
53021,0.005661892393281899,511985578.8247898,2.6452972833753265,0.5808890636140122,95,511985578.8247898,"Low-LQ, high-diversity"
53027,0.010809607609638894,381391333.39130753,1.8472682134814613,0.41580311098755895,85,381391333.39130753,"Low-LQ, low-diversity"
21035,0.00978218006655283,111775108.89651431,0.46084183610009577,0.12961933068995754,35,111775108.89651431,"Low-LQ, low-diversity"
12093,0.1612822864169482,271914451.297782,1.434358150559618,0.4138682781342052,32,271914451.297782,"High-LQ (A), low-diversity — ""Dependent"""
47127,0.17105549129555667,22490575.894720543,1.5355907996557827,0.5312779560140403,18,22490575.894720543,"High-LQ (A), low-diversity — ""Dependent"""
55125,0.731482715075713,49345122.27406636,1.6546971153686638,0.402517121673209,61,49345122.27406636,"High-LQ (A), low-diversity — ""Dependent"""
55081,5.371089154377443e-4,17866397144.93755,0.9290025052181725,0.19146675817881156,128,17866397144.93755,"Low-LQ, low-diversity"
26135,0.46128459776893027,6754619.808063017,2.1434026131324213,0.6503363789758658,27,6754619.808063017,"High-LQ (A), low-diversity — ""Dependent"""
27025,0.034456126710194705,40457693.36349593,1.5307135438232387,0.39331557640684456,49,40457693.36349593,"Low-LQ, low-diversity"
55105,0.0011288850541532926,3826114016.035808,1.2107459340442195,0.2606899290643376,104,3826114016.035808,"Low-LQ, low-diversity"
31027,0.01880544134716915,53344224.98082115,2.0058230193366056,0.5127329303926424,50,53344224.98082115,"Low-LQ, low-diversity"
55109,2.1727003013374304,103110568.20027235,2.9993878279215482,0.673361915548052,86,103110568.20027235,"High-LQ (A), high-diversity — ""Diversified specialist"""
48283,0.04013954250342417,10365755.161083736,1.5196305789420181,0.5257560986023896,18,10365755.161083736,"Low-LQ, low-diversity"
17149,0.20957572502522484,7940183.874436723,1.546988779485241,0.6031264418476688,13,7940183.874436723,"High-LQ (A), low-diversity — ""Dependent"""
51125,1.0381685994548404,13475791.917115247,1.3615197056938928,0.4043362313371088,29,13475791.917115247,"High-LQ (A), low-diversity — ""Dependent"""
18079,0.0016892310068755188,159197131.83819368,2.315747728546633,0.5611030590469449,62,159197131.83819368,"Low-LQ, high-diversity"
51001,3.8426085076514256,4262222815.1305027,2.7663061675407663,0.5710568395002085,127,4262222815.1305027,"High-LQ (A), high-diversity — ""Diversified specialist"""
21077,0.10787901873493569,68469234.95183025,1.1541498293024672,0.30499259840406745,44,68469234.95183025,"High-LQ (A), low-diversity — ""Dependent"""
40079,0.031589120577223594,175557878.1043514,1.9458456016646901,0.47525203902444213,60,175557878.1043514,"Low-LQ, low-diversity"
42047,0.010754772542412524,307287163.4900609,0.5702249010899617,0.14576215433772846,50,307287163.4900609,"Low-LQ, low-diversity"
37043,0.09598667399287458,8536915.732454475,1.6104556061359008,0.4833003500290037,28,8536915.732454475,"High-LQ (A), low-diversity — ""Dependent"""
02188,0.04001373743225074,91727835.78398526,2.345366263332897,0.5682795965722527,62,91727835.78398526,"Low-LQ, high-diversity"
40011,0.005202150152551275,252296006.18780714,1.5633128354061212,0.4237907079513464,40,252296006.18780714,"Low-LQ, low-diversity"
25019,0.008054961935049839,54244959.9656671,1.8451539404874457,0.5149000109044756,36,54244959.9656671,"Low-LQ, low-diversity"
55127,0.007462031876092891,58343087.39717948,3.035411422193846,0.7219104217500479,67,58343087.39717948,"Low-LQ, high-diversity"
01133,0.002421557411586015,22517672.080180954,2.396392311157268,0.629525816275311,45,22517672.080180954,"Low-LQ, high-diversity"
55099,0.004969478588938909,30194725.564352807,2.465286797759891,0.5863179596983188,67,30194725.564352807,"Low-LQ, high-diversity"
40039,0.04253783230914546,117962756.87015256,2.8280368437025487,0.6382653519867537,84,117962756.87015256,"Low-LQ, high-diversity"
18127,0.005268375600275387,241741797.42643443,3.2255765246629666,0.6959579584598463,103,241741797.42643443,"Low-LQ, high-diversity"
21159,0.007928181925762062,85470152.02077739,1.766364105901857,0.4054354275596641,78,85470152.02077739,"Low-LQ, low-diversity"
13187,0.5228716928771235,56805123.01203652,1.8402612701599015,0.5218585159724163,34,56805123.01203652,"High-LQ (A), low-diversity — ""Dependent"""
40121,0.21271622114992544,921246056.373705,3.5667582971610208,0.7316131144449793,131,921246056.373705,"High-LQ (A), high-diversity — ""Diversified specialist"""
13053,0.010168929212172292,7049512005.347074,2.657962824812652,0.5435118751489119,133,7049512005.347074,"Low-LQ, high-diversity"
28029,0.7053182710809952,306495870.4303527,1.4760668080906025,0.4429700528833965,28,306495870.4303527,"High-LQ (A), low-diversity — ""Dependent"""
17107,0.06269522967003689,4246757.821616476,1.6323782029837464,0.5010220488970003,26,4246757.821616476,"Low-LQ, low-diversity"
01123,1.6003362424640089,23361648.954022888,2.415481010801058,0.5974401141083686,57,23361648.954022888,"High-LQ (A), high-diversity — ""Diversified specialist"""
45027,0.8170942463153523,130103599.97347899,2.1729087408589836,0.5307097895248203,60,130103599.97347899,"High-LQ (A), low-diversity — ""Dependent"""
18007,3.3260008546736897,883835.467742805,1.2246691854477447,0.5318670693969056,10,883835.467742805,"High-LQ (A), low-diversity — ""Dependent"""
13051,0.016595138198393183,8979091566.907986,2.773480237376183,0.5596402386806884,142,8979091566.907986,"Low-LQ, high-diversity"
22013,0.0013006029818582953,56614830.50420523,0.9941357636712319,0.33763164076596625,19,56614830.50420523,"Low-LQ, low-diversity"
37127,0.003521973778801129,380607790.7579022,2.62729672363492,0.6163485880761238,71,380607790.7579022,"Low-LQ, high-diversity"
27005,0.07468173081761217,133171407.86539425,2.9177466018918126,0.6484155588024378,90,133171407.86539425,"Low-LQ, high-diversity"
37037,5.474289092576853,148970462.4163103,3.0429211568191743,0.7047897010483763,75,148970462.4163103,"High-LQ (A), high-diversity — ""Diversified specialist"""
48441,0.03558314005523358,1895910735.103381,3.020981007929532,0.6246494861243086,126,1895910735.103381,"Low-LQ, high-diversity"
26025,0.002722941270490711,3018512343.7962255,3.0020129290345685,0.6197144898524617,127,3018512343.7962255,"Low-LQ, high-diversity"
69110,0.011698055649136679,786750100.4788623,2.257893118590406,0.5389210466298049,66,786750100.4788623,"Low-LQ, high-diversity"
08119,0.6843511218416933,85695297.01532732,2.5703925623755746,0.5972011358364565,74,85695297.01532732,"High-LQ (A), high-diversity — ""Diversified specialist"""
26019,0.0021684425162250887,86664777.85135427,0.6309400445869571,0.18205081468477288,32,86664777.85135427,"Low-LQ, low-diversity"
26053,0.05510457595068205,69861018.55398579,2.423651966521433,0.5499901015990676,82,69861018.55398579,"Low-LQ, high-diversity"
18041,0.5770040836249226,3993499.8431199733,2.560289236372292,0.7858236263088318,26,3993499.8431199733,"High-LQ (A), high-diversity — ""Diversified specialist"""
54029,0.01293033673679608,20298964.959723905,1.1983745390316172,0.3722959828935574,25,20298964.959723905,"Low-LQ, low-diversity"
38055,0.1391720124437516,354921615.2029458,2.3831581648152445,0.5233251186941159,95,354921615.2029458,"High-LQ (A), high-diversity — ""Diversified specialist"""
45085,6.666672176343177e-4,7282233489.275565,2.846470944024556,0.5735563282938165,143,7282233489.275565,"Low-LQ, high-diversity"
13015,0.0036005245755235046,983629246.051039,1.5346901083918447,0.34923378434361246,81,983629246.051039,"Low-LQ, low-diversity"
31067,1.4206641748434956,49578174.36560737,1.8882999512290393,0.47121111820391254,55,49578174.36560737,"High-LQ (A), low-diversity — ""Dependent"""
40083,0.496893240383981,389089384.435785,0.6793466612394716,0.17743804939852548,46,389089384.435785,"High-LQ (A), low-diversity — ""Dependent"""
08045,0.06103650567062741,143479332.7632134,2.7003352327105152,0.6062246729126244,86,143479332.7632134,"Low-LQ, high-diversity"
39159,0.0305985499785702,659640510.0502527,0.9037252615302341,0.22256814322548973,58,659640510.0502527,"Low-LQ, low-diversity"
05123,0.014962221146435735,158767400.16671547,2.746088141848733,0.6002757670927478,97,158767400.16671547,"Low-LQ, high-diversity"
17037,2.094455990264562,58908797.730997756,2.5463717289028356,0.614600271790003,63,58908797.730997756,"High-LQ (A), high-diversity — ""Diversified specialist"""
55039,0.0010903963029436229,281166687.4685486,1.6651445326870034,0.3810880891385054,79,281166687.4685486,"Low-LQ, low-diversity"
13313,0.44835901611002826,42176390.090705365,2.2877888153869113,0.5709005739322355,55,42176390.090705365,"High-LQ (A), high-diversity — ""Diversified specialist"""
35059,0.004124967885574602,13435799.873204917,1.7725167485368716,0.4985494297270927,35,13435799.873204917,"Low-LQ, low-diversity"
51115,0.004550865849297701,68279229.559544,2.2397241752569257,0.556404594513302,56,68279229.559544,"Low-LQ, low-diversity"
39129,2.193990631973633,24818593.124426253,2.5772435544407344,0.6460902135370842,54,24818593.124426253,"High-LQ (A), high-diversity — ""Diversified specialist"""
12083,0.015468787381998425,588743682.3894908,2.6925279010389445,0.5773695864149825,106,588743682.3894908,"Low-LQ, high-diversity"
05145,0.11054895482575468,64857105.74206823,1.7708060732006865,0.44601407447050667,53,64857105.74206823,"High-LQ (A), low-diversity — ""Dependent"""
41011,0.0628682859090056,396472287.0237617,2.7308660816049937,0.5755332231795268,115,396472287.0237617,"Low-LQ, high-diversity"
30097,0.020546290420306416,13226943.217649996,1.1088589975847551,0.3701462268085989,20,13226943.217649996,"Low-LQ, low-diversity"
53029,0.0028261715927384826,2736734780.1101584,2.369001786385494,0.5133130928522137,101,2736734780.1101584,"Low-LQ, high-diversity"
30091,0.042605069856743914,44808848.91572121,1.762931180050095,0.46311728050165646,45,44808848.91572121,"Low-LQ, low-diversity"
53057,0.01970573610795754,1477058085.247352,2.0673151616950727,0.4356890901215455,115,1477058085.247352,"Low-LQ, low-diversity"
48115,0.050966314494285694,1506747.5330982485,1.3088591173080275,0.48332158568379036,15,1506747.5330982485,"Low-LQ, low-diversity"
15007,0.1816640520153833,2264740493.4671955,1.5551506220403783,0.33769666684027294,100,2264740493.4671955,"High-LQ (A), low-diversity — ""Dependent"""
13273,0.018461500301668515,8968772.004421994,2.190818189484689,0.6574681064126817,28,8968772.004421994,"Low-LQ, low-diversity"
16059,0.05795219201114719,207082449.16834477,2.0519038290577294,0.4526991259998251,93,207082449.16834477,"Low-LQ, low-diversity"
31099,5.012104519876108,9950366.815132128,1.5154060355398495,0.6319734029799199,11,9950366.815132128,"High-LQ (A), low-diversity — ""Dependent"""
26055,0.48256677742316895,458069938.6609755,2.383880789200626,0.5071568443406841,110,458069938.6609755,"High-LQ (A), high-diversity — ""Diversified specialist"""
29183,0.6354189243441566,4025743937.3906493,3.046373878306315,0.6201074468209633,136,4025743937.3906493,"High-LQ (A), high-diversity — ""Diversified specialist"""
44005,1.0893267521800023,13962028853.630531,2.8232876865895693,0.5619734933732031,152,13962028853.630531,"High-LQ (A), high-diversity — ""Diversified specialist"""
25007,1.3149113723926236,167579634.4662317,1.6682050899916063,0.42864391523973366,49,167579634.4662317,"High-LQ (A), low-diversity — ""Dependent"""
30087,0.016420722778703312,136632744.01000068,2.99071540499414,0.659823443371024,93,136632744.01000068,"Low-LQ, high-diversity"
42121,0.03543042680524813,43227677.99945041,2.407661729661831,0.6324862622131495,45,43227677.99945041,"Low-LQ, high-diversity"
23015,2.1634113572762415,18812392.347302925,2.4031428342072854,0.6276750902842436,46,18812392.347302925,"High-LQ (A), high-diversity — ""Diversified specialist"""
06051,0.024471884535315847,390396843.4240223,2.6836220095726295,0.5743035117787829,107,390396843.4240223,"Low-LQ, high-diversity"
17165,0.006885570551502924,126076546.5031642,1.1497205000911919,0.2938941050438333,50,126076546.5031642,"Low-LQ, low-diversity"
49051,5.8658494167992865,61233865.17675159,2.27770748144213,0.5585987897784698,59,61233865.17675159,"High-LQ (A), high-diversity — ""Diversified specialist"""
41037,0.10399944786714913,269298795.04021066,2.0468637226749373,0.4560101451918424,89,269298795.04021066,"High-LQ (A), low-diversity — ""Dependent"""
18183,0.5706796602348883,3518700276.977407,0.2918806694853515,0.0749984961091476,49,3518700276.977407,"High-LQ (A), low-diversity — ""Dependent"""
41041,0.04783522646936307,257128383.6087379,3.0452850369376088,0.6417973860435535,115,257128383.6087379,"Low-LQ, high-diversity"
48001,0.008737243722674625,409525747.5963309,0.3308654035770758,0.0869174518272144,45,409525747.5963309,"Low-LQ, low-diversity"
45057,0.22188628751839934,32297508.70820351,2.7229153525661243,0.6547227459845952,64,32297508.70820351,"High-LQ (A), high-diversity — ""Diversified specialist"""
48259,0.3937086100542137,697651675.3783717,1.989433071138882,0.4682676942764406,70,697651675.3783717,"High-LQ (A), low-diversity — ""Dependent"""
48189,5.3651763142107765,57329491.64686601,1.4849086815348185,0.44097957426591267,29,57329491.64686601,"High-LQ (A), low-diversity — ""Dependent"""
17113,0.013591925245922516,141996825.9201022,2.5431179987475723,0.5755170245924909,83,141996825.9201022,"Low-LQ, high-diversity"
45083,0.13121022601189594,554541471.9482216,2.5496493827496236,0.5478451020029265,105,554541471.9482216,"High-LQ (A), high-diversity — ""Diversified specialist"""
12027,0.14023131276886674,3257776.192941213,2.42855273584934,0.7745358685439897,23,3257776.192941213,"High-LQ (A), high-diversity — ""Diversified specialist"""
72113,0.0030484042777684014,373351983.80705035,2.49115277783434,0.5945961973538266,66,373351983.80705035,"Low-LQ, high-diversity"
41033,0.008488113348618284,334332167.15806156,2.291596305894274,0.49548319490919845,102,334332167.15806156,"Low-LQ, high-diversity"
45011,0.03215650225692106,10475536.105819384,2.5366858326238186,0.6924097579478946,39,10475536.105819384,"Low-LQ, high-diversity"
16079,0.0011199630653578201,171809406.34742054,1.9735751342170187,0.49475633674616115,54,171809406.34742054,"Low-LQ, low-diversity"
55055,2.9972782546939944e-4,580407449.5207556,1.4165129827864171,0.32513372803542223,78,580407449.5207556,"Low-LQ, low-diversity"
48051,0.0511224710081389,41986927.376985714,1.9148315571999013,0.5190821714340462,40,41986927.376985714,"Low-LQ, low-diversity"
36115,0.011048325068235621,106117910.69484028,1.5898727918080602,0.4281249328814098,41,106117910.69484028,"Low-LQ, low-diversity"
01053,7.884753034971363e-5,234301327.0809391,2.502232259236527,0.5889690623801942,70,234301327.0809391,"Low-LQ, high-diversity"
28091,0.027927204638878614,18693050.70057542,1.5778957738068902,0.4787542096159129,27,18693050.70057542,"Low-LQ, low-diversity"
42061,0.0016742486034449836,79163166.10360585,1.8819348959677604,0.4577943663922692,61,79163166.10360585,"Low-LQ, low-diversity"
22075,0.003445756728670963,3700250787.0982394,1.5019634829657822,0.31596402352391484,116,3700250787.0982394,"Low-LQ, low-diversity"
13031,0.13574671633398389,52731869.20293484,1.7547217223562035,0.4359176184269601,56,52731869.20293484,"High-LQ (A), low-diversity — ""Dependent"""
06033,2.4788252017198156,151143326.72857103,2.277265903971575,0.5561979138208258,60,151143326.72857103,"High-LQ (A), high-diversity — ""Diversified specialist"""
18019,5.202179099388332e-4,681727649.4001557,3.313224688238029,0.7133819612062711,104,681727649.4001557,"Low-LQ, high-diversity"
26077,0.07525366313662321,819486532.1547129,3.0267243525532606,0.6344423475471856,118,819486532.1547129,"Low-LQ, high-diversity"
28071,0.8601596693890823,1389345145.759641,1.4846125293298864,0.3267700205418142,94,1389345145.759641,"High-LQ (A), low-diversity — ""Dependent"""
27127,1.803871956629359,11016919.798138918,1.9190050345950964,0.6208277833616166,22,11016919.798138918,"High-LQ (A), low-diversity — ""Dependent"""
49045,0.9795262615795012,4371529335.387809,2.4228857146049996,0.4985553994698364,129,4371529335.387809,"High-LQ (A), high-diversity — ""Diversified specialist"""
42007,0.014115516116887328,1197958199.3857255,1.455860378594635,0.31824095236523986,97,1197958199.3857255,"Low-LQ, low-diversity"
51149,0.029370104433807945,7397124123.852234,2.846244661356578,0.5711214542814197,146,7397124123.852234,"Low-LQ, high-diversity"
47163,0.014319837494612051,5406350306.330517,1.1548532884588432,0.25023253114292726,101,5406350306.330517,"Low-LQ, low-diversity"
47119,0.21749618988762934,259098970.88263553,1.0223742847529609,0.2539838412395327,56,259098970.88263553,"High-LQ (A), low-diversity — ""Dependent"""
56013,0.021350699835962376,560020173.3762358,2.5587481062790904,0.5382769661268507,116,560020173.3762358,"Low-LQ, high-diversity"
48467,0.047399099543434124,38346604.501392215,1.5350543671300871,0.46067231541241016,28,38346604.501392215,"Low-LQ, low-diversity"
33019,0.008156303109736958,3139936207.13908,1.4005892341881403,0.30547419162812606,98,3139936207.13908,"Low-LQ, low-diversity"
21083,0.007048086528914314,57643755.7142162,0.8983159311775207,0.2591991878122721,32,57643755.7142162,"Low-LQ, low-diversity"
51830,0.09253160699138974,476200948.4174449,1.3612747194095773,0.3298353269867428,62,476200948.4174449,"High-LQ (A), low-diversity — ""Dependent"""
18035,0.024942117403748774,181203769.08107743,0.8147611766210834,0.20065819776434687,58,181203769.08107743,"Low-LQ, low-diversity"
39149,0.037802586628353785,14808012.328523358,2.591347274101285,0.6730514105356189,47,14808012.328523358,"Low-LQ, high-diversity"
48031,4.210072748629455,70245787.92583485,2.017066349373552,0.4797179085270963,67,70245787.92583485,"High-LQ (A), low-diversity — ""Dependent"""
01031,0.029291041009901986,1007487022.1514593,1.8566554512205369,0.46331447009760673,55,1007487022.1514593,"Low-LQ, low-diversity"
56035,0.02001762199470668,82631399.39200361,1.9805610086747654,0.49202185568860335,56,82631399.39200361,"Low-LQ, low-diversity"
53017,2.0963556987321425e-4,489986586.2215429,1.983642139920914,0.4298137248382376,101,489986586.2215429,"Low-LQ, low-diversity"
27021,0.059721974850087914,176436525.33300018,2.974328273329143,0.6327711301539976,110,176436525.33300018,"Low-LQ, high-diversity"
29021,2.429943962433199,349669617.14258224,2.2903085113057244,0.49416233767329115,103,349669617.14258224,"High-LQ (A), high-diversity — ""Diversified specialist"""
17011,0.31240577950671555,142623865.266566,1.8329733626804119,0.45142201427763573,58,142623865.266566,"High-LQ (A), low-diversity — ""Dependent"""
47035,1.1334875771334267,44382024.23924,1.8174638033298998,0.5071729310053316,36,44382024.23924,"High-LQ (A), low-diversity — ""Dependent"""
18163,0.010847448448819321,4346188598.430677,0.35434326060702986,0.07745697209552532,97,4346188598.430677,"Low-LQ, low-diversity"
13049,0.0010460514305101149,809996110.5131706,0.2672284896965288,0.06333167477540502,68,809996110.5131706,"Low-LQ, low-diversity"
31047,0.005003350771904228,96025811.71253671,1.3314243285794134,0.34976159093625,45,96025811.71253671,"Low-LQ, low-diversity"
08085,0.027212756190864985,306107385.629022,2.6885965311775233,0.5765265669647264,106,306107385.629022,"Low-LQ, high-diversity"
50017,0.2139064592132608,400759728.5286585,1.7144067311837226,0.44286171819883163,48,400759728.5286585,"High-LQ (A), low-diversity — ""Dependent"""
22109,0.0024428306240049783,1532847222.4479942,1.5470224911204051,0.3344933156529927,102,1532847222.4479942,"Low-LQ, low-diversity"
06049,0.09815538501622309,144288348.66665557,2.0851397966853464,0.47449400898592764,81,144288348.66665557,"High-LQ (A), low-diversity — ""Dependent"""
42015,0.6763789692033948,40543551.28612356,2.704757527542308,0.671930736826709,56,40543551.28612356,"High-LQ (A), high-diversity — ""Diversified specialist"""
28051,0.03546965828201302,21690748.71340171,2.1050879643895004,0.5787046332251942,38,21690748.71340171,"Low-LQ, low-diversity"
45051,0.09407297434095284,329260865.4485291,2.6977519161018,0.5870906535817088,99,329260865.4485291,"High-LQ (A), high-diversity — ""Diversified specialist"""
26111,0.9693465901066755,131427342.49540694,2.0387725547947357,0.5111007040879839,54,131427342.49540694,"High-LQ (A), low-diversity — ""Dependent"""
54097,0.1907742810258279,101018285.44095203,2.0952063343872194,0.48091493320641404,78,101018285.44095203,"High-LQ (A), low-diversity — ""Dependent"""
39027,0.11766518217779375,284119051.06667864,0.43596435802019745,0.1226221316395004,35,284119051.06667864,"High-LQ (A), low-diversity — ""Dependent"""
21011,0.4487640189496968,3342755.337385428,2.2659388894453674,0.7442674297187146,21,3342755.337385428,"High-LQ (A), high-diversity — ""Diversified specialist"""
08083,0.07738577113516469,278634964.4310235,2.909903390315433,0.6099550943678976,118,278634964.4310235,"Low-LQ, high-diversity"
13073,0.13358525434941354,457715399.6840784,2.6622425079292484,0.5887587317642019,92,457715399.6840784,"High-LQ (A), high-diversity — ""Diversified specialist"""
51113,1.0524955522542447,87409822.91428234,2.769172641676377,0.6819878113013402,58,87409822.91428234,"High-LQ (A), high-diversity — ""Diversified specialist"""
51137,2.0172063273875267,41427866.3115704,2.2290449249912685,0.5890415493483739,44,41427866.3115704,"High-LQ (A), low-diversity — ""Dependent"""
50021,0.002966286581369242,315659312.1527162,1.8341827655945533,0.426151260697847,74,315659312.1527162,"Low-LQ, low-diversity"
40153,0.003881885495248598,22982284.317956183,2.1115705914818568,0.568609024829244,41,22982284.317956183,"Low-LQ, low-diversity"
37003,0.07560103139677167,19472278.38878716,1.113114441951245,0.39288055884899814,17,19472278.38878716,"Low-LQ, low-diversity"
37087,0.25977697333600236,136672592.06232223,1.0921721363234629,0.28526362832648583,46,136672592.06232223,"High-LQ (A), low-diversity — ""Dependent"""
36039,0.6687847239046001,32893509.525733903,2.3291892260482556,0.6155054189598169,44,32893509.525733903,"High-LQ (A), high-diversity — ""Diversified specialist"""
16087,4.017140132321188,5407431.3755833665,2.245449944574035,0.6601939530709299,30,5407431.3755833665,"High-LQ (A), high-diversity — ""Diversified specialist"""
38079,0.02810325036798168,413693824.4663567,2.815834474012454,0.6025973930921242,107,413693824.4663567,"Low-LQ, high-diversity"
47141,0.19859522581039205,651051809.5786833,1.977220165549911,0.45121135273452295,80,651051809.5786833,"High-LQ (A), low-diversity — ""Dependent"""
21203,0.8015925712326141,35105710.974136434,0.6832162549354338,0.2663663720875936,13,35105710.974136434,"High-LQ (A), low-diversity — ""Dependent"""
38085,0.039935656770176964,136244369.30381712,2.753330931824716,0.6265474545079698,81,136244369.30381712,"Low-LQ, high-diversity"
28109,0.033113145264748525,273421364.0502342,1.9023254421238796,0.4341200090093597,80,273421364.0502342,"Low-LQ, low-diversity"
13221,2.19104113100582,914663.6337743411,2.152928775336375,0.8393650225777058,13,914663.6337743411,"High-LQ (A), low-diversity — ""Dependent"""
21157,0.015048698185135694,16276769.949193014,1.8763917319269314,0.5464177995410605,31,16276769.949193014,"Low-LQ, low-diversity"
08029,0.027162335940105753,68852481.92317182,2.529752086933628,0.6082767984162752,64,68852481.92317182,"Low-LQ, high-diversity"
48371,0.02269019844684618,2374714.1908154753,2.1956687244635242,0.7457001962000618,19,2374714.1908154753,"Low-LQ, low-diversity"
13057,0.2026981161863706,1082975071.2109463,2.554114082187946,0.5402802097340181,113,1082975071.2109463,"High-LQ (A), high-diversity — ""Diversified specialist"""
50019,0.25636734965955593,91740155.62774561,2.047584435113514,0.494211405212222,63,91740155.62774561,"High-LQ (A), low-diversity — ""Dependent"""
45067,4.764441925596737e-4,2385285496.7367754,0.0047099681512047225,0.0015470301985117429,21,2385285496.7367754,"Low-LQ, low-diversity"
51685,0.8676488309738981,76863340.62116714,1.8359304609501612,0.46464622071181566,52,76863340.62116714,"High-LQ (A), low-diversity — ""Dependent"""
40145,0.011867865031788908,124496247.63686758,1.6477107382072025,0.41117388099378027,55,124496247.63686758,"Low-LQ, low-diversity"
29229,10.260612576440806,7633476.152851406,1.1596558731890008,0.5277821325824129,9,7633476.152851406,"High-LQ (A), low-diversity — ""Dependent"""
19011,2.2609391630974045,34416819.53992908,1.5061374680709496,0.4202956629886934,36,34416819.53992908,"High-LQ (A), low-diversity — ""Dependent"""
45075,6.179619214683841e-4,139476394.80831257,2.0416402687406756,0.47287687077577994,75,139476394.80831257,"Low-LQ, low-diversity"
39045,0.09007743261496173,121158029.05551037,1.4513725425008621,0.34641817330247876,66,121158029.05551037,"High-LQ (A), low-diversity — ""Dependent"""
21037,0.03605741139997418,77148641.39819303,2.7220846623716928,0.6385852892760657,71,77148641.39819303,"Low-LQ, high-diversity"
48367,0.6357149301457078,383776476.5336171,2.6605747406467337,0.5957522344746019,87,383776476.5336171,"High-LQ (A), high-diversity — ""Diversified specialist"""
22107,0.01218219297194552,84902945.77686416,1.0317280041999357,0.3809855532884913,15,84902945.77686416,"Low-LQ, low-diversity"
19075,0.19888587460532559,896002.9713314149,2.1749214112988917,0.7143719436422398,21,896002.9713314149,"High-LQ (A), low-diversity — ""Dependent"""
17041,0.034473380835473286,1362034.073779019,0.930109874545481,0.42331124644213164,9,1362034.073779019,"Low-LQ, low-diversity"
37071,3.6090778197561626,563464564.3148929,1.5500519059147804,0.3427961921488948,92,563464564.3148929,"High-LQ (A), low-diversity — ""Dependent"""
18113,6.005455774494746,4918007.92202145,1.775064107659121,0.5326996294011348,28,4918007.92202145,"High-LQ (A), low-diversity — ""Dependent"""
34041,0.016428974595426225,419095833.22012466,2.0277055651720244,0.47111405642392246,74,419095833.22012466,"Low-LQ, low-diversity"
05045,0.7211337310147713,100896618.0457854,2.7251813075389166,0.6331645197099354,74,100896618.0457854,"High-LQ (A), high-diversity — ""Diversified specialist"""
08037,0.49314552005149975,140879052.45751292,2.6146643662549103,0.6001466864705853,78,140879052.45751292,"High-LQ (A), high-diversity — ""Diversified specialist"""
39141,0.003702214583792483,661260757.4621918,2.6910090321859617,0.5620916289293059,120,661260757.4621918,"Low-LQ, high-diversity"
36105,0.25474837987200155,325983428.7407247,1.5023410149046308,0.3640155310542951,62,325983428.7407247,"High-LQ (A), low-diversity — ""Dependent"""
23007,0.2056899687349841,22142680.99116212,2.6602457693864516,0.7313217206617456,38,22142680.99116212,"High-LQ (A), high-diversity — ""Diversified specialist"""
05089,0.0012906468159550103,61623482.64244655,2.3134948232235932,0.5855105349092924,52,61623482.64244655,"Low-LQ, high-diversity"
08021,0.026908093369039966,9827199.406925797,2.4183521919544626,0.6857926678434833,34,9827199.406925797,"Low-LQ, high-diversity"
47161,0.0022013250472719095,59820761.51193666,2.0753478075899108,0.517887510636208,55,59820761.51193666,"Low-LQ, low-diversity"
37151,0.07741341892907298,256582859.8944113,1.8474558529787046,0.41695604599607733,84,256582859.8944113,"Low-LQ, low-diversity"
21153,0.31528806200931697,1622874.9016573385,2.0735414808036428,0.8344544777891543,12,1622874.9016573385,"High-LQ (A), low-diversity — ""Dependent"""
56009,0.020879682434381215,14497277.08272249,1.926505708336579,0.5335224325068708,37,14497277.08272249,"Low-LQ, low-diversity"
36013,0.02531379327857123,962218894.4564487,2.451428119542865,0.5461409474096371,89,962218894.4564487,"Low-LQ, high-diversity"
21047,0.0013268382710373953,10704657739.516668,2.72085056361034,0.5563714353048053,133,10704657739.516668,"Low-LQ, high-diversity"
46081,0.08972200183721415,162642431.04869542,2.0055159156360647,0.46743616695261553,73,162642431.04869542,"High-LQ (A), low-diversity — ""Dependent"""
31171,0.4769765267797061,26978344.720361,2.1722464247420086,0.5706432946392035,45,26978344.720361,"High-LQ (A), low-diversity — ""Dependent"""
39005,0.1692854174045776,22143705.999512933,1.7470105623772396,0.46166041646499983,44,22143705.999512933,"High-LQ (A), low-diversity — ""Dependent"""
20015,0.20294718306140466,414142728.6266313,1.213122676977103,0.29169434501080177,64,414142728.6266313,"High-LQ (A), low-diversity — ""Dependent"""
16039,0.020262569174658927,1853340493.5598254,2.7904800046253597,0.5751159520532597,128,1853340493.5598254,"Low-LQ, high-diversity"
46005,0.060212349229478525,161897981.5101329,3.069417212298572,0.6927429753132331,84,161897981.5101329,"Low-LQ, high-diversity"
51079,0.012677663306043642,90702773.44080742,0.97262399483871,0.2781701391289939,33,90702773.44080742,"Low-LQ, low-diversity"
37177,0.011580722797815163,20926667.59691487,1.4809675794283819,0.4165464404089798,35,20926667.59691487,"Low-LQ, low-diversity"
12121,0.002658287502416014,24635303.937202524,2.312299040036774,0.6452593330043856,36,24635303.937202524,"Low-LQ, high-diversity"
13179,0.004943471595860007,6132720539.860587,2.9567570099901284,0.6055451474107646,132,6132720539.860587,"Low-LQ, high-diversity"
13305,0.05068909954808773,101487282.66607916,2.1660657453981846,0.5064846506877974,72,101487282.66607916,"Low-LQ, low-diversity"
31079,7.230886205958513e-4,231375959.60280788,2.5118373507658913,0.5624471628230938,87,231375959.60280788,"Low-LQ, high-diversity"
47071,0.029653124159885826,37509689.561155714,2.6667474145231687,0.6235575423261507,72,37509689.561155714,"Low-LQ, high-diversity"
38093,0.0623851418696402,331207957.3615843,1.6707132981387587,0.38348059615639635,78,331207957.3615843,"Low-LQ, low-diversity"
19045,0.013035272605195863,45713946.74198594,0.9169999702056764,0.24534002837490887,42,45713946.74198594,"Low-LQ, low-diversity"
30057,0.004620168092094744,29107045.909681473,2.028924109050444,0.4860411787096047,65,29107045.909681473,"Low-LQ, low-diversity"
48043,0.02287269395333962,154079301.34078646,2.245172128292057,0.5267043721449731,71,154079301.34078646,"Low-LQ, high-diversity"
08107,2.4919567666114038,36737042.710957766,2.6207394048861614,0.6699192211420388,50,36737042.710957766,"High-LQ (A), high-diversity — ""Diversified specialist"""
05071,0.05053265380349559,48388282.30554428,1.9067340785709,0.4849487888530147,51,48388282.30554428,"Low-LQ, low-diversity"
40133,0.03541915490149944,149801042.20366755,2.551983547630481,0.5699780144701693,88,149801042.20366755,"Low-LQ, high-diversity"
13145,1.4579153821477224,20061426.178846017,2.5615303239869416,0.6853281818855348,42,20061426.178846017,"High-LQ (A), high-diversity — ""Diversified specialist"""
51131,0.05638070910181604,186928149.1935888,2.1505499426314576,0.5079111591303757,69,186928149.1935888,"Low-LQ, low-diversity"
12065,0.32588514104092237,1951941.6188220258,1.737572380156171,0.6266967640092352,16,1951941.6188220258,"High-LQ (A), low-diversity — ""Dependent"""
04007,0.009293600795244291,253887320.74683478,2.9264958958050333,0.6411640332951701,96,253887320.74683478,"Low-LQ, high-diversity"
46129,0.09107827552805471,10540290.250061953,2.976720970376499,0.7300290950915732,59,10540290.250061953,"High-LQ (A), high-diversity — ""Diversified specialist"""
18067,1.8572521977490946,20816045.887829795,1.9439996073218684,0.5106834694554605,45,20816045.887829795,"High-LQ (A), low-diversity — ""Dependent"""
55043,1.4381628155997184,10288619.681239355,2.106906542484359,0.602574570609736,33,10288619.681239355,"High-LQ (A), low-diversity — ""Dependent"""
21099,0.09978476062407314,1106082.0084527014,1.7719029474503643,0.8521051984077261,8,1106082.0084527014,"High-LQ (A), low-diversity — ""Dependent"""
46013,0.0020313626827092464,818257374.781662,2.0943808034587783,0.44386591172033707,112,818257374.781662,"Low-LQ, low-diversity"
16061,0.0029037270783177625,39120996.5705604,1.4963851119926777,0.3908397149351409,46,39120996.5705604,"Low-LQ, low-diversity"
37017,0.22722073549300123,158628686.1523151,1.683322770980513,0.4348321790156106,48,158628686.1523151,"High-LQ (A), low-diversity — ""Dependent"""
48321,0.01796479272370997,1544710643.72508,0.4319498805370182,0.1341927753782502,25,1544710643.72508,"Low-LQ, low-diversity"
20059,0.17072900059384866,5959943.157603725,2.30750055219682,0.6298517058214562,39,5959943.157603725,"High-LQ (A), high-diversity — ""Diversified specialist"""
39033,4.5617617303728787e-4,105899245.65466526,1.5243202649092267,0.40043483471559327,45,105899245.65466526,"Low-LQ, low-diversity"
42051,0.9874662752576642,543102044.6849575,2.9126495118463764,0.6297657585100603,102,543102044.6849575,"High-LQ (A), high-diversity — ""Diversified specialist"""
49009,0.0056064489987124435,52558880.7825856,2.3710513670692492,0.5767755093955098,61,52558880.7825856,"Low-LQ, high-diversity"
24023,0.23514168921651868,338418359.8465574,2.470353999845407,0.5575391879191,84,338418359.8465574,"High-LQ (A), high-diversity — ""Diversified specialist"""
47125,0.058749097546774653,1863727650.2503848,2.8100841685847513,0.5989929203991391,109,1863727650.2503848,"Low-LQ, high-diversity"
51790,2.611602000707122,12628107.767132035,2.409697399162584,0.6724388626227703,36,12628107.767132035,"High-LQ (A), high-diversity — ""Diversified specialist"""
22077,0.06700254087477936,181835546.44512066,2.355253938530546,0.5752456596501718,60,181835546.44512066,"Low-LQ, high-diversity"
37095,0.08006235421163421,43280938.44071431,2.3415798217921453,0.6081792346745676,47,43280938.44071431,"Low-LQ, high-diversity"
02282,0.008232930943903623,50307096.87776357,1.7804584259207559,0.48265562701842735,40,50307096.87776357,"Low-LQ, low-diversity"
13223,0.14388326153515787,108165747.61812752,0.8120318507113377,0.20976225425217493,48,108165747.61812752,"High-LQ (A), low-diversity — ""Dependent"""
30067,0.0011087946141185875,97857881.6084614,1.6778970446876498,0.41500761022660193,57,97857881.6084614,"Low-LQ, low-diversity"
51171,0.005672953681566074,128528498.36951923,1.9934753827689475,0.47932950814249814,64,128528498.36951923,"Low-LQ, low-diversity"
51143,0.8276111593760979,38167722.00807909,1.1945478276597021,0.3387480716509344,34,38167722.00807909,"High-LQ (A), low-diversity — ""Dependent"""
47145,6.269796237032165e-4,326134018.09232867,2.0486482253116987,0.4944681649529584,63,326134018.09232867,"Low-LQ, low-diversity"
12131,0.6087740488513822,74895925.44587354,2.964027891273609,0.688657775170178,74,74895925.44587354,"High-LQ (A), high-diversity — ""Diversified specialist"""
45039,0.9918236882041572,2327702.287076749,1.5975046755988167,0.5526986870234312,18,2327702.287076749,"High-LQ (A), low-diversity — ""Dependent"""
22121,0.0011482026084919618,3360462342.587,0.183026036541043,0.043685231316344254,66,3360462342.587,"Low-LQ, low-diversity"
08023,0.05135723370857717,1200789.0198906753,1.5522369294727547,0.7064534711124484,9,1200789.0198906753,"Low-LQ, low-diversity"
12089,0.14833125741986194,428322526.3317877,2.1857930899927793,0.5236201024653436,65,428322526.3317877,"High-LQ (A), low-diversity — ""Dependent"""
17069,0.2593465558100616,780777.2774858852,1.9708335247233357,0.7108279381340182,16,780777.2774858852,"High-LQ (A), low-diversity — ""Dependent"""
13285,0.0071794113468978535,147381770.147966,2.7837794957734565,0.6249578918363318,86,147381770.147966,"Low-LQ, high-diversity"
37057,0.007279341517814727,261556938.304941,2.6399740883538683,0.6059560538407223,78,261556938.304941,"Low-LQ, high-diversity"
28117,0.11236719078654812,1040062.3436729304,2.081686935255701,0.7887994367894936,14,1040062.3436729304,"High-LQ (A), low-diversity — ""Dependent"""
18123,0.14521704294746182,37719951.77866736,2.331773809015427,0.576736146673777,57,37719951.77866736,"High-LQ (A), high-diversity — ""Diversified specialist"""
28021,0.7505212925440087,5239592.017519089,1.4229608190472804,0.4923106569803398,18,5239592.017519089,"High-LQ (A), low-diversity — ""Dependent"""
48343,6.935473597099484,2656723.986832822,0.7715468654982678,0.47938902118403987,5,2656723.986832822,"High-LQ (A), low-diversity — ""Dependent"""
54093,0.022456226279895193,17882477.896629132,1.9362829170242992,0.51167703110571,44,17882477.896629132,"Low-LQ, low-diversity"
21089,0.6721457257908712,76896286.30985163,2.319943946672012,0.5713524215575222,58,76896286.30985163,"High-LQ (A), high-diversity — ""Diversified specialist"""
21129,0.028349081320387694,2671823.1619483577,1.3737702911203855,0.6252298036761724,9,2671823.1619483577,"Low-LQ, low-diversity"
35007,6.0807859578745145,51180635.947741345,1.333810748366631,0.35038849699730235,45,51180635.947741345,"High-LQ (A), low-diversity — ""Dependent"""
12113,0.12751886114074454,1245088510.9192464,2.854429383902296,0.6026836533570309,114,1245088510.9192464,"High-LQ (A), high-diversity — ""Diversified specialist"""
05061,0.20895810919556468,15146349.682802165,2.147531304708947,0.6253754533226118,31,15146349.682802165,"High-LQ (A), low-diversity — ""Dependent"""
13169,0.2752333599717812,12120439.509492453,2.712276862296682,0.6898263340374458,51,12120439.509492453,"High-LQ (A), high-diversity — ""Diversified specialist"""
37045,0.017231685418249387,367781122.9303243,1.803908664564784,0.43708503195373294,62,367781122.9303243,"Low-LQ, low-diversity"
05001,0.0011446843387772502,537852097.4737266,1.536763186973206,0.3517064944728745,79,537852097.4737266,"Low-LQ, low-diversity"
19101,0.9232072525070529,3678433.229001343,2.210743021717504,0.6956279344945719,24,3678433.229001343,"High-LQ (A), low-diversity — ""Dependent"""
37101,0.0013071475221812596,459146139.375644,1.276284193451789,0.2843367313195726,89,459146139.375644,"Low-LQ, low-diversity"
06025,0.04577355489287908,2976000836.6112347,2.432117250991791,0.5028898847885528,126,2976000836.6112347,"Low-LQ, high-diversity"
32033,0.03269083921942515,178622662.93538216,2.750359561320712,0.6053667422272185,94,178622662.93538216,"Low-LQ, high-diversity"
02198,0.05279395080399583,337405561.34787,2.100511348734066,0.5130274984951603,60,337405561.34787,"Low-LQ, low-diversity"
06077,0.011091641903019138,5533108189.9735,2.2396765413785618,0.4552205740516326,137,5533108189.9735,"Low-LQ, low-diversity"
16015,0.38302922762301395,106026387.25089863,2.5378339971985637,0.5896365278502951,74,106026387.25089863,"High-LQ (A), high-diversity — ""Diversified specialist"""
55013,0.017730038998212575,112489885.10947846,1.7410609872521323,0.5023640104387788,32,112489885.10947846,"Low-LQ, low-diversity"
48221,0.006187077815151753,103111550.15712458,1.0902915912208344,0.2641764210953655,62,103111550.15712458,"Low-LQ, low-diversity"
48135,0.03707940071212492,4058500.998020135,2.825296690872813,0.7558979202047321,42,4058500.998020135,"Low-LQ, high-diversity"
29049,3.0267841677920697,481161.9542744327,1.8732242038900364,0.8135309351170547,10,481161.9542744327,"High-LQ (A), low-diversity — ""Dependent"""
48229,0.018094781482163966,116027912.60322611,1.813872093855102,0.43614404576860605,64,116027912.60322611,"Low-LQ, low-diversity"
40135,6.117697318094646e-4,332475598.5652953,2.0823680188231615,0.46997384756841537,84,332475598.5652953,"Low-LQ, low-diversity"
55015,0.04583123640905022,75544313.8120236,1.4111944775944878,0.36858883647044305,46,75544313.8120236,"Low-LQ, low-diversity"
27093,0.013873645069948263,67769213.35770142,0.3626002008638437,0.09366607413103695,48,67769213.35770142,"Low-LQ, low-diversity"
51155,3.1439610228082993,125780169.35043176,2.3257051895527554,0.6040561116461572,47,125780169.35043176,"High-LQ (A), high-diversity — ""Diversified specialist"""
01041,0.13185403434535187,16098334.55744961,1.5983727012180244,0.564155433113162,17,16098334.55744961,"High-LQ (A), low-diversity — ""Dependent"""
54065,1.947138109878767,48851731.884983726,2.128585406680899,0.653321772955662,26,48851731.884983726,"High-LQ (A), low-diversity — ""Dependent"""
18099,1.5050554423857616,129734808.78734761,1.3327130488701129,0.3845397013065845,32,129734808.78734761,"High-LQ (A), low-diversity — ""Dependent"""
37035,0.0705869967686242,282308854.91101605,2.265839828895244,0.5216255354109105,77,282308854.91101605,"Low-LQ, high-diversity"
17027,0.00042546748513191545,114390388.20947726,2.4156292478234924,0.5648393352668978,72,114390388.20947726,"Low-LQ, high-diversity"
26137,0.012363010350352048,29464344.748057023,1.089561728285344,0.301740929770257,37,29464344.748057023,"Low-LQ, low-diversity"
72137,0.0050865378211329935,350307227.8901452,0.8693107851749581,0.21792786710282744,54,350307227.8901452,"Low-LQ, low-diversity"
49007,0.013970143341477642,65598455.427586816,2.3499743155284394,0.578748257129756,58,65598455.427586816,"Low-LQ, high-diversity"
42039,0.030421579724968104,137013682.2009305,2.5652016558021846,0.5789455471216601,84,137013682.2009305,"Low-LQ, high-diversity"
37001,0.031459378774081316,748940788.3098674,1.2492354339464333,0.293063394385955,71,748940788.3098674,"Low-LQ, low-diversity"
41049,0.00577056539496347,46411489.60264844,2.1710702665957506,0.5737213185978105,44,46411489.60264844,"Low-LQ, low-diversity"
41015,0.10052022673773417,104048078.38029008,2.323233155615734,0.5486950205653166,69,104048078.38029008,"High-LQ (A), high-diversity — ""Diversified specialist"""
12013,0.016117468671304085,4489341.268022018,1.2796490334220187,0.45165996274392395,17,4489341.268022018,"Low-LQ, low-diversity"
30027,0.04251829382158315,116374886.5064771,2.72026970562773,0.6075642325659507,88,116374886.5064771,"Low-LQ, high-diversity"
21147,6.29234201559324e-4,612636764.6477375,1.6408768250817227,0.3594986088372977,96,612636764.6477375,"Low-LQ, low-diversity"
46031,0.01085768939620848,17153723.423450142,2.975068111183304,0.8064964302006208,40,17153723.423450142,"Low-LQ, high-diversity"
49027,0.003370800304198776,106720130.84743978,2.216892518050715,0.5459730655725629,58,106720130.84743978,"Low-LQ, low-diversity"
21003,0.27304797793495295,2980104.9210524606,1.595409330617358,0.5891358033052735,15,2980104.9210524606,"High-LQ (A), low-diversity — ""Dependent"""
55119,8.564652241128014,17653645.943922512,0.8742961265710778,0.2596433965751651,29,17653645.943922512,"High-LQ (A), low-diversity — ""Dependent"""
53065,0.012086809008282025,270822300.15924275,2.625889654062448,0.5586428300333449,110,270822300.15924275,"Low-LQ, high-diversity"
06105,0.5855280293693615,239198794.4475889,2.1417276869310036,0.4991837625570807,73,239198794.4475889,"High-LQ (A), low-diversity — ""Dependent"""
26069,0.037543758157248155,141382119.1598933,1.4978550851511185,0.38903835387657354,47,141382119.1598933,"Low-LQ, low-diversity"
05137,0.19173015639396784,18288770.004439753,2.4043683794810398,0.6244873257360652,47,18288770.004439753,"High-LQ (A), high-diversity — ""Diversified specialist"""
55131,0.0011246503297577819,287604569.05739987,1.449608169828327,0.3254367191008149,86,287604569.05739987,"Low-LQ, low-diversity"
40087,5.639380801092842,8788507.155720487,2.196157633749836,0.666342942031692,27,8788507.155720487,"High-LQ (A), low-diversity — ""Dependent"""
35017,0.02236412959880038,168208598.9222491,2.4520021674230734,0.5372075189194847,96,168208598.9222491,"Low-LQ, high-diversity"
26157,0.006806516285927099,7706991.356375346,2.338270086282033,0.6630831050766002,34,7706991.356375346,"Low-LQ, high-diversity"
28019,6.94586173724073,47165068.90967296,1.4033367697377341,0.38578791212557595,38,47165068.90967296,"High-LQ (A), low-diversity — ""Dependent"""
51145,3.161082002443834,6902410.167430878,2.0298589030286096,0.5540670798246414,39,6902410.167430878,"High-LQ (A), low-diversity — ""Dependent"""
48329,0.0030968869724741087,249367736.53242815,2.04418960569311,0.4915237011283693,64,249367736.53242815,"Low-LQ, low-diversity"
40089,0.005131799622745335,150762119.5905173,2.421608602269213,0.5608836755512813,75,150762119.5905173,"Low-LQ, high-diversity"
46035,0.0015004408493962684,20520725.631432407,2.2485568489511207,0.5978296234675321,43,20520725.631432407,"Low-LQ, high-diversity"
19049,0.011095935291737496,415764725.0181932,1.815371317150393,0.45301232346745346,55,415764725.0181932,"Low-LQ, low-diversity"
18171,0.47755199248310803,79568.11409163073,1.1212886212892554,0.808838766669616,4,79568.11409163073,"High-LQ (A), low-diversity — ""Dependent"""
47067,0.017578923632581914,457743.74994520564,1.291320076363843,0.6636072467121589,7,457743.74994520564,"Low-LQ, low-diversity"
08019,0.0031521445995456817,87031413.52789512,1.170631454129691,0.32925931129209546,35,87031413.52789512,"Low-LQ, low-diversity"
13199,0.01988435640933263,10570037.993648648,2.25267913536974,0.6106675925279945,40,10570037.993648648,"Low-LQ, high-diversity"
48507,0.10094085205645993,28115025.48304085,0.16745967133011416,0.10404854392727059,5,28115025.48304085,"High-LQ (A), low-diversity — ""Dependent"""
19085,0.009108457249625378,61689335.91187435,1.407696502231478,0.384242613664938,39,61689335.91187435,"Low-LQ, low-diversity"
20037,0.007235814140263825,88790051.23004645,1.1687603852622694,0.3088535454953141,44,88790051.23004645,"Low-LQ, low-diversity"
55097,0.0014998271383804447,236084908.32075223,0.6619813948312618,0.16103179438330564,61,236084908.32075223,"Low-LQ, low-diversity"
29071,0.4471723673492382,55048596.86750699,3.119302445285914,0.707851412867388,82,55048596.86750699,"High-LQ (A), high-diversity — ""Diversified specialist"""
29089,3.091891525851135,6608120.676804189,1.5092519520918526,0.5326997189456645,17,6608120.676804189,"High-LQ (A), low-diversity — ""Dependent"""
51051,1.2254374528889787,30958651.859728523,2.3943278952941216,0.612043408735547,50,30958651.859728523,"High-LQ (A), high-diversity — ""Diversified specialist"""
27157,0.016269014375383525,1246292054.5690513,0.2142414946589955,0.058077662152952084,40,1246292054.5690513,"Low-LQ, low-diversity"
21239,4.727233936095607,5346612.8246222725,1.8857819305174084,0.6100795957909179,22,5346612.8246222725,"High-LQ (A), low-diversity — ""Dependent"""
17177,0.005239812147617687,33862671.180737294,2.4841528003836966,0.6042882565756502,61,33862671.180737294,"Low-LQ, high-diversity"
48265,0.018586550887032295,161896890.2971018,2.221346555032491,0.4844846916289532,98,161896890.2971018,"Low-LQ, low-diversity"
72055,0.006604667281045399,126199129.52327816,0.09442039739540799,0.045406613027040105,8,126199129.52327816,"Low-LQ, low-diversity"
16021,0.005929852375234424,63354978.94522417,2.228983480724398,0.5359572356440849,64,63354978.94522417,"Low-LQ, low-diversity"
30085,6.446133121019494e-4,409540356.16995925,1.6619681028946975,0.38036112548095485,79,409540356.16995925,"Low-LQ, low-diversity"
51069,0.21174117234754147,2062260455.8080063,2.582533738181142,0.5515722676075747,108,2062260455.8080063,"High-LQ (A), high-diversity — ""Diversified specialist"""
40001,0.3152592937255179,167816873.12624243,2.413294011029537,0.68435827652427,34,167816873.12624243,"High-LQ (A), high-diversity — ""Diversified specialist"""
78020,0.025241496800975073,84552422.33615932,2.314780213142665,0.5485901140322849,68,84552422.33615932,"Low-LQ, high-diversity"
08033,0.5591976973818684,1434866.6825223924,1.4897647492600568,0.7655876351656304,7,1434866.6825223924,"High-LQ (A), low-diversity — ""Dependent"""
16047,8.540446900651676e-4,161657415.7968377,1.1664364447269349,0.28374415836315203,61,161657415.7968377,"Low-LQ, low-diversity"
51735,0.0036254231868866884,75202028.71026918,2.4657694031063384,0.5784552146143812,71,75202028.71026918,"Low-LQ, high-diversity"
27041,0.015812128818538537,20815368.425696135,2.7481146850748424,0.6989411387428947,51,20815368.425696135,"Low-LQ, high-diversity"
19063,0.18180823908943877,81208764.49041349,0.09405039830920034,0.05843679807875242,5,81208764.49041349,"High-LQ (A), low-diversity — ""Dependent"""
30001,0.025188366766935283,91119792.59823593,2.31851155052951,0.5232695585912667,84,91119792.59823593,"Low-LQ, high-diversity"
24045,2.4318708216794376e-5,553088177.3099644,2.3996607794791314,0.5346079703984423,89,553088177.3099644,"Low-LQ, high-diversity"
29145,0.017027017895188817,122256736.3118612,2.4444040085991747,0.566163459937599,75,122256736.3118612,"Low-LQ, high-diversity"
28093,0.007160813517324202,31324113.23210145,1.7356263827767602,0.4806607141910311,37,31324113.23210145,"Low-LQ, low-diversity"
05097,0.030487470683862827,20946941.913591318,2.250857636405602,0.5846159340503918,47,20946941.913591318,"Low-LQ, high-diversity"
47015,0.4627830552081755,1376404.2206738163,1.1626829287086164,0.597500829764965,7,1376404.2206738163,"High-LQ (A), low-diversity — ""Dependent"""
48427,3.534195539175597e-5,1645218756.7405925,0.586047039017826,0.13659307285304711,73,1645218756.7405925,"Low-LQ, low-diversity"
01079,5.909394173074988,16803296.439845692,1.463981940421662,0.4972023366013548,19,16803296.439845692,"High-LQ (A), low-diversity — ""Dependent"""
20121,0.03976273803970259,7715914.970615755,2.176486254391547,0.668023868842525,26,7715914.970615755,"Low-LQ, low-diversity"
47173,0.011568992749920643,11657090.137451295,1.254400709170764,0.40581801385739585,22,11657090.137451295,"Low-LQ, low-diversity"
21023,0.8304277603785786,379957.92860204884,1.1020031936610115,0.7949272712692707,4,379957.92860204884,"High-LQ (A), low-diversity — ""Dependent"""
50005,0.005249095639856952,85100500.2032264,1.7329936270628465,0.49143971949705284,34,85100500.2032264,"Low-LQ, low-diversity"
30071,0.004438957464715457,58835532.311557725,1.8706032136112705,0.47816774364969383,50,58835532.311557725,"Low-LQ, low-diversity"
30035,0.002428914276566249,741456500.0824051,2.576146751888643,0.5429259433426874,115,741456500.0824051,"Low-LQ, high-diversity"
01107,0.011528896401797214,430343662.42755944,1.17338857492663,0.27436992794672377,72,430343662.42755944,"Low-LQ, low-diversity"
05109,0.007087196986917633,14693117.715151867,1.3353409393260038,0.4320034290940261,22,14693117.715151867,"Low-LQ, low-diversity"
32029,0.015284275128099526,143462898.01232088,1.3032888002826297,0.3665713673436106,35,143462898.01232088,"Low-LQ, low-diversity"
13027,0.03339742206994395,7630987.794910063,1.6926282630473966,0.6413760868522551,14,7630987.794910063,"Low-LQ, low-diversity"
55107,0.033888252384958586,13042413.127406713,1.7852889308097648,0.5775685574522301,22,13042413.127406713,"Low-LQ, low-diversity"
05043,0.001918826186486741,51005705.78605217,0.5691516883721528,0.15761966960787846,37,51005705.78605217,"Low-LQ, low-diversity"
17021,0.03431811530324682,4348213.274771097,0.9288194683957764,0.2885539918066916,25,4348213.274771097,"Low-LQ, low-diversity"
23027,0.05817376843138794,284971647.80292165,0.32221312884377634,0.08795078668436683,39,284971647.80292165,"Low-LQ, low-diversity"
51165,0.003077261880956482,386672220.81395763,1.8943107853014602,0.4322910249591485,80,386672220.81395763,"Low-LQ, low-diversity"
30017,0.004865955573942866,71499673.15130746,2.767492189440463,0.6315553099431184,80,71499673.15130746,"Low-LQ, high-diversity"
12017,0.025629984870641907,109489662.9804285,2.1809881632552575,0.5067275043537077,74,109489662.9804285,"Low-LQ, low-diversity"
13275,0.018243089673987238,51479414.96472665,2.806937301399419,0.6461931483573639,77,51479414.96472665,"Low-LQ, high-diversity"
08105,0.06924641436339826,73215876.2433729,2.263980056883407,0.5328898652105644,70,73215876.2433729,"Low-LQ, high-diversity"
27077,0.31317421982459986,4418592.375876924,1.357628700257539,0.501330699004386,15,4418592.375876924,"High-LQ (A), low-diversity — ""Dependent"""
26095,0.49130598065515513,8521349.007000595,2.311549747296562,0.7372202237061292,23,8521349.007000595,"High-LQ (A), high-diversity — ""Diversified specialist"""
09160,0.8777013767901967,1845141.8314716604,0.8906870359322738,0.4053691393767715,9,1845141.8314716604,"High-LQ (A), low-diversity — ""Dependent"""
17035,1.5740386038031777,681583.5955393866,0.9333663344888355,0.47965541211754287,7,681583.5955393866,"High-LQ (A), low-diversity — ""Dependent"""
42053,0.03465945106678833,45317276.43448583,2.5670842609191125,0.6244619382004191,61,45317276.43448583,"Low-LQ, high-diversity"
27119,9.014018150486694e-4,63414092.10148114,1.9610479353220105,0.5038896416348017,49,63414092.10148114,"Low-LQ, low-diversity"
53051,0.01865055482773369,42105464.86684619,2.524970846921055,0.6487891663823379,49,42105464.86684619,"Low-LQ, high-diversity"
39083,0.012509524126218337,5813837.458204199,1.5983150969948934,0.49056713892384823,26,5813837.458204199,"Low-LQ, low-diversity"
48003,0.46770149041423636,89006438.92114206,0.785711587920751,0.43851398662302576,6,89006438.92114206,"High-LQ (A), low-diversity — ""Dependent"""
20043,0.07657665221886208,36121198.948785834,1.9345559510408443,0.5357518497628201,37,36121198.948785834,"Low-LQ, low-diversity"
31139,3.3657016555951436,343057.7574976308,1.5140029974852032,0.7780436307504798,7,343057.7574976308,"High-LQ (A), low-diversity — ""Dependent"""
16029,0.0028115919005457326,19164494.048260063,1.4117116961879674,0.42365697899908944,28,19164494.048260063,"Low-LQ, low-diversity"
18153,0.024096609844384803,62853492.117586434,1.2629377987707118,0.34236353192898455,40,62853492.117586434,"Low-LQ, low-diversity"
36095,3.5413508948032297,2598117.531487246,2.0527086778785057,0.6377098060197943,25,2598117.531487246,"High-LQ (A), low-diversity — ""Dependent"""
51720,0.1906864052737368,3591136.582256488,2.707352855835133,0.7339228319905714,40,3591136.582256488,"High-LQ (A), high-diversity — ""Diversified specialist"""
29157,1.8500304409286894,194702503.11725897,1.8055520446239166,0.5758428880050963,23,194702503.11725897,"High-LQ (A), low-diversity — ""Dependent"""
38053,6.439132277668361e-4,30074856.379139688,2.6078652254919703,0.7222167018419611,37,30074856.379139688,"Low-LQ, high-diversity"
48273,0.0017717595522238597,1499860334.7988102,1.5627799471514332,0.35663405940656456,80,1499860334.7988102,"Low-LQ, low-diversity"
17105,0.5875038276729622,3373976.9295349144,2.343652397923047,0.747458689611566,23,3373976.9295349144,"High-LQ (A), high-diversity — ""Diversified specialist"""
13097,0.7336189214114254,114146272.35900505,2.5026632779914,0.5663619714129773,83,114146272.35900505,"High-LQ (A), high-diversity — ""Diversified specialist"""
05009,0.018185850560827638,92694130.9950876,2.7080566203314267,0.619770898238879,79,92694130.9950876,"Low-LQ, high-diversity"
16045,0.4399060523104038,34496434.45611443,2.6531964051193655,0.6534253524130416,58,34496434.45611443,"High-LQ (A), high-diversity — ""Diversified specialist"""
13167,0.05854039037371259,1255876.6601364336,2.1687628372888734,0.7239508204503065,20,1255876.6601364336,"Low-LQ, low-diversity"
29109,7.401760799900616e-4,36269095.254019365,1.839207740515739,0.5355895729936155,31,36269095.254019365,"Low-LQ, low-diversity"
22085,0.10235747346014429,122806561.98098963,2.085676120811954,0.5653955752026412,40,122806561.98098963,"High-LQ (A), low-diversity — ""Dependent"""
24039,0.1495905739292269,138850540.1395646,1.811610016966652,0.4759050800629183,45,138850540.1395646,"High-LQ (A), low-diversity — ""Dependent"""
16049,0.018433205667377165,283967089.2518656,2.4361239730890385,0.5267326039391583,102,283967089.2518656,"Low-LQ, high-diversity"
16031,0.4134602284266315,70152484.6821685,2.505544417134189,0.5897486696785336,70,70152484.6821685,"High-LQ (A), high-diversity — ""Diversified specialist"""
27057,0.4807596943691302,11501478.210349983,1.672585428003637,0.5583227322311293,20,11501478.210349983,"High-LQ (A), low-diversity — ""Dependent"""
01039,0.002830689195106611,162048057.64140064,1.2181068083567772,0.3181564116905266,46,162048057.64140064,"Low-LQ, low-diversity"
08047,0.5588182014180881,8883769.292922392,0.4491275654389039,0.17510192321434123,13,8883769.292922392,"High-LQ (A), low-diversity — ""Dependent"""
53049,0.025305039414923583,259652129.95520875,1.5574766831657318,0.36300930110852075,73,259652129.95520875,"Low-LQ, low-diversity"
27131,0.01948110117921895,174774356.1765232,0.6661569628847559,0.18058518072251994,40,174774356.1765232,"Low-LQ, low-diversity"
13095,0.1320786508697645,3625914510.4400835,2.7673671922335874,0.5658833591784617,133,3625914510.4400835,"High-LQ (A), high-diversity — ""Diversified specialist"""
12063,9.06290753746537e-5,116381269.32178274,2.3180794571357666,0.5638897065993845,61,116381269.32178274,"Low-LQ, high-diversity"
54095,1.6641935738593414,7707933.595093015,1.075801824880151,0.5528527745242625,7,7707933.595093015,"High-LQ (A), low-diversity — ""Dependent"""
36113,0.004531813005638199,77750496.34607497,2.351701329959555,0.5743779728893236,60,77750496.34607497,"Low-LQ, high-diversity"
42085,6.326111022679264e-5,255061175.32123375,2.4316325228891844,0.5459009729516148,86,255061175.32123375,"Low-LQ, high-diversity"
30009,1.2925972169326843,46320611.21266786,2.4368940514201642,0.5735899212740255,70,46320611.21266786,"High-LQ (A), high-diversity — ""Diversified specialist"""
39087,0.8706380771429744,74697052.84674525,2.613320621369162,0.6646583204551766,51,74697052.84674525,"High-LQ (A), high-diversity — ""Diversified specialist"""
13133,0.1721882829892721,7138252.074943647,1.8092496632374038,0.562075010554806,25,7138252.074943647,"High-LQ (A), low-diversity — ""Dependent"""
56007,0.04077389050577235,306864812.98469335,1.6702805130053553,0.38807045823786823,74,306864812.98469335,"Low-LQ, low-diversity"
54051,0.7425084506191103,2350279.7984417905,1.857763583427853,0.6700465772388684,16,2350279.7984417905,"High-LQ (A), low-diversity — ""Dependent"""
37109,2.2809980942386599e-4,37053141.594236985,2.141596027795112,0.5394051808848178,53,37053141.594236985,"Low-LQ, low-diversity"
72075,0.0031805937214536457,65604107.6214015,1.3130643516959974,0.3636372754689566,37,65604107.6214015,"Low-LQ, low-diversity"
45033,0.005244575057195209,27210994.478956137,0.6880852545031347,0.20230676943743542,30,27210994.478956137,"Low-LQ, low-diversity"
18055,0.0252356227419093,35261479.476235874,2.4504113160640704,0.5984868344187848,60,35261479.476235874,"Low-LQ, high-diversity"
28159,0.07912106454140773,281381778.83765215,0.841764511091337,0.22976671130418003,39,281381778.83765215,"Low-LQ, low-diversity"
22113,0.0013764950874321162,68223935.26662454,2.3727896073553856,0.5894614408019696,56,68223935.26662454,"Low-LQ, high-diversity"
51181,0.00487669150040594,9007172.381303294,1.563906235766351,0.4745096008536172,27,9007172.381303294,"Low-LQ, low-diversity"
01027,0.369935253424262,23468597.10201112,0.7371002660610432,0.23846332659074546,22,23468597.10201112,"High-LQ (A), low-diversity — ""Dependent"""
05093,0.0027589762337767495,98154965.64155075,1.8807185279602645,0.5170237749369845,38,98154965.64155075,"Low-LQ, low-diversity"
17129,0.13249863974534082,1433970.5645267582,0.6702449471232614,0.34443776730834524,7,1433970.5645267582,"High-LQ (A), low-diversity — ""Dependent"""
27147,6.99823779022066e-4,98163058.46261042,1.7349221776494623,0.42373624185353803,60,98163058.46261042,"Low-LQ, low-diversity"
19055,2.334361883281793,8598950.507683652,1.2606369485550677,0.4281416451401378,19,8598950.507683652,"High-LQ (A), low-diversity — ""Dependent"""
72139,0.04128878749911263,19319902.646002855,1.6299307077969423,0.48404737513172086,29,19319902.646002855,"Low-LQ, low-diversity"
17001,0.015115834016977879,158819605.05346683,2.4275507417227775,0.5658020487132296,73,158819605.05346683,"Low-LQ, high-diversity"
32007,4.938380585042388e-4,242572811.05282107,2.887391501805018,0.6243045350475548,102,242572811.05282107,"Low-LQ, high-diversity"
54055,0.018329239322874228,146651795.02654687,2.3641933412017093,0.5475853734928473,75,146651795.02654687,"Low-LQ, high-diversity"
37123,5.489925503515236e-4,387811418.08499396,1.2962050103335883,0.3385548230038525,46,387811418.08499396,"Low-LQ, low-diversity"
54067,0.014200925371748628,127010346.40681076,1.6504427902784262,0.3925240058374319,67,127010346.40681076,"Low-LQ, low-diversity"
45087,0.018946618977580074,39353989.889186986,0.8321708771520544,0.24233371518250046,31,39353989.889186986,"Low-LQ, low-diversity"
31037,0.017369117583756116,4895297.623908393,0.6516464302299481,0.2350317683264355,16,4895297.623908393,"Low-LQ, low-diversity"
29073,0.00781405015761225,7547983.26167759,1.7584841664536839,0.5335470892361134,27,7547983.26167759,"Low-LQ, low-diversity"
48399,0.11129125767313365,1979015.7446387645,1.3578309226273995,0.5464313610103795,12,1979015.7446387645,"High-LQ (A), low-diversity — ""Dependent"""
51135,0.004035245750308048,718447256.5393285,1.6738091585602686,0.37384034927810894,88,718447256.5393285,"Low-LQ, low-diversity"
51157,0.20180207667958536,43464293.80840981,2.439189039435052,0.5887303214876303,63,43464293.80840981,"High-LQ (A), high-diversity — ""Diversified specialist"""
37099,0.14585641711593317,55043987.02945109,1.469157764506106,0.38372822428690745,46,55043987.02945109,"High-LQ (A), low-diversity — ""Dependent"""
18173,0.10022314084769478,86412520.28831147,1.5883242223857479,0.4060109616384825,50,86412520.28831147,"High-LQ (A), low-diversity — ""Dependent"""
56011,0.16117979218887224,34302058.52094706,2.3719873704354404,0.594634458986729,54,34302058.52094706,"High-LQ (A), high-diversity — ""Diversified specialist"""
51105,0.001260689916769399,106263864.42352165,1.9636533607782862,0.46066170048435323,71,106263864.42352165,"Low-LQ, low-diversity"
02180,0.030478221009151867,419870105.0327717,1.9190605158274963,0.47674356510126903,56,419870105.0327717,"Low-LQ, low-diversity"
29139,0.11933432967777956,6775406.395624982,1.5333285464059447,0.5810137313801685,14,6775406.395624982,"High-LQ (A), low-diversity — ""Dependent"""
05111,0.0872110185288748,26485506.7142062,1.876188427268608,0.5571795654426194,29,26485506.7142062,"High-LQ (A), low-diversity — ""Dependent"""
17049,0.06672259194186322,4964354.446218315,1.8795876090980688,0.5375614312441943,33,4964354.446218315,"Low-LQ, low-diversity"
46033,0.00354710235602332,112360009.95677902,2.1701030334114355,0.492453208758117,82,112360009.95677902,"Low-LQ, low-diversity"
02185,0.007242372809383167,702249998.5984232,2.30454133105788,0.5953039701540606,48,702249998.5984232,"Low-LQ, high-diversity"
29031,5.202375413851497e-4,223777584.5864259,2.0762362311172695,0.4973750868996822,65,223777584.5864259,"Low-LQ, low-diversity"
02275,0.004861248617940326,43341336.16650524,2.2899835779334676,0.5824224652472086,51,43341336.16650524,"Low-LQ, high-diversity"
01025,0.08371448940905853,52984827.20834078,0.757173769135366,0.22049405663085114,31,52984827.20834078,"High-LQ (A), low-diversity — ""Dependent"""
12055,7.413416340850785e-4,131734383.83033334,3.048772172549989,0.6997879118918702,78,131734383.83033334,"Low-LQ, high-diversity"
17169,4.652621086196984,3329502.2034815876,0.8182437022631494,0.3723987573701446,9,3329502.2034815876,"High-LQ (A), low-diversity — ""Dependent"""
72089,0.08757975379137159,35642727.62782733,2.2924691886744224,0.6214540803489255,40,35642727.62782733,"High-LQ (A), high-diversity — ""Diversified specialist"""
45037,0.020924018926338415,236347874.93959916,1.7524752918911433,0.4124931751237637,70,236347874.93959916,"Low-LQ, low-diversity"
40037,2.0483808273932578,260626392.10274667,2.4050104969348234,0.5623563846242341,72,260626392.10274667,"High-LQ (A), high-diversity — ""Diversified specialist"""
29091,2.1938922176756483e-4,938252928.6300348,0.6056717478199184,0.15910833950935915,45,938252928.6300348,"Low-LQ, low-diversity"
19179,0.021843639729608837,217229452.2161618,1.5304746912785554,0.45451150375602817,29,217229452.2161618,"Low-LQ, low-diversity"
18037,0.04733933270190788,408120370.97035515,0.8072582484630487,0.1869740523273498,75,408120370.97035515,"Low-LQ, low-diversity"
51678,0.01107312854344598,71528314.88036457,0.28277549882484293,0.08897756737930508,24,71528314.88036457,"Low-LQ, low-diversity"
38003,0.0021118945452971447,44308936.471713856,2.2889641736807023,0.5711938757964584,55,44308936.471713856,"Low-LQ, high-diversity"
30019,0.0019273120488880605,31837699.130270235,1.3996456206231442,0.45280698720345147,22,31837699.130270235,"Low-LQ, low-diversity"
05117,0.03645211406314995,138418728.31497592,1.3748245550738418,0.4271132624788765,25,138418728.31497592,"Low-LQ, low-diversity"
26159,0.0379205586552031,567664316.5974929,0.41272753621671027,0.1071978476963833,47,567664316.5974929,"Low-LQ, low-diversity"
18063,1.8374723848654815,378613224.2028084,2.5842134859705626,0.5715025021486173,92,378613224.2028084,"High-LQ (A), high-diversity — ""Diversified specialist"""
05007,0.0014442753168001233,3737981670.3206615,0.9440820253877458,0.2032735930049045,104,3737981670.3206615,"Low-LQ, low-diversity"
26101,0.0679645517205675,30308177.38860384,1.428214340736727,0.3597252725578404,53,30308177.38860384,"Low-LQ, low-diversity"
21219,0.7472898128243275,4633086.424860506,1.4141050482155926,0.5513188960639345,13,4633086.424860506,"High-LQ (A), low-diversity — ""Dependent"""
37157,0.01742094419552427,1588979792.3881283,1.4712823496603393,0.35117030883282735,66,1588979792.3881283,"Low-LQ, low-diversity"
16023,0.18370898955223872,10604648.255984332,2.534255752199917,0.6619203758607052,46,10604648.255984332,"High-LQ (A), high-diversity — ""Diversified specialist"""
28067,0.0010948584907388142,122346019.47295311,1.8751481567991237,0.4492032088929794,65,122346019.47295311,"Low-LQ, low-diversity"
26045,0.07433311909479152,152196026.61498532,2.414247961518597,0.5541448964247269,78,152196026.61498532,"Low-LQ, high-diversity"
26133,0.192286825401641,58390649.6820419,1.2304961389516826,0.40416720984056875,21,58390649.6820419,"High-LQ (A), low-diversity — ""Dependent"""
48013,0.01941245233675048,19389180.964155883,1.9473693350181556,0.5569469823200965,33,19389180.964155883,"Low-LQ, low-diversity"
06099,0.01081581819143707,2264694157.389606,1.5427891530979227,0.3222541648085218,120,2264694157.389606,"Low-LQ, low-diversity"
01069,3.2278504955622096e-4,253614153.82796106,2.738043475913307,0.6146901653169791,86,253614153.82796106,"Low-LQ, high-diversity"
05021,0.001355738978309435,28388701.189229447,1.452168082524635,0.5661585786480431,13,28388701.189229447,"Low-LQ, low-diversity"
55075,0.001094436480559153,5169570185.386176,0.16753582551648227,0.03998797892244687,66,5169570185.386176,"Low-LQ, low-diversity"
17009,0.0023360362732309883,220633800.8098961,0.6442659155566637,0.21161477004532145,21,220633800.8098961,"Low-LQ, low-diversity"
39157,0.012856437717719047,276371398.1266968,2.3332391936355545,0.5529647903648451,68,276371398.1266968,"Low-LQ, high-diversity"
17135,0.00440720643585816,29844313.10260081,1.5718022952033237,0.45771932206106813,31,29844313.10260081,"Low-LQ, low-diversity"
54071,0.003949070480503828,29035274.31135048,2.0933506081169537,0.529795365006871,52,29035274.31135048,"Low-LQ, low-diversity"
26109,0.004979971211199936,15128206.125746066,2.0443643888510272,0.661383471660149,22,15128206.125746066,"Low-LQ, low-diversity"
27083,0.0017469383436657887,35990406.397003606,0.8114082387595339,0.2341229284389655,32,35990406.397003606,"Low-LQ, low-diversity"
01033,0.04133232695129413,90540269.88553463,1.9719256942637704,0.5040680209517213,50,90540269.88553463,"Low-LQ, low-diversity"
37199,0.1414883991648504,13180757.498778703,2.1275778264778156,0.6609692147925373,25,13180757.498778703,"High-LQ (A), low-diversity — ""Dependent"""
46043,0.048696412542157674,1858612.1124845345,1.8312703334503964,0.5924442517639256,22,1858612.1124845345,"Low-LQ, low-diversity"
51670,0.001690692669903316,106253350.55024412,2.2915716985083705,0.5828263795412926,51,106253350.55024412,"Low-LQ, high-diversity"
41063,0.07003816265554648,39114260.09311491,1.8774948685752961,0.47516554338221206,52,39114260.09311491,"Low-LQ, low-diversity"
08087,1.6530074352525933e-4,286254276.786168,0.7304693581567367,0.21076890410681365,32,286254276.786168,"Low-LQ, low-diversity"
21075,0.004131826201323498,62280184.50872652,1.675215972502305,0.48336515518941153,32,62280184.50872652,"Low-LQ, low-diversity"
36121,0.0022263800181972,998509983.1813512,0.20265525257989273,0.058473945581422306,32,998509983.1813512,"Low-LQ, low-diversity"
05029,0.008398737608659052,6919656.561989409,1.4477413231942662,0.43446952873794215,28,6919656.561989409,"Low-LQ, low-diversity"
27135,0.09132556376307496,122092709.61567996,1.2657817821421593,0.3721576962768257,30,122092709.61567996,"High-LQ (A), low-diversity — ""Dependent"""
21049,0.015775649513625103,222844200.72671533,2.1972696053300433,0.5043416240877452,78,222844200.72671533,"Low-LQ, low-diversity"
47063,0.11288799050349986,291069763.70524013,1.0661799150229756,0.2604030752224561,60,291069763.70524013,"High-LQ (A), low-diversity — ""Dependent"""
49041,0.0028855015758787856,71401751.60059775,2.5824528961209032,0.6019059104378062,73,71401751.60059775,"Low-LQ, high-diversity"
27015,0.001480219209908011,120473840.00240168,0.4246981666303378,0.12043526566999711,34,120473840.00240168,"Low-LQ, low-diversity"
42035,0.0016631694769528036,222925561.9308132,1.4769616519318705,0.3607321341636883,60,222925561.9308132,"Low-LQ, low-diversity"
55009,9.579302172052287e-4,2068884011.4640408,1.87406872161204,0.40025976007577624,108,2068884011.4640408,"Low-LQ, low-diversity"
37033,0.28312611223047957,11080767.407625768,1.6900844716898593,0.5551230139573679,21,11080767.407625768,"High-LQ (A), low-diversity — ""Dependent"""
53043,0.0011748274072952388,87486896.58054742,1.6421425048595086,0.417653949654345,51,87486896.58054742,"Low-LQ, low-diversity"
26107,0.0710951805922695,44348685.1534985,0.6056003534032455,0.19592107275824716,22,44348685.1534985,"Low-LQ, low-diversity"
17203,0.23855075329044023,4501434.831726775,2.6897021892989113,0.7908103786627231,30,4501434.831726775,"High-LQ (A), high-diversity — ""Diversified specialist"""
02068,0.0020511580001795924,2357871094.497159,1.679437348261484,0.3646851865260961,100,2357871094.497159,"Low-LQ, low-diversity"
48299,1.0826185248650766,6266254.538358406,1.8432369695005686,0.5473938324890132,29,6266254.538358406,"High-LQ (A), low-diversity — ""Dependent"""
39173,0.06203549181296762,410169652.91092324,1.870071719596975,0.4279881080491941,79,410169652.91092324,"Low-LQ, low-diversity"
17173,0.0059591324741662234,95320205.94067581,2.2687641270282053,0.5475960297830305,63,95320205.94067581,"Low-LQ, high-diversity"
22125,0.8264970248772913,257960741.28255534,0.517176698499307,0.16987120610154935,21,257960741.28255534,"High-LQ (A), low-diversity — ""Dependent"""
05105,0.6612771093132965,8409109.85061238,2.4626246035299304,0.7240463657908771,30,8409109.85061238,"High-LQ (A), high-diversity — ""Diversified specialist"""
18005,0.17522086514738658,765416845.600511,0.5434969710553286,0.12367806565185771,81,765416845.600511,"High-LQ (A), low-diversity — ""Dependent"""
48253,0.007105304038676733,8233462.801197468,1.5546255622862348,0.4570818414327056,30,8233462.801197468,"Low-LQ, low-diversity"
22045,2.037397717160812e-5,817772739.9782392,0.9604599035868838,0.2224580307646066,75,817772739.9782392,"Low-LQ, low-diversity"
51175,0.5835055248400707,91240919.00390536,0.9557716105898812,0.3447217407051198,16,91240919.00390536,"High-LQ (A), low-diversity — ""Dependent"""
19125,4.959917940647792e-4,102132425.12599638,2.6101274517060773,0.5890849408144033,84,102132425.12599638,"Low-LQ, high-diversity"
38049,0.02670114257251998,112058648.60755305,0.717829189505163,0.20190124204167187,35,112058648.60755305,"Low-LQ, low-diversity"
13175,0.0029200905356782008,1245930524.1256368,2.9991440655521013,0.6457561671018185,104,1245930524.1256368,"Low-LQ, high-diversity"
45049,7.206755375948979e-5,87700952.1508176,1.7402566232177774,0.44484825902175834,50,87700952.1508176,"Low-LQ, low-diversity"
47079,3.237706658473759e-4,47549296.83958545,2.3599070496548897,0.5592849248171703,68,47549296.83958545,"Low-LQ, high-diversity"
26071,0.5330409602766409,12520166.849956919,2.3773280242714794,0.6741590962342818,34,12520166.849956919,"High-LQ (A), high-diversity — ""Diversified specialist"""
20129,0.04777110899890294,2285805.3220826965,2.311101089675117,0.7714644963694767,20,2285805.3220826965,"Low-LQ, high-diversity"
13297,0.05734274745575095,153924243.6069977,1.3609138522975652,0.36892337340539494,40,153924243.6069977,"Low-LQ, low-diversity"
38089,0.0304026678072708,37853109.32256252,2.5884986992344308,0.622402372788841,64,37853109.32256252,"Low-LQ, high-diversity"
06115,0.013772634229014466,3054618347.5258718,2.65721786019056,0.547650718494072,128,3054618347.5258718,"Low-LQ, high-diversity"
12119,0.11218198679681533,735479569.9833547,2.5355805696229035,0.5494072279088257,101,735479569.9833547,"High-LQ (A), high-diversity — ""Diversified specialist"""
01127,0.009758315438503102,79304347.72541304,1.8769504497207328,0.48750090746834684,47,79304347.72541304,"Low-LQ, low-diversity"
40047,0.030697418799750496,2691573126.011949,1.3072798012002291,0.29584226208423675,83,2691573126.011949,"Low-LQ, low-diversity"
19111,0.005250287412795801,277334896.66079444,1.3890095877614015,0.32805258588872493,69,277334896.66079444,"Low-LQ, low-diversity"
47043,0.21408292137517826,37130484.001695246,1.8956843048215604,0.4923666573145364,47,37130484.001695246,"High-LQ (A), low-diversity — ""Dependent"""
48295,8.80979071363,430740.8163325151,0.44506613356299435,0.642094703758957,2,430740.8163325151,"High-LQ (A), low-diversity — ""Dependent"""
53015,0.001817149504975451,1161117029.5902143,1.6655115182509297,0.3564246791938656,107,1161117029.5902143,"Low-LQ, low-diversity"
35006,0.005901963055907924,559289885.2350444,1.561213556523652,0.3504921041600793,86,559289885.2350444,"Low-LQ, low-diversity"
47165,0.004401763974750218,282147650.3863147,2.5967727239264438,0.5715615755465017,94,282147650.3863147,"Low-LQ, high-diversity"
49055,0.08640523865003946,52571715.77385761,2.1364099616987557,0.5156506130708098,63,52571715.77385761,"High-LQ (A), low-diversity — ""Dependent"""
13291,1.1427710672218228,25073188.90844374,2.9245526376081625,0.717235016928954,59,25073188.90844374,"High-LQ (A), high-diversity — ""Diversified specialist"""
42059,0.008640327103582871,10938812.16653771,2.532169440703109,0.6864332305245611,40,10938812.16653771,"Low-LQ, high-diversity"
49001,0.019897260166920786,28337203.327489894,1.3820682612313804,0.3856734916062193,36,28337203.327489894,"Low-LQ, low-diversity"
55035,0.16986268527987297,237888672.34119338,2.1970487650687924,0.4750403632121313,102,237888672.34119338,"High-LQ (A), low-diversity — ""Dependent"""
40105,1.4424806262426296e-4,35732467.543831095,1.918603649031669,0.6037039494770334,24,35732467.543831095,"Low-LQ, low-diversity"
27115,0.001024481486668454,58981680.70116531,2.5121365365849324,0.6160915923260416,59,58981680.70116531,"Low-LQ, high-diversity"
30099,0.03577814731174601,33377129.043577556,2.0378752138971303,0.5452261494511339,42,33377129.043577556,"Low-LQ, low-diversity"
18175,1.4486864603204666,8208843.238350992,1.0546716296266467,0.39963952953625476,14,8208843.238350992,"High-LQ (A), low-diversity — ""Dependent"""
49015,0.19891366359436186,9318502.645411892,2.7814640918928775,0.7441706667402949,42,9318502.645411892,"High-LQ (A), high-diversity — ""Diversified specialist"""
40025,0.0043830894139371855,2902783.9648770755,1.2715075464467416,0.6534256204296093,7,2902783.9648770755,"Low-LQ, low-diversity"
41053,0.010678822229095643,34476375.66741623,2.6148803425396037,0.6555253949415538,54,34476375.66741623,"Low-LQ, high-diversity"
40051,0.001138319754100306,114957219.41433474,1.3592588016084466,0.3347562810456806,58,114957219.41433474,"Low-LQ, low-diversity"
47177,0.03002822895577189,45258255.073835164,1.1813269921133462,0.32715420862289196,37,45258255.073835164,"Low-LQ, low-diversity"
13237,0.47780040653383876,17958307.13397102,2.6266123484520554,0.6749058659587146,49,17958307.13397102,"High-LQ (A), high-diversity — ""Diversified specialist"""
17081,3.8352468005062863,73299159.7557428,2.133593032670164,0.5324221705678789,55,73299159.7557428,"High-LQ (A), low-diversity — ""Dependent"""
08089,0.003913295872931033,17703185.752367705,2.534940643988485,0.6325754627366802,55,17703185.752367705,"Low-LQ, high-diversity"
51075,0.6733725885311974,46719953.27592083,2.844598088541138,0.6529236177352209,78,46719953.27592083,"High-LQ (A), high-diversity — ""Diversified specialist"""
36035,0.002329288403406027,49624222.06216793,1.3527725689204164,0.3804894895026706,35,49624222.06216793,"Low-LQ, low-diversity"
46083,0.18355505982044792,82227953.2433515,2.3022440558783295,0.5669933181917787,58,82227953.2433515,"High-LQ (A), high-diversity — ""Diversified specialist"""
12045,0.15232307111789634,14099251.835135639,1.4131102521982206,0.4799251274000818,19,14099251.835135639,"High-LQ (A), low-diversity — ""Dependent"""
38071,0.0050679667723920975,247697098.1104059,1.1484150674097322,0.26133311070141046,81,247697098.1104059,"Low-LQ, low-diversity"
29023,0.001970523209492823,418837781.0570124,2.784267196499423,0.6059182975212001,99,418837781.0570124,"Low-LQ, high-diversity"
51049,7.1388521064736725,1719076.9672059475,1.2310426512395178,0.5346350304208719,10,1719076.9672059475,"High-LQ (A), low-diversity — ""Dependent"""
29027,0.024714004387908634,125798512.14485271,2.3989617185850864,0.5705438983866952,67,125798512.14485271,"Low-LQ, high-diversity"
54089,3.6892720280559975e-4,855026383.4170506,0.8829568704229562,0.2293306547600376,47,855026383.4170506,"Low-LQ, low-diversity"
18145,0.003379716601384541,36018459.52830868,2.4210634921670873,0.604158271912356,55,36018459.52830868,"Low-LQ, high-diversity"
30095,0.0033015289109438223,120810028.55978116,0.6044048305824852,0.1638451020426913,40,120810028.55978116,"Low-LQ, low-diversity"
42057,0.0010643569918319835,1128785808.5110433,1.2936526381388664,0.3159608622281584,60,1128785808.5110433,"Low-LQ, low-diversity"
27009,0.0507059897946977,12742134.794280643,2.1962285222240605,0.564319098518056,49,12742134.794280643,"Low-LQ, low-diversity"
54091,0.06334086394073618,57362680.59030677,2.165568078797403,0.587053089084357,40,57362680.59030677,"Low-LQ, low-diversity"
40063,0.044142256742939645,6425011.360050458,1.7172803921351623,0.6193779763873133,16,6425011.360050458,"Low-LQ, low-diversity"
42065,0.012570331855751198,36205783.459997326,1.4744711650515663,0.41471921723294736,35,36205783.459997326,"Low-LQ, low-diversity"
17115,0.019556657610232085,987767164.7276915,0.9133705047500278,0.20505147982472127,86,987767164.7276915,"Low-LQ, low-diversity"
51109,9.800499420101684e-4,156525648.62354255,2.395874259643029,0.6188968883021494,48,156525648.62354255,"Low-LQ, high-diversity"
16033,0.0092135361584394,9175347.35774379,2.3013886301340674,0.6326691737542719,38,9175347.35774379,"Low-LQ, high-diversity"
22049,4.248359055798928,262631.2741685648,1.8380296281808843,0.8365233336362907,9,262631.2741685648,"High-LQ (A), low-diversity — ""Dependent"""
33003,0.01415440725934863,30867093.033040453,2.9538997171257093,0.70252453259082015,67,30867093.033040453,"Low-LQ, high-diversity"
13105,0.010559461777910981,130378486.12780838,2.743621735736156,0.6192135356290046,84,130378486.12780838,"Low-LQ, high-diversity"
51169,0.1500525302789661,3129205.826374425,1.6604297849971545,0.5371746943149073,22,3129205.826374425,"High-LQ (A), low-diversity — ""Dependent"""
18121,0.14914370417142397,7591267.234568489,2.7386790054977097,0.7281396685251084,43,7591267.234568489,"High-LQ (A), high-diversity — ""Diversified specialist"""
29167,1.2175096043718805,2918656.4432070255,2.2318783842465804,0.7330799591398293,21,2918656.4432070255,"High-LQ (A), low-diversity — ""Dependent"""
37145,0.04932504571640353,131194524.01889232,1.2234963762916395,0.3849828988446323,24,131194524.01889232,"Low-LQ, low-diversity"
08065,0.004239393082168484,196371273.7922718,1.4233710388061902,0.3307038829532568,74,196371273.7922718,"Low-LQ, low-diversity"
47097,0.07568279945119033,117602664.68106651,1.7852254383101795,0.4662817050317771,46,117602664.68106651,"Low-LQ, low-diversity"
39053,0.011966764203505937,8972914.081694577,1.7455780639650087,0.5567154469930147,23,8972914.081694577,"Low-LQ, low-diversity"
39013,0.06281624864294869,73237829.63487944,2.0462870069639587,0.5710272617801657,36,73237829.63487944,"Low-LQ, low-diversity"
05011,0.03514832078732063,4353535.020929519,0.8290747939195818,0.4260601622958158,7,4353535.020929519,"Low-LQ, low-diversity"
13077,0.5252726098502126,189966314.04078293,2.6614081183646623,0.5974855442015349,86,189966314.04078293,"High-LQ (A), high-diversity — ""Diversified specialist"""
26057,0.0020629788788729406,146842230.79291278,1.360380395237296,0.39252280998628297,32,146842230.79291278,"Low-LQ, low-diversity"
19121,1.7258747559900014,2297135.590065893,2.157624599815184,0.7781985775633501,16,2297135.590065893,"High-LQ (A), low-diversity — ""Dependent"""
17101,0.07694284071199561,10048873.50226677,1.5194512523269177,0.5480261966511423,16,10048873.50226677,"Low-LQ, low-diversity"
26073,0.4697923033183807,22204282.0211549,2.797622943225231,0.7307090566880149,46,22204282.0211549,"High-LQ (A), high-diversity — ""Diversified specialist"""
17133,1.2672972185709057,105117522.61737984,1.8853253713543352,0.5392024293416959,33,105117522.61737984,"High-LQ (A), low-diversity — ""Dependent"""
02013,0.00714332635056701,293215386.0482521,2.067526771136992,0.564348841603695,39,293215386.0482521,"Low-LQ, low-diversity"
29061,2.223893129983537,5376494.000321932,0.6392570605016773,0.3074176636796753,8,5376494.000321932,"High-LQ (A), low-diversity — ""Dependent"""
45059,0.007390735018845174,11479033.979280867,2.373704630500924,0.5871072299739288,57,11479033.979280867,"Low-LQ, high-diversity"
01099,0.0011912623737800343,19316015.879420277,0.7710412934088879,0.2721437462612731,17,19316015.879420277,"Low-LQ, low-diversity"
05107,5.175958042729365e-4,159127277.3776551,1.669055462892069,0.5008862624714208,28,159127277.3776551,"Low-LQ, low-diversity"
22043,0.24427563223217313,297165446.3788371,3.4289332950414346,0.7187507800152454,118,297165446.3788371,"High-LQ (A), high-diversity — ""Diversified specialist"""
27085,0.002664175219282527,23078025.44664682,2.089029554439171,0.5554156891899265,43,23078025.44664682,"Low-LQ, low-diversity"
41045,0.002091785538436741,176438449.58349088,2.546616238418236,0.5747509667028081,84,176438449.58349088,"Low-LQ, high-diversity"
48489,0.2158342054067127,205210939.24993518,0.9298271430782148,0.282121713204052,27,205210939.24993518,"High-LQ (A), low-diversity — ""Dependent"""
47105,0.17164892537990953,635831215.5505093,1.6005638648179024,0.4050784964974359,52,635831215.5505093,"High-LQ (A), low-diversity — ""Dependent"""
13111,0.048907778702359926,10539318.571345367,2.631512195122465,0.6873227138837265,46,10539318.571345367,"Low-LQ, high-diversity"
20009,0.11073478920414785,8517634.683559224,1.8853268392038414,0.5490197624328382,31,8517634.683559224,"High-LQ (A), low-diversity — ""Dependent"""
39119,9.147311225405836e-4,54195637.4059297,2.2888621395614486,0.5711684139457619,55,54195637.4059297,"Low-LQ, high-diversity"
28003,0.006442406631772703,35749095.47608004,1.879663283943781,0.5286861515202392,35,35749095.47608004,"Low-LQ, low-diversity"
36011,9.98571875624444e-4,120626682.46472885,2.4977192613011985,0.5919456571289642,68,120626682.46472885,"Low-LQ, high-diversity"
37141,0.006970849945757239,46011035.44685283,2.1339534801383135,0.48697866490652364,80,46011035.44685283,"Low-LQ, low-diversity"
35051,0.005081145798412357,74270268.55745769,2.3602414791138417,0.5633498759308877,66,74270268.55745769,"Low-LQ, high-diversity"
31177,6.910626823469958e-4,34995539.69690226,2.1546799336086155,0.5802176165981435,41,34995539.69690226,"Low-LQ, low-diversity"
46121,0.008006339628123074,289825257.99385643,2.8937255102260804,0.6297388543938248,99,289825257.99385643,"Low-LQ, high-diversity"
35047,0.03399089745177607,231469102.692546,2.357479876297135,0.5379884863416817,80,231469102.692546,"Low-LQ, high-diversity"
53019,0.05919826333580267,64784603.517697714,2.8274743117688024,0.6655237091438768,70,64784603.517697714,"Low-LQ, high-diversity"
17087,0.014918041101705156,9391112.473172348,2.7434503430835697,0.7846258859319988,33,9391112.473172348,"Low-LQ, high-diversity"
26105,7.88554377874564e-4,817184024.4906092,0.2741879018428153,0.0716149342412294,46,817184024.4906092,"Low-LQ, low-diversity"
32021,0.055112921341568186,1435252740.0432255,1.2348236812942424,0.3003798516067004,61,1435252740.0432255,"Low-LQ, low-diversity"
29209,0.035212832853516084,6908216.006335603,1.9084123968240594,0.5790372747234003,27,6908216.006335603,"Low-LQ, low-diversity"
12059,0.9740032139677183,19697739.230053786,1.9771231547407044,0.56545656486768,33,19697739.230053786,"High-LQ (A), low-diversity — ""Dependent"""
48499,0.010418376516050838,4962372.31319903,0.5733686077389282,0.22353993308716866,13,4962372.31319903,"Low-LQ, low-diversity"
56015,0.012862495786705471,14403979.858059553,1.8498528638068246,0.46816977021882045,52,14403979.858059553,"Low-LQ, low-diversity"
27099,0.004583527779664407,84597174.28906195,0.5117906899138079,0.17083992933275188,20,84597174.28906195,"Low-LQ, low-diversity"
18071,1.9914863420659982e-4,246037249.9108684,0.4492055327760376,0.11261151399262673,54,246037249.9108684,"Low-LQ, low-diversity"
18075,0.8723263300405145,8151006.761008418,0.364202069334151,0.1871628397184532,7,8151006.761008418,"High-LQ (A), low-diversity — ""Dependent"""
48385,2.028717405749815,3608098.2766706664,0.5162369890958656,0.3723862720460276,4,3608098.2766706664,"High-LQ (A), low-diversity — ""Dependent"""
28129,1.5286082873173623,1350212.781970847,1.9895094252354149,0.7756525170556896,13,1350212.781970847,"High-LQ (A), low-diversity — ""Dependent"""
29215,0.012461004465247163,17315399.64908642,1.9142465194052614,0.5474738680680564,33,17315399.64908642,"Low-LQ, low-diversity"
18177,0.3354130033443062,79600885.76503007,3.21950538132558,0.7712522037769798,65,79600885.76503007,"High-LQ (A), high-diversity — ""Diversified specialist"""
31111,0.0042054849983576325,52944031.25119736,2.4414209695616984,0.6038560502521944,57,52944031.25119736,"Low-LQ, high-diversity"
51690,0.19161088902919907,6756570.106823364,1.6177306958793385,0.6129956624000977,14,6756570.106823364,"High-LQ (A), low-diversity — ""Dependent"""
21209,0.09774257243834707,22076527.392888688,1.8614132115798399,0.5420559544160909,31,22076527.392888688,"High-LQ (A), low-diversity — ""Dependent"""
01009,0.026884745055943276,43662795.67038012,2.055045492337646,0.5827667018139997,34,43662795.67038012,"Low-LQ, low-diversity"
55007,0.006513562524303243,90802924.64033283,2.2789724774788236,0.523094971028964,78,90802924.64033283,"Low-LQ, high-diversity"
06015,6.797668885163952e-4,107125520.45593634,2.469199231844319,0.5701573008143386,76,107125520.45593634,"Low-LQ, high-diversity"
08103,0.04332020345231484,36225926.558604926,1.9916015823826696,0.5262953961217073,44,36225926.558604926,"Low-LQ, low-diversity"
48183,0.0018034526544309652,110158035.15259911,2.296561610162296,0.5255953813170332,79,110158035.15259911,"Low-LQ, high-diversity"
48177,0.06115084926956558,2693784.701271252,1.579664097145067,0.6158656086326864,13,2693784.701271252,"Low-LQ, low-diversity"
51580,0.0931728979098001,5363222.31852509,2.6695232223040093,0.8293340183178128,25,5363222.31852509,"High-LQ (A), high-diversity — ""Diversified specialist"""
21109,0.0021009861560642704,91901288.97650622,1.8994603168567121,0.5700311343606099,28,91901288.97650622,"Low-LQ, low-diversity"
08027,7.29166311414405,9694652.132086841,1.2845146656997777,0.43625107356221016,19,9694652.132086841,"High-LQ (A), low-diversity — ""Dependent"""
51147,0.006096051696137627,73134619.04660335,2.229125700602943,0.5246859355143524,70,73134619.04660335,"Low-LQ, low-diversity"
02195,0.08890895223391704,178944547.96677092,2.2425513264136234,0.5243690444858888,72,178944547.96677092,"High-LQ (A), high-diversity — ""Diversified specialist"""
21033,0.005064456692693468,48164304.70996122,0.5938654734289532,0.23898904752805053,12,48164304.70996122,"Low-LQ, low-diversity"
17141,8.01624888193848e-4,115228963.50945848,1.147167232246797,0.29962775654537965,46,115228963.50945848,"Low-LQ, low-diversity"
13225,3.506377035455164e-4,1143604947.3726203,1.3934276484211243,0.33258770333594606,66,1143604947.3726203,"Low-LQ, low-diversity"
02230,0.004741268708206827,26083955.168116685,2.4203380221322504,0.6219038487741222,49,26083955.168116685,"Low-LQ, high-diversity"
55003,0.0020898749860050396,43811866.621363774,2.757685780337508,0.6582131345275692,66,43811866.621363774,"Low-LQ, high-diversity"
31041,0.001209889776011665,3033983.6948041907,0.8559920506416119,0.308733871625257,16,3033983.6948041907,"Low-LQ, low-diversity"
51083,0.03231228160475703,15562745.597293047,1.2758999308147565,0.39160900112234304,26,15562745.597293047,"Low-LQ, low-diversity"
48093,0.0047016331274085475,30176180.266500626,1.9017687449655676,0.5538077551604323,31,30176180.266500626,"Low-LQ, low-diversity"
37195,9.993161400143394e-5,506576171.6002492,2.2243815100192914,0.527166121130819,68,506576171.6002492,"Low-LQ, low-diversity"
47013,0.0018136825979748418,301618596.9027165,1.3057167294290017,0.36725426226820906,35,301618596.9027165,"Low-LQ, low-diversity"
17061,0.06607730281511874,4495612.515759595,1.4521200261740317,0.536223451686014,15,4495612.515759595,"Low-LQ, low-diversity"
18047,0.00495149637871166,309805103.47755355,0.796024654321708,0.19522191157593047,59,309805103.47755355,"Low-LQ, low-diversity"
13137,0.010676436769625692,31926601.616831932,1.5089466360432797,0.4148208646573421,38,31926601.616831932,"Low-LQ, low-diversity"
27069,0.8494986135456456,24891758.151901606,1.6954646585832112,0.5267257113444671,25,24891758.151901606,"High-LQ (A), low-diversity — ""Dependent"""
48409,2.606039145153091e-4,117728817.037854,2.075879903404977,0.5180202911639233,55,117728817.037854,"Low-LQ, low-diversity"
49025,0.03835929122174203,65831616.652437605,1.8331512527132552,0.47353553782094526,48,65831616.652437605,"Low-LQ, low-diversity"
22003,0.0026275490819152834,198742326.16118625,1.2549268454112719,0.3065025003001195,60,198742326.16118625,"Low-LQ, low-diversity"
22009,0.004212031075133877,145680741.78012186,1.881956143376733,0.44758471396877697,67,145680741.78012186,"Low-LQ, low-diversity"
21045,0.02715975994256208,3060902.0354663753,0.7248485311115676,0.3485784604101027,8,3060902.0354663753,"Low-LQ, low-diversity"
48463,0.02003355132046976,21730506.831170674,2.581722433345975,0.6162136482151425,66,21730506.831170674,"Low-LQ, high-diversity"
12107,0.056667726888579496,69875776.34509788,3.0790447580821865,0.7431679058054391,63,69875776.34509788,"Low-LQ, high-diversity"
40041,0.056409079812034545,186940425.6720367,1.2144000310588408,0.31718824128382944,46,186940425.6720367,"Low-LQ, low-diversity"
20047,10.086608682413202,531624.8927376341,0.20478970351778195,0.14772454484511258,4,531624.8927376341,"High-LQ (A), low-diversity — ""Dependent"""
08121,0.13799668934688383,4725420.093645208,2.4170233137367036,0.6974055096881903,32,4725420.093645208,"High-LQ (A), high-diversity — ""Diversified specialist"""
47171,0.013476127810609547,1195191400.8096101,0.6051535521992133,0.15805960640611197,46,1195191400.8096101,"Low-LQ, low-diversity"
05083,0.015226375592286222,63277529.911824636,2.5499223240621105,0.6043174944162558,68,63277529.911824636,"Low-LQ, high-diversity"
39139,0.00126831416489271,278092051.8344853,2.3983177179754773,0.5343087566967688,89,278092051.8344853,"Low-LQ, high-diversity"
40107,0.06749562118216212,5452327.97725239,0.7880497643949538,0.35865690404316203,9,5452327.97725239,"Low-LQ, low-diversity"
39021,0.004370776239679669,440682079.87081903,1.3181411311576772,0.35266389643156076,42,440682079.87081903,"Low-LQ, low-diversity"
28103,0.13860015968391404,11349109.734140186,2.454372541982644,0.6211645539455133,52,11349109.734140186,"High-LQ (A), high-diversity — ""Diversified specialist"""
08015,0.46892540871079996,46603387.747579366,2.261553474373063,0.5593679932691891,57,46603387.747579366,"High-LQ (A), high-diversity — ""Diversified specialist"""
45023,3.1214671111239003,857409.9132715915,2.083291976339779,0.7894076240638155,14,857409.9132715915,"High-LQ (A), low-diversity — ""Dependent"""
16025,0.053492873478890035,5683895.207172889,2.4257571978738697,0.6822840284328355,35,5683895.207172889,"Low-LQ, high-diversity"
51035,5.456588635822504,12736783.718291713,1.609200618387874,0.5465219791525219,19,12736783.718291713,"High-LQ (A), low-diversity — ""Dependent"""
39127,0.01678799966248256,9960625.186591316,1.4854533030777641,0.579135529033555,13,9960625.186591316,"Low-LQ, low-diversity"
48035,0.0015970676916710182,127632762.9367507,2.187149167181212,0.5970007818735127,39,127632762.9367507,"Low-LQ, low-diversity"
27089,0.0042447114872641275,8905565.373841122,2.3675999609370577,0.6183916736386365,46,8905565.373841122,"Low-LQ, high-diversity"
17033,0.05048655124506192,1147466.7523833131,1.6061781437130027,0.6463736349411893,12,1147466.7523833131,"Low-LQ, low-diversity"
01091,0.0031925776446551815,51077015.827499285,2.159662988227514,0.5609299205226032,47,51077015.827499285,"Low-LQ, low-diversity"
31157,4.8626278071527357e-4,172728908.80204672,1.6599818371309567,0.39479267270942603,67,172728908.80204672,"Low-LQ, low-diversity"
29186,3.9932394771152655,45494667.170161605,1.6396196457960415,0.5093764826616687,25,45494667.170161605,"High-LQ (A), low-diversity — ""Dependent"""
19053,2.3614629643490037,410048.1749730692,0.9328414078904487,0.520628702630686,6,410048.1749730692,"High-LQ (A), low-diversity — ""Dependent"""
38077,0.0297786575690939,31345765.971664496,1.7354285804265959,0.5053683887231568,31,31345765.971664496,"Low-LQ, low-diversity"
72069,0.009307085741186171,109249815.13895005,2.1835513598237712,0.5473953604062346,54,109249815.13895005,"Low-LQ, low-diversity"
24029,0.04215141174693482,13373600.959610216,2.7786623674744284,0.7139749923251579,49,13373600.959610216,"Low-LQ, high-diversity"
02070,0.009895079216594806,39835867.75321412,2.1524921814136038,0.5835084090408775,40,39835867.75321412,"Low-LQ, low-diversity"
28131,0.009139627426382304,41431177.45942315,1.9712817554307822,0.4814645483478605,60,41431177.45942315,"Low-LQ, low-diversity"
12125,0.02082284326497055,2468010.7940623397,0.8308603201001123,0.37814082760142637,9,2468010.7940623397,"Low-LQ, low-diversity"
13157,0.2108121070171729,13304339.425422274,2.1162516988219564,0.5817736284165811,38,13304339.425422274,"High-LQ (A), low-diversity — ""Dependent"""
55121,0.004803142686013778,48387126.27320513,1.7225934277805444,0.4260627218568915,57,48387126.27320513,"Low-LQ, low-diversity"
48381,0.01319580834074224,174504023.8570988,0.9949398362377787,0.2341864070813568,70,174504023.8570988,"Low-LQ, low-diversity"
26035,0.09129385438712456,8267177.819594277,1.7305899780364693,0.5139405818239084,29,8267177.819594277,"High-LQ (A), low-diversity — ""Dependent"""
72049,0.0048040415908246845,54856687.49733803,0.7075582571342818,0.261279594021668,15,54856687.49733803,"Low-LQ, low-diversity"
38029,0.10883639367727543,3537898.0546511738,1.8712922010404556,0.6910108979068469,15,3537898.0546511738,"High-LQ (A), low-diversity — ""Dependent"""
55123,0.019064057186190853,41572837.18734515,2.4220955472694334,0.5990761399784829,57,41572837.18734515,"Low-LQ, high-diversity"
48219,2.85965604719481,968009.4716676881,1.1398481152488433,0.5857660569796651,7,968009.4716676881,"High-LQ (A), low-diversity — ""Dependent"""
26047,0.008434090264805046,16887382.435049515,1.4919270454581792,0.41633016905470777,36,16887382.435049515,"Low-LQ, low-diversity"
